Account,eBay ID,SKU ID,Parent SKU,Product Title,Candidate Product Types,LY Sales,TY Sales,Suggested Classification,Final Decision,Final Product Type,Review Note
Sunsone,317754733734,LS2CA600BF+LDMC35E1446PK,,,"Chandelier Light | Crystal Lightng | Kronleuchter | Lamp shades, holders & accessories",0.00,599.78,LIKELY LAMP SHADE,,,
Ledsone,164525233292,LSCY210BG+RPR44WH,Vintage Retro Pendant Lampshade,Vintage Retro Pendant Lampshade,"Ceiling Pendant Lights | Easy Fit | Easy_Fit_Lamp_Shades | HOME | LAMPSHADE | LIGHT_FIXTURE | Lamp Shade | Lamp Shades | Lamp shade | Lamp shades, holders & accessories | Lampenschirm | Lampenschirme | Lampshade | Lampshade 1 | Lampshades & Lightshades | Light Shades | PRODUCT",1210.05,525.20,LIKELY LAMP SHADE,,,
Sunsone,317778069689,LSCA2L300SG,,,"Ceiling Lights | Chandelier Light | LIGHT_FIXTURE | Lamp shades, holders & accessories",0.00,399.98,LIKELY LAMP SHADE,,,
Ledsone,166971786198,LSSS300BM+RPR44WH,Barn slotted colour lampshade,Barn slotted colour lampshade,"Easy_Fit_Lamp_Shades | LAMPSHADE | LIGHT_FIXTURE | Lamp Shade | Lamp shade | Lamp shades, holders & accessories | Lampenschirm | Lampenschirme | Lampshade | Light Shades",0.00,316.68,LIKELY LAMP SHADE,,,
Sunsone,318680643474,LSCA2L300SG,,,"Ceiling Lights | Chandelier Light | Kronleuchter | LIGHT_FIXTURE | Lamp shades, holders & accessories",0.00,304.18,LIKELY LAMP SHADE,,,
Electricalsone,267423256407,LSCA400BF,Crystal Chandelier,Crystal Chandelier,"Chandelier Light | Crystal Lightng | Kronleuchter | LIGHT_FIXTURE | Lamp shades, holders & accessories",0.00,299.36,LIKELY LAMP SHADE,,,
Sunsone,317496848100,LSCA280SG,,,"Ceiling Lights | Ceiling Pendant Lights | Chandelier Light | Crystal Lighting | Crystal Lightng | Kronleuchter | LIGHT_FIXTURE | Lamp shades, holders & accessories",0.00,295.89,LIKELY LAMP SHADE,,,
Ledsone,165849956709,LSCA1000BF,1m crystal panendant light,1m crystal panendant light,"Chandelier Light | Crystal Lightng | Kronleuchter | LIGHT_FIXTURE | Lamp shades, holders & accessories",0.00,289.00,LIKELY LAMP SHADE,,,
Ledsone,163502414049,LSFT220BB+RPR44WH,Modern Light,Modern Light,"Easy_Fit_Lamp_Shades | HOME | LAMPSHADE | LIGHT_FIXTURE | Lamp Shade | Lamp shade | Lamp shades, holders & accessories | Lampenschirme | Lampshade | Lampshades & Lightshades | Light Shades",29.37,275.40,LIKELY LAMP SHADE,,,
Electricalsone,267214427494,WCDSBM,Lampshade Pendant,Lampshade Pendant,"LAMPSHADE | Lamp shades, holders & accessories | Lampenschirme | Lampshade",0.00,273.17,LIKELY LAMP SHADE,,,
Ledsone,165172808624,CRSF100BM+PHSH1PBRYB+LSCY290BI,Curvy Black Pendant Lampshade,Curvy Black Pendant Lampshade,LIGHT_FIXTURE | Pendant Lighting,227.25,260.73,LIKELY LAMP SHADE,,,
Ledsone,168297366523,ENC9262,7W-7ZDM-OWNF,7W-7ZDM-OWNF,LIGHT_FIXTURE | Lampshades & Lightshades,0.00,228.76,LIKELY LAMP SHADE,,,
ledsone uk de,165231491186,CRSF100BM+PHHT1PBRBM+LSMS320BI,,,"Ceiling Lights & Chandeliers | Easy Fit | Easy_Fit_Lamp_Shades | HOME | LAMPSHADE | LIGHT_FIXTURE | Lamp Shade | Lamp shade | Lamp shades, holders & accessories | Lampenschirm | Lampenschirme | Lampshade | Light Shades | Pendant Light | Pendant Lighting | Pendant_Lamp_Lights | Pendelleuchten",34.48,217.12,LIKELY LAMP SHADE,,,
ledsone de,407203611250,CRFF108BM+WSST70BM+LSSS300BB+LDMST64E274-IDE,sku not assigneds,sku not assigneds,"Deckenleuchte | LAMPSHADE | Lamp shades, holders & accessories",0.00,209.76,LIKELY LAMP SHADE,,,
Ledsone,163693940389,CBSF100,ceiling rose strap bracket,ceiling rose strap bracket,"Ceiling Bracket Plate Accessory | Ceiling Rose Brackets | Ceiling_Brackets | Ceiling_Rose_Brackets | Deckenrosetten Halterungen | LIGHT_FIXTURE | Lamp shades, holders & accessories | MOUNT_BRACKET | PICTURE_HANGER | PRODUCT | Side Fitting / Front Fitting | TOOLS",253.75,201.88,LIKELY LAMP SHADE,,,
Ledsone,167734616067,LSCY290BG+RPR44WH,sku not assigneds,sku not assigneds,"Easy_Fit_Lamp_Shades | LAMPSHADE | LIGHT_FIXTURE | Lamp Shade | Lamp Shades | Lamp shade | Lamp shades, holders & accessories | Lampenschirm | Lampenschirme | Lampshade | Lampshades & Lightshades | Light Shades | PRODUCT",17.46,192.80,LIKELY LAMP SHADE,,,
Ledsone,165074694177,LSGL12010AR2PK+RPM40WH2PK,Glass lamp shade,Glass lamp shade,"LAMPSHADE | Lamp shades, holders & accessories | Lampenschirme | Lampshade | Lampshades & Lightshades | Light Shades",0.00,184.35,LIKELY LAMP SHADE,,,
Electricalsone,267405063500,LSCY290BG+RPR44WH,Pendant Shade Metal Lampshade Black Gold inner,Pendant Shade Metal Lampshade Black Gold inner,"Easy_Fit_Lamp_Shades | LAMPSHADE | LIGHT_FIXTURE | Lamp Shade | Lamp Shades | Lamp shade | Lamp shades, holders & accessories | Lampenschirm | Lampenschirme | Lampshade | Lampshades & Lightshades | Light Shades | PRODUCT",0.00,173.66,LIKELY LAMP SHADE,,,
Ledsone,163834239332,CRFF100FG+LHNSE27FG+SCRN70FG+LSFT220FG,Flat Shade ceiling light,Flat Shade ceiling light,Ceiling Flush Lights | Ceiling Flush Mount Light | Ceiling Light | Ceiling Lights | Ceiling Lights & Chandeliers | Ceiling lights | Ceiling_Lamp_Lighting | Ceiling_Lamp_Lights | Deckenleuchte | Deckenleuchten | LIGHT_FIXTURE,123.20,172.81,LIKELY LAMP SHADE,,,
Electricalsone,265735364440,LSCY290AA+RPR44WH,Pendant Light Shade Metal Modern Lampshade,Pendant Light Shade Metal Modern Lampshade,"Ceiling Pendant Lights | Easy_Fit_Lamp_Shades | LAMP | LAMPSHADE | LIGHT_FIXTURE | Lamp Shade | Lamp Shades | Lamp shade | Lamp shades, holders & accessories | Lampenschirm | Lampenschirme | Lampshade | Lampshade 1 | Light Shades | PRODUCT",0.00,172.48,LIKELY LAMP SHADE,,,
Ledsone,163603334030,LSHQ150BL+RPR44WH,Type 2 Lampshade colours,Type 2 Lampshade colours,"Easy_Fit_Lamp_Shades | LAMPSHADE | Lamp Shade | Lamp shades, holders & accessories | Lampshades & Lightshades | Light Shades",0.00,169.83,LIKELY LAMP SHADE,,,
Huttenlampen,397522564769,CRSF100BM+PHSH1PBRCO+LSSS300RR,All Colour Lampshade,All Colour Lampshade,Ceiling Lights & Chandeliers | Ceiling_Lamp_Lights | LIGHT_FIXTURE | Lamps | Lighting Fixtures | Pendant Lighting | Pendant_Lamp_Lights | Pendelleuchte | hängelampe grün | pendant light | pendant lights | pendant lightss,0.00,168.37,LIKELY LAMP SHADE,,,
Ledsone,165561143431,LSCY290BC+RPR44WH,Curvy Red Blue Lampshade,Curvy Red Blue Lampshade,"Easy_Fit_Lamp_Shades | LAMP | LAMPSHADE | LIGHT_FIXTURE | Lamp Shade | Lamp Shades | Lamp shade | Lamp shades, holders & accessories | Lampenschirm | Lampenschirme | Lampshade | Lampshade 1 | Lampshades & Lightshades | Light Shades",40.67,167.88,LIKELY LAMP SHADE,,,
Electricalsone,267396708861,LSCY210BG+RPR44WH,Vintage Retro Pendant Lampshade,Vintage Retro Pendant Lampshade,"Ceiling Pendant Lights | Easy Fit | Easy_Fit_Lamp_Shades | HOME | LAMPSHADE | LIGHT_FIXTURE | Lamp Shade | Lamp Shades | Lamp shade | Lamp shades, holders & accessories | Lampenschirm | Lampenschirme | Lampshade | Lampshade 1 | Lampshades & Lightshades | Light Shades | PRODUCT",0.00,166.57,LIKELY LAMP SHADE,,,
Electricalsone,266929449611,LSGL3L150AR+RPM40WH,,,Glass Lampshade | LAMPSHADE | Lamp Shade | Lampenschirme | Lampshade | Light Shades,9.89,165.07,LIKELY LAMP SHADE,,,
ledsone de,405328319891,PHCD1PBRBM+LSMS320BI,Kuppel Metallschirm,Kuppel Metallschirm,LIGHT_FIXTURE,0.00,162.61,LIKELY LAMP SHADE,,,
Sunsone,315623198626,LSCY210BG+RPR44WH,,,"Easy_Fit_Lamp_Shades | LAMPSHADE | LIGHT_FIXTURE | Lamp Shade | Lamp Shades | Lamp shade | Lamp shades, holders & accessories | Lampenschirme | Lampshade | Lampshades & Lightshades | Light Shades | PRODUCT",15.89,154.46,LIKELY LAMP SHADE,,,
Electricalsone,267694158246,CRSF100CH+PHCHPCRCH+LSMS320BT,Vintage Ceiling Pendant Light E27 Metal Shade,Vintage Ceiling Pendant Light E27 Metal Shade,Ceiling Lights & Chandeliers | Ceiling Pendant Lights | LIGHT_FIXTURE | Pendant Lighting | Pendant_Lamp_Lights,0.00,153.87,LIKELY LAMP SHADE,,,
Ledsone,164624648612,ENC2034,41cm Black lampshade,41cm Black lampshade,LIGHT_FIXTURE | Pendant Lighting,556.78,150.35,LIKELY LAMP SHADE,,,
Sunsone,313731620457,LSFT220BC+RPR44WH,Vintage Metro Metal Retro Bedroom Kitchen Pendant,Vintage Metro Metal Retro Bedroom Kitchen Pendant,"Ceiling Pendant Lights | Easy_Fit_Lamp_Shades | LAMPSHADE | LIGHT_FIXTURE | Lamp Shade | Lamp shade | Lamp shades, holders & accessories | Lampenschirme | Lampshade | Lampshades & Lightshades | Light Shades",19.46,147.53,LIKELY LAMP SHADE,,,
Ledsone,165627267853,LSCY290BB+RPR44WH,Curvy Lampshade,Curvy Lampshade,"Easy_Fit_Lamp_Shades | LAMP | LAMPSHADE | LIGHT_FIXTURE | Lamp Shade | Lamp Shades | Lamp shade | Lamp shades, holders & accessories | Lampenschirme | Lampshade | Lampshade 1 | Light Shades | PRODUCT",0.00,135.55,LIKELY LAMP SHADE,,,
Electricalsone,267668468006,LSGL9015CL2PK+RPM40WH2PK,,2 Pack Vintage Clear Glass Cylinder Lamp Shades E27 Pendant Ceiling Light 9x15cm,LAMPSHADE | Lampshade | Light Shades,0.00,134.38,LIKELY LAMP SHADE,,,
Electricalsone,267367123779,LSCY290AA,Curvy shade only,Curvy shade only,"Ceiling Pendant Lights | Easy_Fit_Lamp_Shades | LAMP | LAMPSHADE | LIGHT_FIXTURE | Lamp Shade | Lamp Shades | Lamp shade | Lamp shades, holders & accessories | Lampenschirm | Lampenschirme | Lampshade | Lampshade 1 | Lampshades & Lightshades | Light Shades",0.00,133.04,LIKELY LAMP SHADE,,,
Ledsone,162943564512,CNP1000BM2PK,2m Light Chain,2m Light Chain,"AGRICULTURAL_SUPPLIES | Hanging Chains | LIGHT_FIXTURE | LOCK | Lamp shades, holders & accessories",12.89,131.88,LIKELY LAMP SHADE,,,
Ledsone,166408159134,WCFWROBM+RPR44WH,,,"Cages | Easy_Fit_Lamp_Shades | LAMPSHADE | Lamp shades, holders & accessories | Lampenschirm | Lampshade",328.40,130.48,LIKELY LAMP SHADE,,,
Huttenlampen,394440543894,CRSF100BM+LHNSE27BM+SCRN70BA+LSTF40BM,Vintage Leuchte Hängelampe,Vintage Leuchte Hängelampe,"Ceiling Fan Lights | Ceiling Flush Lights | Ceiling Flush Mount Light | Ceiling lights | Ceiling_Lamp_Lights | Deckenleuchte | Easy_Fit_Lamp_Shades | LAMPSHADE | LIGHT_FIXTURE | Lamp Shade | Lamp shades, holders & accessories | Lampshade",130.58,129.04,LIKELY LAMP SHADE,,,
Ledsone,163866685573,NT35PK,M10 Threaded Rods,M10 Threaded Rods,"Beleuchtungszubehör | Hardware & fixings | Lamp shades, holders & accessories | NUTS | Pipe Fittings & Accessories | Pipe_Lighting_Accessories | SCREWS | THREADED_RODS_AND_STUDS | WASHERS",5.09,127.98,LIKELY LAMP SHADE,,,
Electricalsone,266193441802,CRFF100BM+LHHTE27BM+WCDCBM,Metal Lamp Shade Industrial Retro Suspended,Metal Lamp Shade Industrial Retro Suspended,3 Pendant Light | Ceiling Pendant Lights | Ceiling_Lamp_Lights | LIGHT_FIXTURE | PRODUCT | Pendant Lamp | Pendant_Lamp_Lights | Wall Lighting | Wall Lights | Wall lights | Wire Cage | wire cage pendant light,0.00,126.42,LIKELY LAMP SHADE,,,
Electricalsone,267598758673,LSWD360BC+RPR44WH,Barn Lampshade,Barn Lampshade,"Easy_Fit_Lamp_Shades | LAMPSHADE | Lamp Shade | Lamp shades, holders & accessories | Light Shades",0.00,124.95,LIKELY LAMP SHADE,,,
Electricalsone,267762354862,LSMCP1PBWB,Moroccan Mosaic Pendant Light,Moroccan Mosaic Pendant Light,"Ceiling Pendant Lights | Ceiling_Lamp_Lighting | LIGHT_FIXTURE | Lamp shades, holders & accessories | Vintage_Lamp_Lights",0.00,123.56,LIKELY LAMP SHADE,,,
Sunsone,317902529308,CRSF100BM+PHHT1PBRBM+LSHM300HE+ICST64E27-IDE,Hemp rope big lampshade,Hemp rope big lampshade,LIGHT_FIXTURE | Pendelleuchten,0.00,121.77,LIKELY LAMP SHADE,,,
Ledsone,163599696012,CRSFDUMMYSKU,Type 1 Lampshade 1,Type 1 Lampshade 1,"Easy_Fit_Lamp_Shades | LAMPSHADE | LED_Lights | Lamp Shade | Lamp shades, holders & accessories | Lamp_Holder | Lampshade | Lampshades & Lightshades | Light Shades | Wall Light | cage light | home-applications | mail bag",0.00,117.89,LIKELY LAMP SHADE,,,
Ledsone,166486351453,WCCYSQBM,K9 Crystal Ceiling Light,K9 Crystal Ceiling Light,"Ceiling Lights | Ceiling Lights & Chandeliers | Ceiling Pendant Lights | Ceiling_Lamp_Lighting | LIGHT_FIXTURE | Lamp shades, holders & accessories | PRODUCT",0.00,109.07,LIKELY LAMP SHADE,,,
Ledsone,166905025450,CRSF100HBM+PSDS2RBM+WSCH135BM+LSHQ150BM,13cm shade wall sconce,13cm shade wall sconce,Wall Lighting | Wall Lights | Wall lights,94.06,107.22,LIKELY LAMP SHADE,,,
Electricalsone,267587288869,LSCY210BG+RPR44WH,,Vintage Industrial Lampshade Ceiling Light Shade Pendant Metal Lamp Shades,"Easy_Fit_Lamp_Shades | LAMPSHADE | Lamp Shade | Lamp shades, holders & accessories | Light Shades",0.00,105.56,LIKELY LAMP SHADE,,,
Electricalsone,265835389958,ENC685,Ceiling Pendant Light Shade,Ceiling Pendant Light Shade,Ceiling Pendant Lights | LIGHT_FIXTURE | Pendant Lighting | Pipe_Lamp_Lighting | pipe-lighting,0.00,98.22,LIKELY LAMP SHADE,,,
Ledsone,167833569765,WCCYSP160BM,K9 Crystal Glass Lampshade,K9 Crystal Glass Lampshade,"Ceiling Pendant Lights | LIGHT_FIXTURE | Lamp Shade | Lamp cage | Lamp shade | Lamp shades, holders & accessories | Lampenschirme",0.00,97.55,LIKELY LAMP SHADE,,,
ledsone uk de,164696059362,CRSFDUMMYSKU,Net Handles,Net Handles,Andere | Cabinet Handles | Cabinet handles & hinges | HARDWARE_HANDLE | Handles | LED_Lights | Lamp_Holder | Lampshades & Lightshades | Pull Handle | Wall Light | cage light | home-applications | mail bag,47.03,97.28,LIKELY LAMP SHADE,,,
Ledsone,166898522941,CRFF500BM+WCCY1ROBM3PK,Crystal Pendent Light,Crystal Pendent Light,"Ceiling Pendant Lights | LIGHT_FIXTURE | Lamp shades, holders & accessories | Pendant Light | Pendant Lighting | Pendant_Lamp_Lights | Pendelleuchte | Vintage_Lamp_Lights | pendant lightss",0.00,97.25,LIKELY LAMP SHADE,,,
Huttenlampen,397547828595,LSCY290BG+RPR44WH,sku not assigneds,sku not assigneds,"Easy_Fit_Lamp_Shades | LAMPSHADE | LIGHT_FIXTURE | Lamp Shade | Lamp Shades | Lamp shade | Lamp shades, holders & accessories | Lampenschirm | Lampenschirme | Lampshade | Lampshades & Lightshades | Light Shades",0.00,95.20,LIKELY LAMP SHADE,,,
Sunsone,315370444554,WCB2BB+RPR44WH,Lamp shade / Light Shade,Lamp shade / Light Shade,"Cages | Easy_Fit_Lamp_Shades | LAMPSHADE | LIGHT_FIXTURE | Lamp Shade | Lamp shades, holders & accessories | Lampshade | Light Shades | Wire Cage",0.00,91.69,LIKELY LAMP SHADE,,,
Ledsone,165568516147,LSHQ150BM+RPR44WH,Ovel Shade,Ovel Shade,"Easy_Fit_Lamp_Shades | LAMPSHADE | Lamp Shade | Lamp shades, holders & accessories | Lampshades & Lightshades | Light Shades",0.00,89.91,LIKELY LAMP SHADE,,,
Sunsone,313970196157,PLADBM+LSDO210BG3PK,Pendant Light Shade Suspended,Pendant Light Shade Suspended,LIGHT_FIXTURE | Pendant Light | Pendant Lighting | Pendelleuchte | pipe-lighting,0.00,87.78,LIKELY LAMP SHADE,,,
ledsone de,405328533643,LSDO210BB+RPR44WH-IDE,Lampenschirm,Lampenschirm,"Easy_Fit_Lamp_Shades | LAMPSHADE | Lamp Shade | Lamp shades, holders & accessories | Lampenschirme | Lampshade",147.32,87.14,LIKELY LAMP SHADE,,,
Ledsone,167578687821,WLWOCPBM,,,Indoor Wall Lights | LIGHT_FIXTURE | Light Shades | Pendant_Light | Wall Light | Wall lights | Wandleuchten,0.00,86.87,LIKELY LAMP SHADE,,,
ledsone uk de,165984488035,CRSF100BM+PHSH1PBRYB+SCRN70BM+LSOL180BG+ICST64E2740-IDE,,,Hängelampen | Pendelleuchte_Lampenschirme_Beleuchtung | Pendelleuchten,0.00,84.64,LIKELY LAMP SHADE,,,
Electricalsone,267666357399,LSGLWS180YC2PK+RPR44WH2PK,,2 Pack Vintage Crackle Glass Pendant Light Shade Easy Fit E27 Ceiling Lampshade,"Lamp shades, holders & accessories",0.00,83.44,LIKELY LAMP SHADE,,,
Ledsone,165452014120,LHRIE14BM,E14 Rubber holders,E14 Rubber holders,"Lamp Holders | Lamp shades, holders & accessories | Lamp_Holder | Lighting Parts",96.42,82.46,LIKELY LAMP SHADE,,,
Ledsone,166964322625,LSCY290BB+RPR44WH,Curvy shade only,Curvy shade only,"Easy_Fit_Lamp_Shades | LAMPSHADE | LIGHT_FIXTURE | Lamp Shade | Lamp Shades | Lamp shade | Lamp shades, holders & accessories | Lampenschirme | Lampshade | Light Shades",0.00,77.05,LIKELY LAMP SHADE,,,
Huttenlampen,394501685252,LSFT220BG+RPR44WH-IDE,22 cm Metall-Lampenschirm,22 cm Metall-Lampenschirm,LAMPSHADE | Lampenschirme,107.01,74.94,LIKELY LAMP SHADE,,,
Electricalsone,266191637271,CBSF100,ceiling rose strap bracket strap brace,ceiling rose strap bracket strap brace,"Ceiling Rose Brackets | Ceiling_Brackets | Ceiling_Rose_Brackets | Deckenrosetten Halterungen | LIGHT_FIXTURE | Lamp shades, holders & accessories | MOUNT_BRACKET | PICTURE_HANGER | PRODUCT | TOOLS | ceiling plate bracket",0.00,74.37,LIKELY LAMP SHADE,,,
ledsone uk de,167799052468,CRSF100BM+PHSH1PBRCO+LSSS300RR,All Colour Lampshade,All Colour Lampshade,Ceiling Lights & Chandeliers | Ceiling_Lamp_Lights | LIGHT_FIXTURE | Lamps | Lighting Fixtures | Pendant Lighting | Pendant_Lamp_Lights | Pendelleuchte | hängelampe grün | pendant light | pendant lights | pendant lightss,0.00,73.78,LIKELY LAMP SHADE,,,
Sunsone,314010268550,LSMS320BD-IFR,Semi curvy lamp shade,Semi curvy lamp shade,LAMPSHADE,0.00,71.67,LIKELY LAMP SHADE,,,
Ledsone,164679630756,CRSF100BM+WSLS155YB+SCRN70YB+LSOL220YB,Gold Cone Shade Wall Lamp,Gold Cone Shade Wall Lamp,Lamp_Shade | Wall Lights,23.88,71.64,LIKELY LAMP SHADE,,,
Ledsone,165894850271,CRFF140BM+HK10BM,140mm ceiling hook plate,140mm ceiling hook plate,"Lamp shades, holders & accessories | Lighting Accessories",32.40,71.37,LIKELY LAMP SHADE,,,
Ledsone,165865833185,LSBG136AR+SCRN70FG,Amber Glass light shade,Amber Glass light shade,"Easy_Fit_Lamp_Shades | LAMP | LAMPSHADE | Lamp Shade | Lamp shades, holders & accessories | Lampenschirme | Lampshade | Light Shades",123.43,68.67,LIKELY LAMP SHADE,,,
Ledsone,165236124136,PHSH1PBRYB+CRSF120BM+RPR44WH+LSCY290BL,Colour Curvy lampshade,Colour Curvy lampshade,,0.00,66.48,LIKELY LAMP SHADE,,,
Electricalsone,265660312620,LSMS320BI+RPR44WH,Vintage Retro Pendant Shade Metal Lampshade,Vintage Retro Pendant Shade Metal Lampshade,"Easy Fit | Easy_Fit_Lamp_Shades | LAMPSHADE | LIGHT_FIXTURE | Lamp Shade | Lamp shade | Lamp shades, holders & accessories | Lampenschirm | Lampenschirme | Lampshade | Light Shades",0.00,65.28,LIKELY LAMP SHADE,,,
Sunsone,313553032753,CRSF100BM+PHRI1PBRCO+LSDO300CO,Dome Shade pendant,Dome Shade pendant,Ceiling Pendant Lights | LIGHT_FIXTURE | Pendant Lighting | Pendant_Lamp_Lights,0.00,64.87,LIKELY LAMP SHADE,,,
ledsone de,405328319972,LSDO210BB+RPR44WH,,,"Easy_Fit_Lamp_Shades | LAMPSHADE | LIGHT_FIXTURE | Lamp Shade | Lamp shade | Lamp shades, holders & accessories | Lampenschirme | Lampshades & Lightshades | Light Shades",0.00,64.40,LIKELY LAMP SHADE,,,
ledsone uk de,167606563542,LSCY210BC+RPR44WH-IDE,Rustic Lampshade,Rustic Lampshade,LAMPSHADE | LIGHT_FIXTURE | Lampenschirme | Pendelleuchte,0.00,64.33,LIKELY LAMP SHADE,,,
ledsone uk de,165324396595,CRSF100BM+PHSH1PBRYB+SCRN70BM+LSFT220BL-IDE,,,Hängelampen | LIGHT_FIXTURE | Lampenschirme,0.00,63.60,LIKELY LAMP SHADE,,,
ledsone uk de,164739639641,CRSF100BM+PHCH1BMRBM+LSCY290BL+ICST64E27,Curvy colour Pendant lampshade,Curvy colour Pendant lampshade,Ceiling Pendant Lights | Ceiling_Lamp_Lights | LIGHT_FIXTURE | Pendant Lighting | Pendant_Lamp_Lights | Pendelleuchten | pendant light,0.00,61.11,LIKELY LAMP SHADE,,,
Ledsone,164747801986,WCB2BM+RPR44WH,Light Shade,Light Shade,"Cages | Easy_Fit_Lamp_Shades | LAMPSHADE | LIGHT_FIXTURE | Lamp Shade | Lamp shades, holders & accessories | Lampshade | Light Shades | Wire Cage",0.00,60.34,LIKELY LAMP SHADE,,,
Huttenlampen,395076825393,LSDO210BG+RPR44WH,,,"Easy_Fit_Lamp_Shades | LAMPSHADE | LIGHT_FIXTURE | Lamp Shade | Lamp shade | Lamp shades, holders & accessories | Light Shades",0.00,59.95,LIKELY LAMP SHADE,,,
Ledsone,164311873717,CRFF75BA,Ceiling rose,Ceiling rose,"Ceiling Rose | Ceiling Roses | Ceiling_rose | LIGHT_FIXTURE | Lamp shades, holders & accessories | STORAGE_HOOK | Single_Outlet_Ceiling_Rose | ceiling rose",23.72,58.42,LIKELY LAMP SHADE,,,
Sunsone,317866396609,LSGLCP120SY+RPM40WH,Small Glass Lamp Shade,Small Glass Lamp Shade,LAMPSHADE | Lamp Shade | Lamp shade | Lampenschirm | Lampshade | Light Shades,0.00,56.67,LIKELY LAMP SHADE,,,
Huttenlampen,397471638434,CRSF100BM+LHNSE27BM+SCRN70BA+LSTF40BM,Vintage Leuchte Hängelampe,Vintage Leuchte Hängelampe,"Ceiling Fan Lights | Ceiling Flush Lights | Ceiling Flush Mount Light | Ceiling Lights | Ceiling lights | Ceiling_Lamp_Lights | Deckenleuchte | Easy_Fit_Lamp_Shades | LAMPSHADE | LIGHT_FIXTURE | Lamp Shade | Lamp shades, holders & accessories | Lampshade",0.00,56.67,LIKELY LAMP SHADE,,,
Electricalsone,267380632521,LSDO400BYI+RPR44WH,35-8DNQ-1A06,35-8DNQ-1A06,"LAMPSHADE | Lamp shades, holders & accessories",0.00,56.56,LIKELY LAMP SHADE,,,
ledsone de,405367311129,LSCY210BC+RPR44WH,Brushed copper Shades,Brushed copper Shades,"Easy_Fit_Lamp_Shades | LAMPSHADE | LIGHT_FIXTURE | Lamp Shade | Lamp shade | Lamp shades, holders & accessories | Lampenschirm | Lampenschirme | Lampshade | Light Shades",0.00,56.45,LIKELY LAMP SHADE,,,
Electricalsone,265863564065,CNT900BM,chain,chain,"Accessories | Hanging Chain | Hanging Chains | LIGHT_FIXTURE | Lamp shades, holders & accessories | Lighting Accessories | TOOLS",39.45,55.93,LIKELY LAMP SHADE,,,
Sunsone,313970196195,CRFF5005BM+PHRB1PBR40BM5PK+LSBS160BL5PK,Lighting Shade Vintage Industrial Metal,Lighting Shade Vintage Industrial Metal,Ceiling_Lamp_Lights | LIGHT_FIXTURE | Multi_Outlet_Lamp_Shades_Lighting | Pendant Lighting | Pendant light | Pendant_Lamp_Lights | pendant lights | pendant lightss,0.00,55.12,LIKELY LAMP SHADE,,,
Ledsone,163163209934,LHRIE27BM2PK+CGMLBM2PK,E27 Screw holder Collar Ring,E27 Screw holder Collar Ring,"Lamp shades, holders & accessories",0.00,54.21,LIKELY LAMP SHADE,,,
ledsone uk de,164306025702,LSCY290BU+RPR44WH,Colour Curvy lampshade,Colour Curvy lampshade,"Ceiling Lights & Chandeliers | Easy_Fit_Lamp_Shades | LAMPSHADE | LIGHT_FIXTURE | Lamp Shade | Lamp shade | Lamp shades, holders & accessories | Lampenschirme | Lampshade | Lampshade 1 | Light Shades | Pendant_Lamp_Lights | Pendelleuchte",0.00,54.12,LIKELY LAMP SHADE,,,
Sunsone,317526495474,WCBCFBM+RPR44WH,,,"LAMPSHADE | Lamp shade | Lamp shades, holders & accessories",0.00,51.78,LIKELY LAMP SHADE,,,
Sunsone,313970190845,WCB4BB+RPR44WH,Modern Drum Metal Shade,Modern Drum Metal Shade,"Cages | Easy_Fit_Lamp_Shades | LAMPSHADE | LIGHT_FIXTURE | Lamp Shade | Lamp shades, holders & accessories | Lampshade | Light Shades | Wire Cage",8.92,50.94,LIKELY LAMP SHADE,,,
Ledsone,167862493949,LSHM300HE+RPR44WH,Hemp Lampshade,Hemp Lampshade,"LAMPSHADE | Lamp shades, holders & accessories | Lampshades & Lightshades | Light Shades",0.00,50.89,LIKELY LAMP SHADE,,,
Ledsone,164244350750,PLTTBC,,,LAMP | Rohr lampen | Table & bedside lamps | Table Lamp Lighting | Table Light with shade | Table Lighting | Table Lights (Mains-Powered) | Table_Lamp_Lighting,262.46,50.77,LIKELY LAMP SHADE,,,
Electricalsone,266110922442,CRSF100RE+PHCH1PWRSRE+LSCY290RE,Lamp Shade,Lamp Shade,Ceiling Pendant Lights | LIGHT_FIXTURE | Lighting Fixtures | Pendant Lighting | Pendant lighting | Pendelleuchten,0.00,50.25,LIKELY LAMP SHADE,,,
Sunsone,316797525557,WCBCBB,Light Cages,Light Cages,"Cages | Ceiling_Lamp_Lights | Easy_Fit_Lamp_Shades | HOME_LIGHTING_ACCESSORY | Käfig Lampenschirme | LAMP | LAMPSHADE | LIGHT_FIXTURE | Lamp Shade | Lamp shades, holders & accessories | Lampenschirm | Lampenschirme | Lampshade | Light Shades | Lighting Accessories | Metal_Lamp_Shade_Only | PRODUCT |",68.23,50.14,LIKELY LAMP SHADE,,,
Sunsone,313970196204,CRFF2008BM+CO532AGY3PK+RWWD2PK+RWWP2PK+CBSFEARTH+PHNW2RBM8PK+SPUPBM8PK,Spider Light Industrial Pendant Light Cage E27 UK,Spider Light Industrial Pendant Light Cage E27 UK,"Ceiling Lights & Chandeliers | Ceiling Pendant Lights | LIGHT_FIXTURE | Lamp shades, holders & accessories | Multi_Outlet_Spider_Lamp_Lighting | Pendant Lighting | Spider Lights | Spider_Lamp_Lighting | Spinnenlampe | pendant lights",0.00,49.89,LIKELY LAMP SHADE,,,
Ledsone,167517562472,CRSF100BM+WSLS155YB+SCRN70BM+LSOL180BG,Vintage Industrial Colour Lampshade,Vintage Industrial Colour Lampshade,LIGHT_FIXTURE | Wall Lighting | Wandleuchten,0.00,49.78,LIKELY LAMP SHADE,,,
Electricalsone,267250225585,LSBG136AR+SCRN70FG,Amber Glass Shade,Amber Glass Shade,"Easy_Fit_Lamp_Shades | LAMP | LAMPSHADE | Lamp Shade | Lamp shades, holders & accessories | Lampenschirme | Lampshade | Light Shades",50.58,49.74,LIKELY LAMP SHADE,,,
Ledsone,164484520802,CRSF100BM+WSCH135BM+LSCY210BM,Curvy lampshade with plug,Curvy lampshade with plug,Wall lights | Wall_Lamp_Shades_Lighting,143.94,49.58,LIKELY LAMP SHADE,,,
Ledsone,163277557074,LHNHE27BY,E27 Holder,E27 Holder,"Lamp Holders | Lamp shades, holders & accessories | Lamp_Holder",45.87,49.41,LIKELY LAMP SHADE,,,
Electricalsone,267404873403,LSCY290AA+RPR44WH,Modern Color curvy shades,Modern Color curvy shades,"Easy_Fit_Lamp_Shades | LAMP | LAMPSHADE | LIGHT_FIXTURE | Lamp Shade | Lamp Shades | Lamp shade | Lamp shades, holders & accessories | Lampenschirme | Lampshade | Lampshade 1 | Light Shades",0.00,49.06,LIKELY LAMP SHADE,,,
ledsone de,405328319875,WCBCBM-IDE,Drahtkäfig schwarz 240V,Drahtkäfig schwarz 240V,"Cages | Easy_Fit_Lamp_Shades | LAMPSHADE | Lamp shades, holders & accessories | Lampenschirm | Lampenschirme | Lampshade",31.17,48.46,LIKELY LAMP SHADE,,,
Ledsone,163954129864,CRSFDUMMYSKU,Net Handles,Net Handles,Cabinet Handles | Cabinet handles & hinges | HARDWARE_HANDLE | Handles | LED_Lights | Lamp_Holder | Lampshades & Lightshades | Pull Handle | Wall Light | cage light | home-applications | mail bag,0.00,48.27,LIKELY LAMP SHADE,,,
Electricalsone,265842180486,LSWE315BL,Pendant Light Shades,Pendant Light Shades,"Easy_Fit_Lamp_Shades | LAMPSHADE | LIGHT_FIXTURE | Lamp Shade | Lamp shades, holders & accessories | Lampenschirme | Lampshade | Light Shades | PRODUCT",0.00,47.96,LIKELY LAMP SHADE,,,
Electricalsone,267588195894,LSFT220BC+RPR44WH,22 diameter lampshade,22 diameter lampshade,"Ceiling Pendant Lights | Easy_Fit_Lamp_Shades | LAMPSHADE | LIGHT_FIXTURE | Lamp Shade | Lamp shade | Lamp shades, holders & accessories | Lampenschirme | Lampshade | Light Shades",0.00,47.48,LIKELY LAMP SHADE,,,
Sunsone,318161929232,WCBSF120FG+RPR44WH,,,"Easy_Fit_Lamp_Shades | LAMPSHADE | Lamp Shade | Lamp shades, holders & accessories | Lampenschirme | Lampshades & Lightshades",0.00,46.97,LIKELY LAMP SHADE,,,
Ledsone,163975346117,CRFF500BM+PHNW1RBM3PK,Nest Cage Light,Nest Cage Light,Ceiling Lights & Chandeliers | Ceiling Pendant Lights | LAMPSHADE | LIGHT_FIXTURE | Pendelleuchte,0.00,46.38,LIKELY LAMP SHADE,,,
Sunsone,317979913894,ENC9522,sku not assigneds,sku not assigneds,"ELECTRICAL_PLUG | LIGHT_FIXTURE | Lamp shades, holders & accessories | Pendant Light | Power Strips & Surge Protectors",0.00,45.95,LIKELY LAMP SHADE,,,
Ledsone,168354562743,LSRP260CH3PK+RPR44WH,LSRP260,LSRP260,"LAMPSHADE | Lamp shades, holders & accessories",0.00,45.89,LIKELY LAMP SHADE,,,
ledsone de,405328319864,LSLC180BC+RPR44WH-IDE,,,Lampenschirme,22.58,45.16,LIKELY LAMP SHADE,,,
Ledsone,164908536180,LSBG136AR+SCRN70FG,Amber Glass Lampshades,Amber Glass Lampshades,"Easy_Fit_Lamp_Shades | LAMP | LAMPSHADE | Lamp Shade | Lamp shades, holders & accessories | Lampenschirme | Lampshade | Light Shades",196.24,44.88,LIKELY LAMP SHADE,,,
Ledsone,166596769613,LSEL400BM+RPR44WH,sku not assigneds,sku not assigneds,"Ceiling Pendant Lights | LAMPSHADE | LIGHT_FIXTURE | Lamp Shade | Lamp shades, holders & accessories | Lampenschirme | Lampshade | Lampshades | Light Shades | PRODUCT",48.38,44.80,LIKELY LAMP SHADE,,,
Sunsone,313970196206,CRFF500BM+PHCN1PBRBM3PK+WCDCBM3PK,Pendant Light Lampshade Industrial Retro Loft,Pendant Light Lampshade Industrial Retro Loft,LIGHT_FIXTURE | Pendant Lamp | Pendant Lighting,0.00,44.61,LIKELY LAMP SHADE,,,
Sunsone,317893808620,TPOSBDBM,,,Bird Table Lamp | LAMP | LIGHT_FIXTURE | Light Shades | PRODUCT | Table & bedside lamps | Table Lamp | Table Lighting | Table Lights (USB-Chargeable),0.00,43.78,LIKELY LAMP SHADE,,,
Sunsone,314072714462,LSCP150BA+RPR44WH,Metal Lampshade Kitchen Modern Ceiling Light Shade,Metal Lampshade Kitchen Modern Ceiling Light Shade,"Easy_Fit_Lamp_Shades | LAMPSHADE | Lamp Shade | Lamp shade | Lamp shades, holders & accessories | Lampshade | Light Shades",59.34,42.76,LIKELY LAMP SHADE,,,
Ledsone,167876410389,WCCYSQBM,K9 Crystal flush ceiling lamp,K9 Crystal flush ceiling lamp,"Ceiling Pendant Lights | Ceiling_Lamp_Lighting | LIGHT_FIXTURE | Lamp shades, holders & accessories | PRODUCT",0.00,42.58,LIKELY LAMP SHADE,,,
Ledsone,166882038274,LSCO335BM+RPR44WH,,,"LAMPSHADE | LIGHT_FIXTURE | Lamp Shade | Lamp shades, holders & accessories | Lampshade | Lampshades | Light Shades",0.00,41.67,LIKELY LAMP SHADE,,,
Sunsone,316833980444,LSCY210BG+RPR44WH,Vintage Retro Pendant Lampshade,Vintage Retro Pendant Lampshade,"Ceiling Pendant Lights | Easy Fit | Easy_Fit_Lamp_Shades | HOME | LAMPSHADE | LIGHT_FIXTURE | Lamp Shade | Lamp Shades | Lamp shade | Lamp shades, holders & accessories | Lampenschirm | Lampenschirme | Lampshade | Lampshade 1 | Lampshades & Lightshades | Light Shades | PRODUCT",0.00,41.47,LIKELY LAMP SHADE,,,
Ledsone,164852500056,CRSF100BM+PHSQ1PBRYB+LSCY290BB,Curvy Square Lampshade,Curvy Square Lampshade,Pendant Lighting | Pendant_Lamp_Lights,36.98,40.98,LIKELY LAMP SHADE,,,
ledsone de,407226380563,CRSF100BM+LHNSE27YB+SCRN70BS+LSCY290BS,sku not assigneds,sku not assigneds,"Ceiling Lights & Chandeliers | Ceiling Pendant Lights | Easy_Fit_Lamp_Shades | LAMP | LAMPSHADE | LIGHT_FIXTURE | Lamp Shade | Lamp shade | Lamp shades, holders & accessories | Lampshade | Light Shades | Pendant Light | Pendant Lighting | Pendelleuchte | Spider Lights | Wall Light | Wall light | Wal",0.00,40.29,LIKELY LAMP SHADE,,,
Ledsone,164534309053,CRSF100BM+LHNSE27YB+LSHH240BM,Half Round Ceiling Lights,Half Round Ceiling Lights,Ceiling Flush Lights | Ceiling Lights | Ceiling lights | Ceiling_Lamp_Lighting | LIGHT_FIXTURE | Light Shades,19.89,39.78,LIKELY LAMP SHADE,,,
ledsone de,405328533659,LSOL180BB+RPR44WH,sku not assigneds,sku not assigneds,"Easy_Fit_Lamp_Shades | LAMP | LAMPSHADE | LIGHT_FIXTURE | Lamp Shade | Lamp shades, holders & accessories | Lampshade | Light Shades | PRODUCT",0.00,39.56,LIKELY LAMP SHADE,,,
Electricalsone,266673728208,LSTF400BM+RPR44WH,,,"LAMPSHADE | Lamp Shade | Lamp shades, holders & accessories | Lampshade | Light Shades",0.00,39.18,LIKELY LAMP SHADE,,,
Sunsone,313154103184,LSHO120BG+RPR44WH,Drum New lampshade,Drum New lampshade,"Cages | Easy_Fit_Lamp_Shades | LAMPSHADE | LIGHT_FIXTURE | Lamp Shade | Lamp shades, holders & accessories | Lampshade | Light Shades | Wire Cage",0.00,38.96,LIKELY LAMP SHADE,,,
Ledsone,165469428041,WCMVBM,,Vintage Cage Metal Pendant Light Shade Geometric Ceiling Industrial lampshade,"LAMPSHADE | Lamp shades, holders & accessories",0.00,38.90,LIKELY LAMP SHADE,,,
Huttenlampen,396311445122,LSHM300HE,sku not assigneds,sku not assigneds,"LAMPSHADE | Lamp Shade | Lamp Shades | Lamp shades, holders & accessories | Lampshades & Lightshades | Light Shades",0.00,38.78,LIKELY LAMP SHADE,,,
Ledsone,164080196387,LSSS300BB+RPR44WH,Barn slotted colour lampshade,Barn slotted colour lampshade,"Easy_Fit_Lamp_Shades | LAMPSHADE | LIGHT_FIXTURE | Lamp Shade | Lamp shade | Lamp shades, holders & accessories | Lampenschirm | Lampenschirme | Lampshade | Lampshades & Lightshades | Light Shades | PRODUCT",0.00,38.67,LIKELY LAMP SHADE,,,
ledsone de,405540317643,CRSF100BM+PHMU1PBRGS+LSDO210BG,21cm pendant lampshade,21cm pendant lampshade,Ceiling Pendant Lights | Hängelampen | LIGHT_FIXTURE | Pendelleuchte | pendant lightss,0.00,38.54,LIKELY LAMP SHADE,,,
Electricalsone,267719296725,LSGLBG145AR2PK+RPM40WH2PK,Glass shade,Glass shade,,0.00,37.93,LIKELY LAMP SHADE,,,
Ledsone,167230257629,LSMCP1BSMC,New Farmhouse Light,New Farmhouse Light,"Ceiling Lights & Chandeliers | Ceiling Pendant Lights | Ceiling_Lamp_Lighting | LIGHT_FIXTURE | Lamp shades, holders & accessories | Pendant Light | Pendant Lighting | Vintage_Lamp_Lights | pendant light",0.00,37.89,LIKELY LAMP SHADE,,,
Sunsone,313970190896,CRSF1203WH+PHRN1PCRWH3PK,Vintage Pendant Ceiling Shade IndustrialChandelier,Vintage Pendant Ceiling Shade IndustrialChandelier,Ceiling Lights & Chandeliers | Ceiling Pendant Lights | LIGHT_FIXTURE | Spider Lights,0.00,37.78,LIKELY LAMP SHADE,,,
Electricalsone,266190309316,CRSF100BM+LHNSE27BM+SCRN70YB+LSMS320BI,Metal Ceiling Lamp Shade Pendant Light,Metal Ceiling Lamp Shade Pendant Light,Ceiling Flush Lights | Ceiling Lights | Ceiling lights | Deckenleuchten | LIGHT_FIXTURE | PRODUCT,0.00,37.78,LIKELY LAMP SHADE,,,
Ledsone,164660228841,CRSF2003BM+WCBC1BM3PK,Bird cage light,Bird cage light,"Ceiling Lights & Chandeliers | Ceiling Pendant Lights | Ceiling_Lamp_Lights | LIGHT_FIXTURE | Lamp shades, holders & accessories | PRODUCT | Pendant Light | Pendant Lighting | Pendelleuchte | pendant lightss",0.00,37.77,LIKELY LAMP SHADE,,,
Ledsone,163844429748,CRFF100CH+LHNSE27CH+SCRN70BM+LSFT220CH,Flat shade Ceiling light copper / rosegold,Flat shade Ceiling light copper / rosegold,Ceiling Lights | Ceiling lights | Ceiling_Lamp_Lighting | LIGHT_FIXTURE,0.00,37.38,LIKELY LAMP SHADE,,,
Electricalsone,266043533105,SCRN70BB,SCRN70-Shade ring,SCRN70-Shade ring,"Accessory | Andere | Ceiling Rose | HOME | LAMPSHADE | LIGHT_BULB_SOCKET | Lamp shades, holders & accessories | Lamp_Spares | Light Shades | Lighting Accessories | PRODUCT | Shade RIng | Shade Ring",0.00,37.34,LIKELY LAMP SHADE,,,
Sunsone,316699479486,CRSF100BM+PHCH1BMRBM+LSCY290BL-IDE,PHCH1BMRBM- PH Curvy Shade,PHCH1BMRBM- PH Curvy Shade,Pendelleuchten,0.00,37.28,LIKELY LAMP SHADE,,,
ledsone de,405328319848,CRFF100FG+LHNSE27FG+SCRN70FG+LSFT220FG,Flat Shade ceiling light,Flat Shade ceiling light,Ceiling Flush Lights | Ceiling Light | Ceiling Lights | Ceiling Lights & Chandeliers | Ceiling lights | Ceiling_Lamp_Lighting | Ceiling_Lamp_Lights | Deckenleuchte | Deckenleuchten | LIGHT_FIXTURE,80.04,37.10,LIKELY LAMP SHADE,,,
Sunsone,316366651624,LSCY290BG+RPR44WH,sku not assigneds,sku not assigneds,"Easy_Fit_Lamp_Shades | LAMPSHADE | LIGHT_FIXTURE | Lamp Shade | Lamp Shades | Lamp shade | Lamp shades, holders & accessories | Lampenschirm | Lampenschirme | Lampshade | Lampshades & Lightshades | Light Shades | PRODUCT",30.47,36.97,LIKELY LAMP SHADE,,,
Ledsone,163783451223,WCBCBB,Light Cages,Light Cages,"Cages | Ceiling_Lamp_Lights | Easy_Fit_Lamp_Shades | HOME_LIGHTING_ACCESSORY | Käfig Lampenschirme | LAMP | LAMPSHADE | LIGHT_FIXTURE | Lamp Shade | Lamp shades, holders & accessories | Lampenschirm | Lampenschirme | Lampshade | Light Shades | Lighting Accessories | Metal_Lamp_Shade_Only | PRODUCT |",181.54,36.96,LIKELY LAMP SHADE,,,
Sunsone,315704860026,LSCY290BB+RPR44WH,Vintage Retro Pendant Lampshade,Vintage Retro Pendant Lampshade,"Ceiling Pendant Lights | Easy Fit | Easy_Fit_Lamp_Shades | HOME | LAMPSHADE | LIGHT_FIXTURE | Lamp Shade | Lamp Shades | Lamp shade | Lamp shades, holders & accessories | Lampenschirm | Lampenschirme | Lampshade | Lampshade 1 | Lampshades & Lightshades | Light Shades | PRODUCT",0.00,36.67,LIKELY LAMP SHADE,,,
Sunsone,314541572163,CRSF100BM+PHSH1PBRYB+SCRN70BM+LSOL180BG,Lamp Shade Ceiling Hanging Pendant Light UK,Lamp Shade Ceiling Hanging Pendant Light UK,LIGHT_FIXTURE | Pendant Lighting,0.00,36.49,LIKELY LAMP SHADE,,,
Huttenlampen,395664329851,CRFF108BM+WSST70BM+LSSS300BB+LDMST64E274-IDE,,,"Deckenleuchte | LAMPSHADE | Lamp shades, holders & accessories",263.70,36.18,LIKELY LAMP SHADE,,,
Electricalsone,267619210275,LSWD360BC+RPR44WH,36CM -1PK,36CM -1PK,"Easy_Fit_Lamp_Shades | LAMPSHADE | Lamp Shade | Lamp shades, holders & accessories | Lampenschirm | Lampshade | Lampshades & Lightshades | Light Shades | PRODUCT",0.00,35.99,LIKELY LAMP SHADE,,,
Electricalsone,267734140661,LSBF3BWG,,,"Ceiling Pendant Lights | LIGHT_FIXTURE | Lamp shades, holders & accessories | Metal_Shades | Pendant Lighting | Pendant lighting | Pendant_Lamp_Lights | Vintage_Lamp_Lights",0.00,35.89,LIKELY LAMP SHADE,,,
Ledsone,164781416844,LSDO300BM+RPR44WH,Dome Lampshade,Dome Lampshade,"Easy_Fit_Lamp_Shades | LAMPSHADE | Lamp Shade | Lamp shades, holders & accessories | Lampenschirme | Lampshade | Light Shades | Lighting Accessories",0.00,35.78,LIKELY LAMP SHADE,,,
Electricalsone,267773954437,LSGL3L150AR+RPM40WH,Amber Ribbed Glass Tiered Pendant Ceiling Light,Amber Ribbed Glass Tiered Pendant Ceiling Light,LAMPSHADE | Lampenschirme | Light Shades,0.00,35.78,LIKELY LAMP SHADE,,,
Ledsone,165290643128,CRFF500BM+PHBL1PBRBM3PK+LSDO210BM3PK,,Vintage Ceiling Pendant Light Industrial Metal Shade 3 Way Hanging Retro Lamp,3 Head pendant Light | Pendant Lighting,0.00,35.62,LIKELY LAMP SHADE,,,
Ledsone,164255843565,RPR44WH2PK,,Lampshade Reducer Ring 2Pack White Reducing Adapter Plate / Washer Light fitting,"HOME_LIGHTING_ACCESSORY | LAMPSHADE | Lamp shades, holders & accessories | Lighting Accessories",57.80,35.54,LIKELY LAMP SHADE,,,
Electricalsone,265660312613,CRFF500YB+PHSQ1PBRYB3PK+LSFT220YB3PK,Industrial Pendant Light,Industrial Pendant Light,3 Head Pendant Lighting | 3 Head pendant Light | Ceiling Lights & Chandeliers | Ceiling Pendant Lights | Hängelampen | LIGHT_FIXTURE | Metal Lampshade Ceiling Fixture | Pendant Lights | Pendant lighting | Pendelleuchten | pendant lightss,35.78,35.24,LIKELY LAMP SHADE,,,
Sunsone,318722682971,WCWDBM+RPR44WH,sku not assigneds,sku not assigneds,"Cages | LAMPSHADE | Lamp Shade | Lamp shades, holders & accessories | Light Shades",0.00,35.19,LIKELY LAMP SHADE,,,
Ledsone,164055884914,LSLT360BC+RPR44WH,LSLT360,LSLT360,"Easy_Fit_Lamp_Shades | LAMPSHADE | LIGHT_FIXTURE | Lamp Shade | Lamp shades, holders & accessories | Lampshade | Light Shades",0.00,35.08,LIKELY LAMP SHADE,,,
Electricalsone,267618107310,PHSH1HETYB+LSSS300BM,Ceiling Lamp Shade,Ceiling Lamp Shade,Ceiling Hanging Light | LIGHT_FIXTURE | Pendant_Lamp_Lights,0.00,34.99,LIKELY LAMP SHADE,,,
Ledsone,164823825387,CRSF100BM+LHLFE27BM+LSDO210BB,21cm Dome Shade ceiling light,21cm Dome Shade ceiling light,Deckenleuchten | Unterputz-Lampe,18.89,34.87,LIKELY LAMP SHADE,,,
Ledsone,165136977176,CRSF100BM+LHNSE27BM+LSSS300BM,Black Barn slotted CLT,Black Barn slotted CLT,LAMPSHADE | LIGHT_FIXTURE,18.99,34.14,LIKELY LAMP SHADE,,,
Ledsone,163617109673,LSFT220BB+RPR44WH,Flat Lampshde Multi Colour,Flat Lampshde Multi Colour,"Ceiling Pendant Lights | Easy_Fit_Lamp_Shades | LAMPSHADE | LIGHT_FIXTURE | Lamp Shade | Lamp shade | Lamp shades, holders & accessories | Lampenschirme | Lampshade | Light Shades",0.00,32.97,LIKELY LAMP SHADE,,,
Sunsone,313970190920,LSCP150BA+RPR44WH,Type 1 Lampshade 1,Type 1 Lampshade 1,"Easy_Fit_Lamp_Shades | LAMPSHADE | Lamp Shade | Lamp shade | Lamp shades, holders & accessories | Lampshade | Light Shades",0.00,32.67,LIKELY LAMP SHADE,,,
Electricalsone,266191601098,CRSF100CH+WSSS70CH+LSFT220CH,Metal Pendant Light Shade Chandelier Retro,Metal Pendant Light Shade Chandelier Retro,Ceiling Lights & Chandeliers | Ceiling lights | LIGHT_FIXTURE | Wall Lighting | Wall lights,0.00,32.14,LIKELY LAMP SHADE,,,
Huttenlampen,397812055183,CRSF100BM+LHNSE27BM+SCRN70BA+LSTF40BM,Vintage Leuchte Hängelampe,Vintage Leuchte Hängelampe,"Ceiling Fan Lights | Ceiling Flush Lights | Ceiling Flush Mount Light | Ceiling lights | Ceiling_Lamp_Lights | Deckenleuchte | Easy_Fit_Lamp_Shades | LAMPSHADE | LIGHT_FIXTURE | Lamp Shade | Lamp shades, holders & accessories | Lampshade",0.00,31.94,LIKELY LAMP SHADE,,,
Electricalsone,266196533799,LSDO210BB+RPR44WH,Dome Colour Lamp Shades Easy Fit,Dome Colour Lamp Shades Easy Fit,"Easy_Fit_Lamp_Shades | LAMPSHADE | LIGHT_FIXTURE | Lamp Shade | Lamp shade | Lamp shades, holders & accessories | Lampshades & Lightshades | Light Shades",9.30,31.93,LIKELY LAMP SHADE,,,
Ledsone,167058287410,LSGL9015CL2PK+RPM40WH2PK,sku not assigneds,sku not assigneds,LAMPSHADE | Lampshade | Light Shades,0.00,31.78,LIKELY LAMP SHADE,,,
Electricalsone,265660306987,WCB1BB+RPR44WH,Modern Vintage Drum Ceiling Light Shade,Modern Vintage Drum Ceiling Light Shade,"Cages | Easy_Fit_Lamp_Shades | LAMPSHADE | LIGHT_FIXTURE | Lamp Shade | Lamp shades, holders & accessories | Lampshade | Light Shades | Wire Cage | wire cage",23.28,31.60,LIKELY LAMP SHADE,,,
Ledsone,163790549882,CRSF100BM+PHBL1PBRBM+ICST64E2760,SFCR12BK-1P+BLHRRGBKE27,SFCR12BK-1P+BLHRRGBKE27,"LIGHT_FIXTURE | Lamp Holders | Lamp shades, holders & accessories | Lamp_Holder | Lampenfassungen Metall",118.35,31.39,LIKELY LAMP SHADE,,,
Electricalsone,266161775436,CRSF100BL+LHLTE27BL+WCGSBL,Pendant Light Shade,Pendant Light Shade,LIGHT_FIXTURE | Pendant light | cage light,0.00,30.66,LIKELY LAMP SHADE,,,
Electricalsone,265660328734,LSRP260CO+RPR44WH,Retro Pendant Dome Light Shades Modern,Retro Pendant Dome Light Shades Modern,"Easy fit Shades | Easy_Fit_Lamp_Shades | LAMPSHADE | LIGHT_FIXTURE | Lamp Shade | Lamp shades | Lamp shades, holders & accessories | Lampshade | Light Shades | PRODUCT",0.00,30.59,LIKELY LAMP SHADE,,,
Ledsone,162833219361,LHSQE27BY,lamp Shade Adapter Reducer Plate,lamp Shade Adapter Reducer Plate,"HOME_LIGHTING_ACCESSORY | LAMPSHADE | Lamp Holders | Lamp shades, holders & accessories | Lamp_Holder | Lamp_Spares | Lighting Accessories",5.09,30.54,LIKELY LAMP SHADE,,,
Sunsone,316338576871,LSCO335WH+RPR44WH,sku not assigneds,sku not assigneds,"Easy Fit | Easy_Fit_Lamp_Shades | LAMP | LAMPSHADE | LIGHT_FIXTURE | Lamp Shade | Lamp shade | Lamp shades, holders & accessories | Lampenschirm | Lampenschirme | Lampshade | Lampshades | Lampshades & Lightshades | Light Shades",0.00,30.46,LIKELY LAMP SHADE,,,
Ledsone,165458233266,CRSF100BM+PHSH1PBRCO+LSSS300RR,All Colour Lampshade,All Colour Lampshade,Ceiling Lights & Chandeliers | Ceiling_Lamp_Lights | LIGHT_FIXTURE | Lamps | Lighting Fixtures | Pendant Lighting | Pendant_Lamp_Lights | Pendelleuchte | hängelampe grün | pendant light | pendant lights | pendant lightss,92.53,30.42,LIKELY LAMP SHADE,,,
Electricalsone,266190552936,LSSS300BB+RPR44WH,LSSS300-Barn Slot Light Shade,LSSS300-Barn Slot Light Shade,"Easy_Fit_Lamp_Shades | LAMPSHADE | LIGHT_FIXTURE | Lamp Shade | Lamp shade | Lamp shades, holders & accessories | Lampenschirm | Lampenschirme | Lampshade | Light Shades | PRODUCT",0.00,29.99,LIKELY LAMP SHADE,,,
Electricalsone,267580366623,LSCY290BG+RPR44WH,sku not assigneds,sku not assigneds,"Easy_Fit_Lamp_Shades | LAMPSHADE | LIGHT_FIXTURE | Lamp Shade | Lamp Shades | Lamp shade | Lamp shades, holders & accessories | Lampenschirm | Lampenschirme | Lampshade | Lampshades & Lightshades | Light Shades",0.00,29.99,LIKELY LAMP SHADE,,,
Electricalsone,267587280558,LSCY210BG+RPR44WH,Vintage Retro Pendant Lampshade,Vintage Retro Pendant Lampshade,"Ceiling Pendant Lights | Easy_Fit_Lamp_Shades | LAMPSHADE | LIGHT_FIXTURE | Lamp Shade | Lamp Shades | Lamp shade | Lamp shades, holders & accessories | Lampenschirm | Lampenschirme | Lampshade | Lampshades & Lightshades | Light Shades",0.00,29.99,LIKELY LAMP SHADE,,,
Electricalsone,267591596072,LSCY210BG+RPR44WH,Vintage Retro Pendant Lampshade,Vintage Retro Pendant Lampshade,"Ceiling Pendant Lights | Easy_Fit_Lamp_Shades | LAMPSHADE | LIGHT_FIXTURE | Lamp Shade | Lamp Shades | Lamp shade | Lamp shades, holders & accessories | Lampenschirm | Lampenschirme | Lampshade | Lampshades & Lightshades | Light Shades",0.00,29.99,LIKELY LAMP SHADE,,,
Electricalsone,267591603585,LSDO210BC+RPR44WH,Dome Colour Lamp Shades Easy Fit,Dome Colour Lamp Shades Easy Fit,"Easy_Fit_Lamp_Shades | LAMPSHADE | LIGHT_FIXTURE | Lamp Shade | Lamp shade | Lamp shades, holders & accessories | Lampshades & Lightshades | Light Shades",0.00,29.99,LIKELY LAMP SHADE,,,
Ledsone,164672130159,CRSF100BM+PHSH1PBRBM+LSMS320BI,Colour pendant lights New,Colour pendant lights New,"Ceiling Pendant Lights | Easy Fit | Easy_Fit_Lamp_Shades | LAMPSHADE | LIGHT_FIXTURE | Lamp Shade | Lamp shade | Lamp shades, holders & accessories | Lampenschirm | Lampenschirme | Lampshade | Light Shades | PRODUCT | Pendant Light | Pendant Lighting | Pendant lighting | Pendant_Lamp_Lights | Pendel",51.00,29.98,LIKELY LAMP SHADE,,,
Electricalsone,265660313948,RPM40BM+RPM40WH,2x Reducer Plates Light Fitting Ring Metal Lamp,2x Reducer Plates Light Fitting Ring Metal Lamp,"LAMPSHADE | Lamp shades, holders & accessories | Lamp_Spares | Lighting Accessories",5.89,29.95,LIKELY LAMP SHADE,,,
ledsone de,406260442314,LSDO210BG+RPR44WH,sku not assigneds,sku not assigneds,"Easy_Fit_Lamp_Shades | LAMPSHADE | LIGHT_FIXTURE | Lamp Shade | Lamp shade | Lamp shades, holders & accessories | Light Shades",0.00,29.89,LIKELY LAMP SHADE,,,
Ledsone,165990331797,LSGL10014AR+RPM40WH,sku not assigneds,sku not assigneds,"Easy_Fit_Lamp_Shades | LAMPSHADE | Lamp Shade | Lamp shade | Lamp shades, holders & accessories | Lampenschirme | Lampshade | Light Shades | PRODUCT",0.00,29.78,LIKELY LAMP SHADE,,,
Sunsone,317526786920,WCIRFS300BM,sku not assigneds,sku not assigneds,"Ceiling Flush Lights | Deckenleuchte | LIGHT_FIXTURE | Lamp shades, holders & accessories",0.00,29.39,LIKELY LAMP SHADE,,,
Ledsone,164459401341,ENC482,Yellow Lampshade,Yellow Lampshade,HOME | LIGHT_FIXTURE | Pendant Light,0.00,28.73,LIKELY LAMP SHADE,,,
ledsone de,406928413989,CRSF100BM+WSAFT200BG,,Matte Schwarze Wandleuchte Verstellbarer Arm Industrie Metallschirm Lampe E27,Wall Light | Wall lights | Wandleuchten,0.00,28.48,LIKELY LAMP SHADE,,,
Ledsone,163814884066,CRSF108BM+HKR10BM,108mm Ceiling Rose,108mm Ceiling Rose,"Ceiling Rose | Ceiling_rose | LIGHT_FIXTURE | Lamp shades, holders & accessories | Single_Outlet_Ceiling_Rose",68.90,27.96,LIKELY LAMP SHADE,,,
Ledsone,165517329972,CRFF140CO+WSNW170CO+LSRP260CO,Wall Light Shade Metal Lampshade Sconce Wall Light,Wall Light Shade Metal Lampshade Sconce Wall Light,Wall Light | Wall lights | Wall_Lamp_Shades_Lighting | Wandleuchten,0.00,27.80,LIKELY LAMP SHADE,,,
Electricalsone,267669150871,LSGL15014CL2PK+RPM40WH2PK,,2 Pack Clear Glass Cylinder Lamp Shade E27 Pendant Ceiling Light Replacement,LAMPSHADE,0.00,27.78,LIKELY LAMP SHADE,,,
Ledsone,163809525878,HK10BM5PK,Hook & Hook Ring,Hook & Hook Ring,"Cord_Grip_Hook_Ring | Lamp shades, holders & accessories | STORAGE_HOOK | TOOLS",0.00,27.45,LIKELY LAMP SHADE,,,
ledsone uk de,168484489649,CRFF105BA2PK,,,"Ceiling Rose | LIGHT_FIXTURE | Lamp shades, holders & accessories",0.00,27.12,LIKELY LAMP SHADE,,,
Sunsone,315746132611,LSEL400BM+RPR44WH,sku not assigned,sku not assigned,"Ceiling Pendant Lights | LAMPSHADE | LIGHT_FIXTURE | Lamp Shade | Lamp shades, holders & accessories | Lampenschirme | Lampshade | Lampshades | Light Shades | PRODUCT",93.66,26.99,LIKELY LAMP SHADE,,,
Sunsone,314046397211,CRSF2003BM+PHNW1RBM3PK,,Industrial 3-Light Pendant Ceiling Lamp E27 Metal Cage Kitchen Island Light,Ceiling Pendant Lights | LAMPSHADE | LIGHT_FIXTURE,0.00,26.89,LIKELY LAMP SHADE,,,
Huttenlampen,396338691376,CRFF105BA,,,"Ceiling Rose | Ceiling Rose Hook Plate | Ceiling Roses | Ceiling_rose | LIGHT_FIXTURE | Lamp shades, holders & accessories | Single_Outlet_Ceiling_Rose",37.45,26.36,LIKELY LAMP SHADE,,,
Electricalsone,267735115332,ENC7461,,2 Pack Vintage Black Gold Dome Flush Ceiling Light E27 Easy Fit Metal Lamp Shade,Ceiling Lights | LIGHT_FIXTURE,0.00,25.94,LIKELY LAMP SHADE,,,
ledsone uk de,167645763534,LSFC300OW,sku not assigneds,sku not assigneds,"LAMPSHADE | Lamp shades, holders & accessories",51.18,25.92,LIKELY LAMP SHADE,,,
Ledsone,167002742750,CRFF110HBM,CRFF110H,CRFF110H,"Ceiling Light Fixtures | Ceiling Rose | LIGHT_FIXTURE | Lamp shades, holders & accessories | STORAGE_HOOK",77.34,25.78,LIKELY LAMP SHADE,,,
Ledsone,168342310094,WCBSF120FG+RPR44WH,,,"Easy_Fit_Lamp_Shades | LAMPSHADE | Lamp Shade | Lamp shades, holders & accessories | Lampenschirme | Lampshade | Lampshades & Lightshades",0.00,25.78,LIKELY LAMP SHADE,,,
Electricalsone,266223215729,LSCY290AA+RPR44WH,sku not assigneds,sku not assigneds,"Easy_Fit_Lamp_Shades | LAMP | LAMPSHADE | LIGHT_FIXTURE | Lamp Shade | Lamp Shades | Lamp shade | Lamp shades, holders & accessories | Lampenschirme | Lampshade | Lampshade 1 | Light Shades",0.00,25.28,LIKELY LAMP SHADE,,,
Electricalsone,266188024153,WCB4WH+RPR44WH,Lampshade Table / Ceiling /pendant Lamps,Lampshade Table / Ceiling /pendant Lamps,"Cages | Easy_Fit_Lamp_Shades | LAMPSHADE | LIGHT_FIXTURE | Lamp Shade | Lamp shades, holders & accessories | Lampshade | Light Shades | Wire Cage",0.00,25.08,LIKELY LAMP SHADE,,,
Electricalsone,267588221096,LSFT220BL+RPR44WH,Modern Style Light Shade,Modern Style Light Shade,"Ceiling Pendant Lights | Easy_Fit_Lamp_Shades | LAMPSHADE | LIGHT_FIXTURE | Lamp Shade | Lamp shade | Lamp shades, holders & accessories | Lampshade | Light Shades",0.00,24.99,LIKELY LAMP SHADE,,,
Electricalsone,267453002570,LSCYRO120BM2PK+RPR44WH2PK,,,"LAMPSHADE | LIGHT_FIXTURE | Lamp shade | Lamp shades, holders & accessories | Lampshade | Lampshades & Lightshades",0.00,24.89,LIKELY LAMP SHADE,,,
Electricalsone,265232275665,LSBS160BL,LSCY290-blue lampshades,LSCY290-blue lampshades,"Easy_Fit_Lamp_Shades | HOME_LIGHTING_ACCESSORY | LAMPSHADE | LIGHT_FIXTURE | Lamp Shade | Lamp shade | Lamp shades, holders & accessories | Lampenschirme | Lampshade | Light Shades | PRODUCT",0.00,24.88,LIKELY LAMP SHADE,,,
Ledsone,164929789742,CRSF2003BC+PHNW1RBC3PK,Nest Cage Lights,Nest Cage Lights,Ceiling Pendant Lights | LAMPSHADE | LIGHT_FIXTURE | Pendant Light | Pendant Lighting,0.00,24.82,LIKELY LAMP SHADE,,,
Electricalsone,266908877143,WCFWROBM+RPR44WH,,,"Cages | Easy_Fit_Lamp_Shades | LAMPSHADE | Lamp shades, holders & accessories | Lampenschirm | Lampshade",0.00,24.78,LIKELY LAMP SHADE,,,
Sunsone,316137144885,LSMCBESBRE+RPM40WH,,,Ceiling Pendant Lights | Easy_Fit_Lamp_Shades | LAMPSHADE | LIGHT_FIXTURE | Lamp Shade | Lampshade | Lampshades & Lightshades | Light Shades | Vintage_Lamp_Lights,0.00,23.89,LIKELY LAMP SHADE,,,
Ledsone,168522561220,LSGL100145BL+RPM40WH,Dome Glass Lamp Shade,Dome Glass Lamp Shade,LAMPSHADE | Lamp Shade | Lampenschirme | Light Shades,0.00,23.42,LIKELY LAMP SHADE,,,
Huttenlampen,395144855968,WCWODV1BM+ICST64E27-IDE,sku not assigneds,sku not assigneds,"LIGHT_FIXTURE | Lamp shades, holders & accessories | Pendant Light | Pendant Lighting | Pendant_Lamp_Lights",0.00,22.89,LIKELY LAMP SHADE,,,
Sunsone,313803176904,CBFF109,Bracket Strap Brace Plate With Accessories Light,Bracket Strap Brace Plate With Accessories Light,"Ceiling Rose Brackets | Ceiling_Brackets | Ceiling_Rose_Brackets | Deckenrosetten Halterungen | Lamp shades, holders & accessories | Light Fittings | MOUNT_BRACKET | Side Fitting / Front Fitting | TOOLS",14.97,22.86,LIKELY LAMP SHADE,,,
Ledsone,164043595851,LSCY290AA,Curvy shade only,Curvy shade only,"Ceiling Pendant Lights | Easy_Fit_Lamp_Shades | LAMP | LAMPSHADE | LIGHT_FIXTURE | Lamp Shade | Lamp Shades | Lamp shade | Lamp shades, holders & accessories | Lampenschirm | Lampenschirme | Lampshade | Lampshade 1 | Lampshades & Lightshades | Light Shades",289.14,21.98,LIKELY LAMP SHADE,,,
Sunsone,316914051271,LSLT360BC+RPR44WH,4 Colour lampshade,4 Colour lampshade,"Easy_Fit_Lamp_Shades | LAMPSHADE | LIGHT_FIXTURE | Lamp Shade | Lamp shades, holders & accessories | Lampshade | Light Shades",10.19,21.98,LIKELY LAMP SHADE,,,
Ledsone,166858770805,LHBLE27BN2PK,Dome Holder,Dome Holder,"Lamp shades, holders & accessories",0.00,21.98,LIKELY LAMP SHADE,,,
Sunsone,313520872266,LSGL12010AR3PK+RPM40WH3PK,Big Barn shade,Big Barn shade,"LAMPSHADE | Lamp shades, holders & accessories | Lampshades & Lightshades | Light Shades",0.00,21.89,LIKELY LAMP SHADE,,,
ledsone de,405328533691,CRFF108BM+WSST70BM+WCLDBM,Long Cage pendant Light,Long Cage pendant Light,"Ceiling Pendant Lights | Ceiling_Lamp_Lights | LAMPSHADE | LIGHT_FIXTURE | Lamp shades, holders & accessories | Lampshade | Pendant Lighting | Wall lights | pendant lightss",0.00,21.89,LIKELY LAMP SHADE,,,
Sunsone,313629118179,CBSF100,Light fixing ceiling rose strap bracket strap,Light fixing ceiling rose strap bracket strap,"Ceiling Bracket Plate Accessory | Ceiling Rose Brackets | Ceiling_Brackets | Ceiling_Rose_Brackets | Deckenrosetten Halterungen | LIGHT_FIXTURE | Lamp shades, holders & accessories | MOUNT_BRACKET | PICTURE_HANGER | PRODUCT | Side Fitting / Front Fitting | TOOLS",0.00,21.64,LIKELY LAMP SHADE,,,
Electricalsone,266630626996,WCB4BC+RPR44WH,Vintage Style Metal Drum Lampshade,Vintage Style Metal Drum Lampshade,"Cages | Easy_Fit_Lamp_Shades | LAMPSHADE | LIGHT_FIXTURE | Lamp Shade | Lamp shade | Lamp shades, holders & accessories | Lampshade | Light Shades | Wire Cage",622.70,21.25,LIKELY LAMP SHADE,,,
ledsone uk de,163980603858,CRSF1202BM-IDE,EIN - UND MEHRPUNKT - DROP OUTLET DECKENROSE,EIN - UND MEHRPUNKT - DROP OUTLET DECKENROSE,"Accessory | Ceiling Rose | Ceiling Roses | Ceiling_rose | Deckenrosette | LAMPSHADE | LIGHT_FIXTURE | Lamp shades, holders & accessories | Lighting Accessories | Single_Outlet_Ceiling_Rose | TOOLS | WALL_PLATE",4.90,20.66,LIKELY LAMP SHADE,,,
Ledsone,165710052314,SCRN70BB2PK,Rustic decorative ring,Rustic decorative ring,"HOME | LAMPSHADE | Lamp shades, holders & accessories | Lighting Accessories | PRODUCT | Shade Ring",0.00,20.36,LIKELY LAMP SHADE,,,
Ledsone,166916828627,LSDO210BB+RPR44WH,sku not assigneds,sku not assigneds,"Easy_Fit_Lamp_Shades | LAMPSHADE | LIGHT_FIXTURE | Lamp Shade | Lamp shade | Lamp shades, holders & accessories | Lampshade | Lampshades & Lightshades | Light Shades | Lighting Accessories",9.89,19.98,LIKELY LAMP SHADE,,,
Ledsone,164590434616,LSDO210BB+RPR44WH,Small Dome Rustic,Small Dome Rustic,"Easy_Fit_Lamp_Shades | LAMPSHADE | LIGHT_FIXTURE | Lamp Shade | Lamp shade | Lamp shades, holders & accessories | Lampshades & Lightshades | Light Shades",0.00,19.98,LIKELY LAMP SHADE,,,
Ledsone,165034430470,CRFF140GL+LHNSE27YB+SCRN70BM+LSFT220BL,Colour Cone Lampshade Ceiling Lights,Colour Cone Lampshade Ceiling Lights,Ceiling Flush Lights | Ceiling Light | Ceiling lights | Deckenleuchten | LIGHT_FIXTURE,0.00,19.89,LIKELY LAMP SHADE,,,
Electricalsone,267773812004,CRSF120BM+LHLFE27BM+SCRN70YB+LSCY290WH,,Semi Flush Mount Ceiling Light Fixture White Dome Shade Modern Lamp Living room,LIGHT_FIXTURE,0.00,19.89,LIKELY LAMP SHADE,,,
Electricalsone,267609144520,TPOSBDBM,8N-AXHX-MSQX,8N-AXHX-MSQX,Bird Table Lamp | LAMP | LIGHT_FIXTURE | Light Shades | PRODUCT | Table & bedside lamps | Table Lamp | Table Lighting | Table Lights (USB-Chargeable),0.00,19.71,LIKELY LAMP SHADE,,,
Sunsone,316058550427,LSTF40BB2PK+RPR44WH2PK,sku not assigneds,sku not assigneds,"LAMPSHADE | LIGHT_FIXTURE | Lamp shades, holders & accessories",0.00,18.99,LIKELY LAMP SHADE,,,
Huttenlampen,398329212210,CRSF100BM+PHSQ1PBRYB+LSCY290BB,Curvy Square Lampshade,Curvy Square Lampshade,Pendant Lighting | Pendant_Lamp_Lights,0.00,18.99,LIKELY LAMP SHADE,,,
Sunsone,316980636895,LSMCBESBRE+RPM40WH,,,Ceiling Pendant Lights | Easy_Fit_Lamp_Shades | LAMPSHADE | LIGHT_FIXTURE | Lamp Shade | Lampshade | Lampshades & Lightshades | Light Shades | Vintage_Lamp_Lights,0.00,18.89,LIKELY LAMP SHADE,,,
Electricalsone,267383852713,LSMCBESBRE+RPM40WH,,,Ceiling Pendant Lights | Easy_Fit_Lamp_Shades | LAMPSHADE | LIGHT_FIXTURE | Lamp Shade | Lampshade | Lampshades & Lightshades | Light Shades | Vintage_Lamp_Lights,0.00,18.89,LIKELY LAMP SHADE,,,
Ledsone,164006555006,LSFT220BB+RPR44WH,sku not assigneds,sku not assigneds,"Ceiling Pendant Lights | Easy_Fit_Lamp_Shades | LAMPSHADE | LIGHT_FIXTURE | Lamp Shade | Lamp shade | Lamp shades, holders & accessories | Lampenschirme | Lampshade | Lampshades & Lightshades | Light Shades",151.77,18.84,LIKELY LAMP SHADE,,,
Electricalsone,266017329852,BC2W100-IDE,Lamp Shade Spring Clip Holder,Lamp Shade Spring Clip Holder,Andere,7.46,18.64,LIKELY LAMP SHADE,,,
Sunsone,315287058811,CRFF105BA,,,"Ceiling Rose | Ceiling Rose Hook Plate | Ceiling Roses | Ceiling_rose | LIGHT_FIXTURE | Lamp shades, holders & accessories | Single_Outlet_Ceiling_Rose",89.10,17.97,LIKELY LAMP SHADE,,,
Electricalsone,266198014153,CBSF100,ceiling rose strap bracket strap brace,ceiling rose strap bracket strap brace,"Ceiling Rose Brackets | Ceiling_Brackets | Ceiling_Rose_Brackets | Deckenrosetten Halterungen | LIGHT_FIXTURE | Lamp shades, holders & accessories | MOUNT_BRACKET | PICTURE_HANGER | PRODUCT | TOOLS",47.49,17.97,LIKELY LAMP SHADE,,,
Electricalsone,266191601113,CRFF105BA,MINI SINGLE OUTLET METAL CEILING ROSE,MINI SINGLE OUTLET METAL CEILING ROSE,"Ceiling Rose | Ceiling Rose Hook Plate | Ceiling Roses | Ceiling_rose | LIGHT_FIXTURE | Lamp shades, holders & accessories | Single_Outlet_Ceiling_Rose",0.00,17.97,LIKELY LAMP SHADE,,,
Ledsone,163316260510,CGCEBM5PK,Cord Grip,Cord Grip,"Cord grip | LAMP | Lamp shades, holders & accessories | Lighting Accessories",0.00,17.94,LIKELY LAMP SHADE,,,
Ledsone,164470570374,LSWD360BC+RPR44WH,Barn Lampshade,Barn Lampshade,"Easy_Fit_Lamp_Shades | LAMPSHADE | Lamp Shade | Lamp shades, holders & accessories | Light Shades",0.00,17.29,LIKELY LAMP SHADE,,,
ledsone de,405999788969,LSCY290GY+RPR44WH,sku not assigneds,sku not assigneds,"Easy_Fit_Lamp_Shades | LAMPSHADE | LIGHT_FIXTURE | Lamp Shade | Lamp shade | Lamp shades, holders & accessories | Lampshade | Light Shades",0.00,17.08,LIKELY LAMP SHADE,,,
Sunsone,314086876455,CRSF100BD+PHCH1PWRSBD+LSCP150BD,Vintage Industrial Retro Style Metal Lamp Shade,Vintage Industrial Retro Style Metal Lamp Shade,Ceiling Lights & Chandeliers | Ceiling Pendant Lights | LIGHT_FIXTURE | Pendant Lighting | Pendant_Holder | Pendant_Lamp_Lights | pendent light,0.00,16.99,LIKELY LAMP SHADE,,,
Sunsone,318057317791,WCPC170GR,Cage,Cage,"Conduit Lighting | LIGHT_FIXTURE | Lamp cage | Lamp shades, holders & accessories | Light Shades",0.00,16.99,LIKELY LAMP SHADE,,,
ledsone uk de,164753204358,RPR44WH,Light Shade,Light Shade,"HOME_LIGHTING_ACCESSORY | Käfig Lampenschirme | LAMPSHADE | Lamp shades, holders & accessories | Lampenschirme",0.00,16.90,LIKELY LAMP SHADE,,,
ledsone de,405327169190,LSCY290BI+RPR44WH,,,"Easy_Fit_Lamp_Shades | LAMP | LAMPSHADE | LIGHT_FIXTURE | Lamp Shade | Lamp Shades | Lamp shade | Lamp shades, holders & accessories | Lampenschirme | Lampshade | Lampshade 1 | Light Shades",68.69,16.89,LIKELY LAMP SHADE,,,
Sunsone,313970190887,WCVCBC2PK+RPR44WH2PK,Lamp Cage,Lamp Cage,"LAMPSHADE | LIGHT_FIXTURE | Lamp shades, holders & accessories | Lampenschirme | Light Shades",0.00,16.89,LIKELY LAMP SHADE,,,
Electricalsone,267094722848,CRSF100BM+PHHT1PBRBM+LSCYRO200BM,Pendant Light WCCY1SQ,Pendant Light WCCY1SQ,Ceiling Pendant Lights | LAMPSHADE | Pendant set | Pendelleuchte,43.00,16.79,LIKELY LAMP SHADE,,,
Electricalsone,266196441271,CRFF108BM+WSHR135BM+LSUL220BM,Light Shade Suspended Ceiling Lights Style Metal,Light Shade Suspended Ceiling Lights Style Metal,"Easy_Fit_Lamp_Shades | LAMPSHADE | LIGHT_FIXTURE | Lamp Shade | Lamp shade | Lamp shades, holders & accessories | Lampshade | Light Shades | Wall lights",70.51,16.72,LIKELY LAMP SHADE,,,
Ledsone,165857685861,LHTEE27RO,Tube Holder,Tube Holder,"Lamp Holders | Lamp shades, holders & accessories | Lamp_Holder | Lighting Accessories",0.00,16.47,LIKELY LAMP SHADE,,,
Sunsone,313533571471,LSBG136AR+SCRN70FG,Amber Glass Shade,Amber Glass Shade,"Easy_Fit_Lamp_Shades | LAMP | LAMPSHADE | Lamp Shade | Lamp shades, holders & accessories | Lampenschirme | Lampshade | Light Shades",33.78,16.29,LIKELY LAMP SHADE,,,
Huttenlampen,394424941501,LSCY290BL-IDE,Verschiedene Retro-Lampenschirme zum Aufhängen,Verschiedene Retro-Lampenschirme zum Aufhängen,LIGHT_FIXTURE | Lampenschirme,0.00,16.19,LIKELY LAMP SHADE,,,
ledsone de,405328533689,LSMS320BI+RPR44WH-IDE,32cm neu farbe lampenschirme,32cm neu farbe lampenschirme,"Easy_Fit_Lamp_Shades | LAMPSHADE | Lamp Shade | Lamp shade | Lamp shades, holders & accessories | Lampenschirm | Lampenschirme | Light Shades",16.03,16.03,LIKELY LAMP SHADE,,,
Sunsone,313614826113,CRSF100BM+LHNSE27YB+SCRN70BM+LSFT220BM,,Industrial Vintage Ceiling Light Fitting Metal Black Flush Mount Light Shade E27,Ceiling Flush Lights | Ceiling lights | Ceiling_Lamp_Lights | Deckenleuchte,0.00,15.99,LIKELY LAMP SHADE,,,
Ledsone,167027289851,CNP1000BM,Light Chain,Light Chain,"AGRICULTURAL_SUPPLIES | HOME_LIGHTING_AND_LAMPS | Hanging Chains | LIGHT_FIXTURE | LOCK | Lamp shades, holders & accessories | Lighting | TOOLS | chandeliers",0.00,15.98,LIKELY LAMP SHADE,,,
Ledsone,165959895226,LSGL6016CL,Ceiling Lamp Shade,Ceiling Lamp Shade,"LAMPSHADE | LIGHT_FIXTURE | Lamp shades, holders & accessories | Light Shades",87.67,15.89,LIKELY LAMP SHADE,,,
Ledsone,163225404503,LSFT220BG2PK+RPR44WH2PK,Modern Style Light Shade,Modern Style Light Shade,"Easy_Fit_Lamp_Shades | LAMPSHADE | LIGHT_FIXTURE | Lamp Shade | Lamp shades, holders & accessories | Lampenschirme | Lampshades & Lightshades | Light Shades",0.00,15.89,LIKELY LAMP SHADE,,,
Electricalsone,266912024407,CRSF100BM+PHSH1PBRBM+SCRN70BM+LSTF40BM,Industrial Metal Ceiling Pendant Light Shade,Industrial Metal Ceiling Pendant Light Shade,Ceiling_Lamp_Lights | LIGHT_FIXTURE | Pendant Lighting | Pendant_Lamp_Lights,0.00,15.89,LIKELY LAMP SHADE,,,
Ledsone,166842975500,LSCY210BG+RPR44WH,,,"Easy_Fit_Lamp_Shades | LAMPSHADE | LIGHT_FIXTURE | Lamp Shade | Lamp Shades | Lamp shade | Lamp shades, holders & accessories | Lampenschirme | Lampshade | Light Shades",0.00,15.85,LIKELY LAMP SHADE,,,
Ledsone,164257765818,CRSF100YB+WSSS70YB+SCRN70YB+LSFT220YB,,Industrial Vintage Semi Flush Ceiling Light Mount Cone shade Easy Fit Retro Lamp,Ceiling_Lamp_Lights | Wall lights,0.00,15.38,LIKELY LAMP SHADE,,,
Electricalsone,266196591122,CRSF100CH+WSSS70CH+LSFT220CH,Metal Pendant Light Shade Chandelier Retro,Metal Pendant Light Shade Chandelier Retro,Ceiling Lights & Chandeliers | Ceiling lights | LIGHT_FIXTURE | Wall Lighting | Wall lights,0.00,14.95,LIKELY LAMP SHADE,,,
Ledsone,167857142024,LSTF400BM+RPR44WH,Flat Cone Lampshade,Flat Cone Lampshade,"LAMPSHADE | Lamp Shade | Lamp shades, holders & accessories | Lampshade | Light Shades",0.00,14.89,LIKELY LAMP SHADE,,,
Electricalsone,267676297072,LSFC300BG,LSFC300BG,LSFC300BG,"LAMPSHADE | Lamp shades, holders & accessories | Light Shades",0.00,14.89,LIKELY LAMP SHADE,,,
Ledsone,167547056348,CRFF500BM+WCSC1BM3PK,Cluster hanging lamp,Cluster hanging lamp,Ceiling Lights & Chandeliers | LIGHT_FIXTURE | Lampshade | Pendant Lighting | Pendant_Lamp_Lights | Pendelleuchten,92.66,14.87,LIKELY LAMP SHADE,,,
Sunsone,313970196201,CRFF140GL+WSWH135BM+LSDO210BL,Industrial Retro Style Black Wall Scones Lampshade,Industrial Retro Style Black Wall Scones Lampshade,Indoor Wall Lights | LIGHT_FIXTURE | PRODUCT | Wall Light | Wall Lighting | Wall Lights | Wall lights | Wall_Lamp_Shades_Lighting | Wandleuchten,0.00,14.81,LIKELY LAMP SHADE,,,
Sunsone,316098644665,LSCY290AA,Curvy shade only,Curvy shade only,"Ceiling Pendant Lights | Easy_Fit_Lamp_Shades | LAMP | LAMPSHADE | LIGHT_FIXTURE | Lamp Shade | Lamp Shades | Lamp shade | Lamp shades, holders & accessories | Lampenschirme | Lampshade | Lampshade 1 | Light Shades",0.00,14.59,LIKELY LAMP SHADE,,,
Huttenlampen,394108402532,LSCY210BM+RPR44WH,Barn Slot Lampenschirm,Barn Slot Lampenschirm,"Easy_Fit_Lamp_Shades | LAMPSHADE | LIGHT_FIXTURE | Lamp Shade | Lamp shade | Lamp shades, holders & accessories | Lampenschirme | Lampshade | Lampshades & Lightshades | Light Shades",22.78,14.49,LIKELY LAMP SHADE,,,
Electricalsone,267285414972,CRSF100BM+PHCH1BMRBM+LSCY290BM,Vintage Ceiling Pendant Light Curvy Metal Shade,Vintage Ceiling Pendant Light Curvy Metal Shade,Ceiling Pendant Lights | Ceiling_Lamp_Lights | Hängelampen | LIGHT_FIXTURE | Pendant Lighting | Pendant_Lamp_Lights | Pendelleuchte | Pendelleuchten | pendant light | pendant lightss,116.56,14.27,LIKELY LAMP SHADE,,,
ledsone uk de,164311893529,LSCY290BB+RPR44WH-IDE,Curvy shade only,Curvy shade only,Lampenschirme | Lampshades & Lightshades,14.23,14.23,LIKELY LAMP SHADE,,,
Ledsone,168253845918,LSGLULAR+RPM40WH,Ribbed Glass Lamp Shade-20cm,Ribbed Glass Lamp Shade-20cm,Lampenschirm | Lampenschirme | Lampshade | Lampshades & Lightshades | Light Shades,0.00,14.22,LIKELY LAMP SHADE,,,
Electricalsone,265809829307,SCRN70BM-IDE,SCRN70,SCRN70,Andere | LAMPSHADE,9.06,14.04,LIKELY LAMP SHADE,,,
Sunsone,316898647283,LSCY290AA+RPR44WH,sku not assigneds,sku not assigneds,"Easy_Fit_Lamp_Shades | LAMP | LAMPSHADE | LIGHT_FIXTURE | Lamp Shade | Lamp Shades | Lamp shade | Lamp shades, holders & accessories | Lampenschirme | Lampshade | Lampshade 1 | Light Shades",201.84,13.99,LIKELY LAMP SHADE,,,
Ledsone,163815323220,CRSF108BM+HK10BM,108mm ceiling rose + Hook,108mm ceiling rose + Hook,"Ceiling Rose | Lamp shades, holders & accessories | Lighting Accessories | STORAGE_HOOK",0.00,13.98,LIKELY LAMP SHADE,,,
Ledsone,163999115806,SPSD68SN2PK,Chandelier hook plate accessories,Chandelier hook plate accessories,"Lamp shades, holders & accessories | STORAGE_HOOK | Sand_Papers",0.00,13.98,LIKELY LAMP SHADE,,,
Electricalsone,266224434624,WCDEBC,,,"Easy_Fit_Lamp_Shades | LAMPSHADE | Lamp shades, holders & accessories",0.00,13.90,LIKELY LAMP SHADE,,,
Electricalsone,267647140882,WCBSF120FG+RPR44WH,French Gold Crystal Pendant Ceiling Light Shade,French Gold Crystal Pendant Ceiling Light Shade,"Easy_Fit_Lamp_Shades | LAMPSHADE | Lamp Shade | Lamp shades, holders & accessories | Lampenschirme | Lampshades & Lightshades",0.00,13.89,LIKELY LAMP SHADE,,,
Electricalsone,267445843003,WCB1BB2PK+RPR44WH2PK,,,"LAMP | LAMPSHADE | LIGHT_FIXTURE | Lamp shades, holders & accessories | Light Shades",0.00,13.85,LIKELY LAMP SHADE,,,
ledsone de,405505508860,WCDRBM,sku not assigneds,sku not assigneds,"Easy_Fit_Lamp_Shades | LAMPSHADE | LIGHT_FIXTURE | Lamp shades, holders & accessories | Wall Light",0.00,13.82,LIKELY LAMP SHADE,,,
Sunsone,317034900659,LSMS320BI+RPR44WH,,,"Easy Fit | Easy_Fit_Lamp_Shades | LAMPSHADE | LIGHT_FIXTURE | Lamp Shade | Lamp shade | Lamp shades, holders & accessories | Lampenschirm | Lampenschirme | Lampshade | Light Shades",0.00,13.69,LIKELY LAMP SHADE,,,
Electricalsone,267619185809,SCRN70BM2PK,SCRN70_02V,SCRN70_02V,"LAMPSHADE | Lamp shades, holders & accessories | Lighting Accessories | Shade Ring",0.00,12.99,LIKELY LAMP SHADE,,,
Electricalsone,266190312594,LSCY210RR+RPR44WH,Rustuc Red Vintage industrial Ceiling Pendant,Rustuc Red Vintage industrial Ceiling Pendant,"Easy_Fit_Lamp_Shades | LAMPSHADE | LIGHT_FIXTURE | Lamp Shade | Lamp shade | Lamp shades | Lamp shades, holders & accessories | Lampenschirme | Lampshade | Light Shades",0.00,12.98,LIKELY LAMP SHADE,,,
Electricalsone,267400447839,LSMS320BI+RPR44WH,Industrial Easy Fit Lamp Shades for Kitchen Bedro,Industrial Easy Fit Lamp Shades for Kitchen Bedro,"Easy Fit | Easy_Fit_Lamp_Shades | LAMPSHADE | LIGHT_FIXTURE | Lamp Shade | Lamp shade | Lamp shades, holders & accessories | Lampenschirm | Lampenschirme | Lampshade | Light Shades",26.98,12.92,LIKELY LAMP SHADE,,,
Ledsone,165575417168,CNT900BM2PK,sku not assigneds,sku not assigneds,"Hanging Chains | LIGHT_FIXTURE | Lamp shades, holders & accessories",50.27,12.89,LIKELY LAMP SHADE,,,
Sunsone,313487928265,LSSS300BB+RPR44WH,Barn slotted lamp shade,Barn slotted lamp shade,"Easy_Fit_Lamp_Shades | LAMPSHADE | LIGHT_FIXTURE | Lamp Shade | Lamp shade | Lamp shades, holders & accessories | Lampenschirm | Lampenschirme | Lampshade | Light Shades | PRODUCT",12.89,12.89,LIKELY LAMP SHADE,,,
Ledsone,167563481274,SPSSDBMAPK,Chandelier hook plate accessories,Chandelier hook plate accessories,"Hooks and Rings | Lamp shades, holders & accessories | STORAGE_HOOK | TEMPORARY_HANGER_HOOK",0.00,12.78,LIKELY LAMP SHADE,,,
Huttenlampen,395252402173,LSCY290BB+RPR44WH-IDE,,,"Easy_Fit_Lamp_Shades | LAMPSHADE | LIGHT_FIXTURE | Lamp Shade | Lamp shade | Lamp shades, holders & accessories | Lampenschirm | Lampenschirme | Lampshade 1 | Light Shades | TOOLS",100.12,12.74,LIKELY LAMP SHADE,,,
Electricalsone,266910318211,LSCY210BG+RPR44WH-IDE,sku not assigned,sku not assigned,Lampenschirme,0.00,12.69,LIKELY LAMP SHADE,,,
ledsone de,405328533733,LSCY210BG+RPR44WH-IDE,sku not assigneds,sku not assigneds,Lampenschirme,12.78,12.49,LIKELY LAMP SHADE,,,
ledsone uk de,164413773820,LSCY290BB+RPR44WH-IDE,Pendant lampshade,Pendant lampshade,LAMPSHADE | LIGHT_FIXTURE | Lampenschirme,0.00,12.49,LIKELY LAMP SHADE,,,
Ledsone,165316958689,CRSFDUMMYSKU,Metal lampshade,Metal lampshade,"Easy Fit | Easy_Fit_Lamp_Shades | LAMPSHADE | LED_Lights | LIGHT_FIXTURE | Lamp Shade | Lamp shade | Lamp shades, holders & accessories | Lamp_Holder | Lampenschirm | Lampenschirme | Lampshade | Lampshades & Lightshades | Light Shades | Wall Light | cage light | home-applications | mail bag",0.00,12.49,LIKELY LAMP SHADE,,,
ledsone de,406166207748,LSCY210BG+RPR44WH,sku not assigneds,sku not assigneds,"Easy_Fit_Lamp_Shades | LAMPSHADE | LIGHT_FIXTURE | Lamp Shade | Lamp Shades | Lamp shade | Lamp shades, holders & accessories | Lampenschirme | Lampshade | Lampshades & Lightshades | Light Shades | PRODUCT",12.09,12.09,LIKELY LAMP SHADE,,,
Ledsone,163503674745,CRSFDUMMYSKU,Black / Brass Pendant lampshade,Black / Brass Pendant lampshade,"Accessory | Andere | Ceiling Rose | HOME | LAMPSHADE | LED_Lights | LIGHT_BULB_SOCKET | Lamp shades, holders & accessories | Lamp_Holder | Lamp_Spares | Lampshades & Lightshades | Lighting Accessories | PRODUCT | Shade RIng | Shade Ring | Wall Light | cage light | home-applications | mail bag",3.49,11.97,LIKELY LAMP SHADE,,,
Ledsone,168246413211,LSGLULAR+RPM40WH,Cylinder Lampshade,Cylinder Lampshade,Lampenschirm | Lampenschirme | Lampshade | Lampshades & Lightshades | Light Shades,0.00,11.89,LIKELY LAMP SHADE,,,
Sunsone,313614825876,CRFF100BM,FFCR,FFCR,"Ceiling Rose | Ceiling Roses | Ceiling_rose | LIGHT_FIXTURE | Lamp shades, holders & accessories | Lighting Accessories | Lighting Parts | Single_Outlet_Ceiling_Rose",19.52,11.78,LIKELY LAMP SHADE,,,
ledsone de,405927634465,LSHQ150BM+RPR44WH,,,"Easy_Fit_Lamp_Shades | LAMPSHADE | Lamp Shade | Lamp shades, holders & accessories | Lampshades & Lightshades | Light Shades",0.00,11.53,LIKELY LAMP SHADE,,,
Huttenlampen,394515463090,RPM40BM2PK-IDE,Adapterring aus Metall für Lampenschirm,Adapterring aus Metall für Lampenschirm,Andere,0.00,11.34,LIKELY LAMP SHADE,,,
Ledsone,165365610088,CRSFDUMMYSKU,21cm dome lamps,21cm dome lamps,"Easy_Fit_Lamp_Shades | LAMPSHADE | LED_Lights | LIGHT_FIXTURE | Lamp Shade | Lamp shade | Lamp shades, holders & accessories | Lamp_Holder | Lampshades & Lightshades | Light Shades | Wall Light | cage light | home-applications | mail bag",0.00,10.99,LIKELY LAMP SHADE,,,
Ledsone,165573990266,LSCP150BA+RPR44WH,Mug Shape shades,Mug Shape shades,"Easy_Fit_Lamp_Shades | LAMPSHADE | Lamp Shade | Lamp shade | Lamp shades, holders & accessories | Lampshade | Light Shades",0.00,10.99,LIKELY LAMP SHADE,,,
Sunsone,315133879231,WCDTGD+RPR44WH,,Ceiling Pendant Light Shade Vintage Industrial Geometric Metal Cage Lampshade,"Easy_Fit_Lamp_Shades | LAMPSHADE | LIGHT_FIXTURE | Lamp Shade | Lamp shades | Lamp shades, holders & accessories | Lampshade | Light Shades | Wire Cage | wire cage",0.00,10.89,LIKELY LAMP SHADE,,,
ledsone uk de,166020420767,LSCY210BG+RPR44WH-IDE,Lampenschirm,Lampenschirm,Lampenschirme,0.00,10.85,LIKELY LAMP SHADE,,,
Ledsone,166887385832,LSDM220CH+RPR44WH,New lampshade,New lampshade,"Easy_Fit_Lamp_Shades | LAMPSHADE | Lamp Shade | Lamp shades, holders & accessories | Lampshade | Light Shades",0.00,10.70,LIKELY LAMP SHADE,,,
Ledsone,163707302633,CBFF109,eiling rose strap bracket strap,eiling rose strap bracket strap,"Ceiling Rose Brackets | Ceiling_Brackets | Ceiling_Rose_Brackets | Deckenrosetten Halterungen | Lamp shades, holders & accessories | Light Fittings | MOUNT_BRACKET | TOOLS | ceiling plate bracket",0.00,10.58,LIKELY LAMP SHADE,,,
Huttenlampen,394001678626,WCDCBC+RPR44WH-IDE,Lampenschirm Metall,Lampenschirm Metall,"Cages | Easy_Fit_Lamp_Shades | LAMPSHADE | Lamp Shade | Lamp shades, holders & accessories | Lampenschirm | Lampenschirme | Lampshade | wire cage",10.39,10.39,LIKELY LAMP SHADE,,,
Huttenlampen,394186849322,WCBNBC-IDE,Käfig aus Ballondraht,Käfig aus Ballondraht,LIGHT_FIXTURE | Lampenschirme,0.00,10.29,LIKELY LAMP SHADE,,,
Electricalsone,266122735475,LSFT220BB+RPR44WH,Industrial Retro Pendant Lampshades Easy Fit,Industrial Retro Pendant Lampshades Easy Fit,"Ceiling Pendant Lights | Easy_Fit_Lamp_Shades | LAMPSHADE | LIGHT_FIXTURE | Lamp Shade | Lamp shade | Lamp shades, holders & accessories | Lampenschirme | Lampshade | Lampshades & Lightshades | Light Shades",0.00,10.22,LIKELY LAMP SHADE,,,
Electricalsone,267357327442,LSFT220BC+RPR44WH,sku not assigneds,sku not assigneds,"Ceiling Pendant Lights | Easy_Fit_Lamp_Shades | LAMPSHADE | LIGHT_FIXTURE | Lamp Shade | Lamp shade | Lamp shades, holders & accessories | Lampenschirme | Lampshade | Lampshades & Lightshades | Light Shades",0.00,10.22,LIKELY LAMP SHADE,,,
Ledsone,164068060437,HRE1428BM2PK,Holder Collar Ring,Holder Collar Ring,"Hooks and Rings | LAMPSHADE | Lamp Holders | Lamp shades, holders & accessories | Lamp_Holder | Lighting Accessories | Lighting Fixtures",47.32,10.18,LIKELY LAMP SHADE,,,
Sunsone,316699420603,LSCP150BA+RPR44WH-IDE,Pendelleuchte Retro Industrielampe Deckenlampen,Pendelleuchte Retro Industrielampe Deckenlampen,Lampenschirme,0.00,10.12,LIKELY LAMP SHADE,,,
Ledsone,164962387430,WCB1BB+RPR44WH,small pattern lampshade,small pattern lampshade,"Cages | Easy_Fit_Lamp_Shades | LAMPSHADE | LIGHT_FIXTURE | Lamp Shade | Lamp shades, holders & accessories | Lampshade | Light Shades | Wire Cage | wire cage",71.12,9.99,LIKELY LAMP SHADE,,,
Ledsone,166994858817,LSDO300BI+RPR44WH,30cm Industrial Vintage Retro Metal Large,30cm Industrial Vintage Retro Metal Large,"Easy_Fit_Lamp_Shades | LAMPSHADE | LIGHT_FIXTURE | Lamp Shade | Lamp shades, holders & accessories | Lampshade",0.00,9.99,LIKELY LAMP SHADE,,,
Ledsone,167712631074,WCSPROBM+RPR44WH,sku not assigneds,sku not assigneds,"Cages | Easy_Fit_Lamp_Shades | LAMP | LAMPSHADE | Lamp shades, holders & accessories | Lampshade",0.00,9.99,LIKELY LAMP SHADE,,,
Sunsone,318264086497,WCFWROBM+RPR44WH,Cage Shade,Cage Shade,"Cages | Easy_Fit_Lamp_Shades | LAMPSHADE | Lamp shades, holders & accessories | Lampenschirm | Lampshade",0.00,9.99,LIKELY LAMP SHADE,,,
Electricalsone,265660310932,LSFT220BB+RPR44WH,Pendant Light Shade,Pendant Light Shade,"Ceiling Pendant Lights | Easy_Fit_Lamp_Shades | LAMPSHADE | LIGHT_FIXTURE | Lamp Shade | Lamp shade | Lamp shades, holders & accessories | Lampenschirme | Lampshade | Light Shades",0.00,9.99,LIKELY LAMP SHADE,,,
Electricalsone,267184264594,LSCP150BA+RPR44WH,Mug Shape shades,Mug Shape shades,"Easy_Fit_Lamp_Shades | LAMPSHADE | Lamp Shade | Lamp shade | Lamp shades, holders & accessories | Lampshade | Light Shades",19.78,9.89,LIKELY LAMP SHADE,,,
Electricalsone,267659245801,LSGL15014CL+RPM40WH,,"Clear Glass Lamp Shade E27 Modern Pendant Light Shade for Table, Floor & Hanging",LAMPSHADE,0.00,9.89,LIKELY LAMP SHADE,,,
Sunsone,313518568800,LSFT220BB+RPR44WH,22cm Glossy Cone Shade,22cm Glossy Cone Shade,"Ceiling Pendant Lights | Easy_Fit_Lamp_Shades | LAMPSHADE | LIGHT_FIXTURE | Lamp Shade | Lamp shade | Lamp shades, holders & accessories | Lampenschirme | Lampshade | Light Shades",0.00,9.42,LIKELY LAMP SHADE,,,
ledsone uk de,167185293429,LSBS160BL,Lampenschirme aus Metall,Lampenschirme aus Metall,"CELLULAR_PHONE_CASE | Easy_Fit_Lamp_Shades | HOME_LIGHTING_ACCESSORY | LAMPSHADE | LIGHT_FIXTURE | Lamp Shade | Lamp shade | Lamp shades, holders & accessories | Lampenschirme | Lampshade | Lampshade 1 | Light Shades | PRODUCT",0.00,9.37,LIKELY LAMP SHADE,,,
Huttenlampen,394451988106,CRSF1202BM-IDE,Metall Deckenbaldachin,Metall Deckenbaldachin,"Ceiling Rose | Ceiling_rose | Deckenrosette | LIGHT_FIXTURE | Lamp shades, holders & accessories | Lamps | Single_Outlet_Ceiling_Rose | TOOLS",43.86,9.22,LIKELY LAMP SHADE,,,
ledsone uk de,164980390336,LSCY210BC+RPR44WH-IDE,Rustic Lampshade,Rustic Lampshade,LAMPSHADE | LIGHT_FIXTURE | Lampenschirme | Pendelleuchte,21.98,9.15,LIKELY LAMP SHADE,,,
Ledsone,164997908416,WCBNBC,Balloon Lampshade,Balloon Lampshade,"Easy_Fit_Lamp_Shades | HOME_LIGHTING_ACCESSORY | LAMPSHADE | LIGHT_FIXTURE | Lamp Shade | Lamp shades, holders & accessories | Lampshade | Wire Cage | cage",0.00,8.99,LIKELY LAMP SHADE,,,
Ledsone,165418627357,CRSF1202BM+HK10BM2PK,,,"Ceiling Rose | Lamp shades, holders & accessories | Multi_Outlet_Ceiling_Rose",0.00,8.99,LIKELY LAMP SHADE,,,
Ledsone,163676435473,CRSF2003BB,3 Way ceiling rose,3 Way ceiling rose,"Accessory | Ceiling Rose | Ceiling Roses | Ceiling_rose | LIGHT_FIXTURE | Lamp shades, holders & accessories | Multi_Outlet_Ceiling_Rose",56.57,8.89,LIKELY LAMP SHADE,,,
Electricalsone,267031698686,CNP1000BM,Chandelier Light Chain,Chandelier Light Chain,"AGRICULTURAL_SUPPLIES | HOME_LIGHTING_AND_LAMPS | Hanging Chains | LIGHT_FIXTURE | LOCK | Lamp shades, holders & accessories | Lighting | TOOLS | chandeliers",0.00,8.49,LIKELY LAMP SHADE,,,
Electricalsone,267327126752,LSTF40BC+RPR44WH,4cm flat lampshade,4cm flat lampshade,"Easy_Fit_Lamp_Shades | LAMPSHADE | LIGHT_FIXTURE | Lamp Shade | Lamp shade | Lamp shades, holders & accessories | Lampshade",0.00,8.28,LIKELY LAMP SHADE,,,
Sunsone,314072770959,CNT900BM,Light Chain 38mm x 16mm for lighting ceiling light,Light Chain 38mm x 16mm for lighting ceiling light,"Accessories | Hanging Chain | Hanging Chains | LIGHT_FIXTURE | Lamp shades, holders & accessories | Lighting Accessories | TOOLS",0.00,7.99,LIKELY LAMP SHADE,,,
Sunsone,315220559282,CNP1000BM,sku not assigneds,sku not assigneds,"HOME_LIGHTING_AND_LAMPS | Hanging Chains | LIGHT_FIXTURE | LOCK | Lamp shades, holders & accessories | Lighting | TOOLS | chandeliers",0.00,7.99,LIKELY LAMP SHADE,,,
Electricalsone,267060363966,CNT900BM,chain,chain,"Accessories | Hanging Chain | Hanging Chains | LIGHT_FIXTURE | Lamp shades, holders & accessories | Lighting Accessories | TOOLS",0.00,7.99,LIKELY LAMP SHADE,,,
Ledsone,166294101739,LHRFE27BM,Umbrella Holder With Shade Ring,Umbrella Holder With Shade Ring,"LIGHT_BULB_SOCKET | Lamp Holder | Lamp Holders | Lamp shades, holders & accessories | Lamp_Holder",66.68,7.89,LIKELY LAMP SHADE,,,
Ledsone,164613870692,SPSD78GD2PK,Golden Spider accessories,Golden Spider accessories,"Ceiling Lights & Chandeliers | Lamp shades, holders & accessories",0.00,7.89,LIKELY LAMP SHADE,,,
Ledsone,164397628820,CRFF105BA+HK10BM,New Ceiling rose,New Ceiling rose,"Ceiling Rose | Ceiling Rose Hook Plate | Ceiling Roses | Ceiling_rose | LIGHT_FIXTURE | Lamp shades, holders & accessories | Single_Outlet_Ceiling_Rose",6.89,6.99,LIKELY LAMP SHADE,,,
ledsone uk de,167278818671,LSTF40BC+RPR44WH,flat lampshade,flat lampshade,"Easy_Fit_Lamp_Shades | LAMPSHADE | LIGHT_FIXTURE | Lamp Shade | Lamp shade | Lamp shades, holders & accessories | Lampshade",0.00,6.88,LIKELY LAMP SHADE,,,
Huttenlampen,394485337705,BC2W100-IDE,Lampenschirm-Federcliphalter,Lampenschirm-Federcliphalter,Andere,0.00,6.58,LIKELY LAMP SHADE,,,
Ledsone,163892780933,LSTF40BC+RPR44WH,Flat 4cm H Lamp shade,Flat 4cm H Lamp shade,"Easy_Fit_Lamp_Shades | LAMPSHADE | LIGHT_FIXTURE | Lamp Shade | Lamp shade | Lamp shades, holders & accessories | Lampshade",0.00,6.42,LIKELY LAMP SHADE,,,
Electricalsone,265413177661,RPR44WH2PK,,Lampshade Reducer Ring White Reducing Adapter Plate / Washer Light fitting,"HOME_LIGHTING_ACCESSORY | LAMPSHADE | Lamp shades, holders & accessories | Lighting Accessories",14.97,5.99,LIKELY LAMP SHADE,,,
Electricalsone,265660352959,CRFF10020BA,Square Ceiling Rose,Square Ceiling Rose,"Ceiling Rose | Ceiling_rose | Lamp shades, holders & accessories | Single_Outlet_Ceiling_Rose",0.00,5.99,LIKELY LAMP SHADE,,,
Ledsone,167712627481,CBFA200BM2PK,86-QSIA-YEIX,86-QSIA-YEIX,"Ceiling Bracket Plate Accessory | Ceiling Rose Brackets | HARDWARE | LIGHT_FIXTURE | Lamp shades, holders & accessories | Light Fittings | MOUNT_BRACKET",11.32,5.93,LIKELY LAMP SHADE,,,
Ledsone,165764994028,LHBHE27BA,Bottle Holders,Bottle Holders,"LIGHT_FIXTURE | Lamp Holders | Lamp shades, holders & accessories | Lamp_Holder",0.00,5.89,LIKELY LAMP SHADE,,,
Ledsone,167954218484,CNS500BB,GH-0CDR-90MP,GH-0CDR-90MP,"Hanging Chains | LIGHT_FIXTURE | LOCK | Lamp shades, holders & accessories | Suspension kits (chains, cables, rods)",0.00,5.69,LIKELY LAMP SHADE,,,
Electricalsone,266203481221,LHEDE27GD,Lamp Holder | BC | B22 | Bayonet Cap Lamp Holder,Lamp Holder | BC | B22 | Bayonet Cap Lamp Holder,"Lamp Holder | Lamp Holders | Lamp shades, holders & accessories | Lamp_Holder",62.16,5.49,LIKELY LAMP SHADE,,,
Sunsone,312894053871,CBSF105,Ceiling Bracket Plates,Ceiling Bracket Plates,"Ceiling Rose Brackets | Ceiling_Brackets | Ceiling_Rose_Brackets | Deckenrosetten Halterungen | LIGHT_FIXTURE | Lamp shades, holders & accessories | MOUNT_BRACKET | PICTURE_HANGER | PRODUCT | Side Fitting / Front Fitting | TOOLS | ceiling plate bracket",24.85,5.49,LIKELY LAMP SHADE,,,
Electricalsone,266196441737,CBSF100,ceiling rose strap bracket strap brace,ceiling rose strap bracket strap brace,"Ceiling Rose Brackets | Ceiling_Brackets | Ceiling_Rose_Brackets | Deckenrosetten Halterungen | LIGHT_FIXTURE | Lamp shades, holders & accessories | MOUNT_BRACKET | PICTURE_HANGER | PRODUCT | TOOLS",0.00,5.49,LIKELY LAMP SHADE,,,
Electricalsone,265660324878,CBSF100-IDE,Deckenrosette Lampenzubehör,Deckenrosette Lampenzubehör,"Ceiling Rose Brackets | Ceiling_Brackets | Ceiling_Rose_Brackets | Deckenplatte_Halterung | Deckenrosetten Halterungen | Lamp shades, holders & accessories | MOUNT_BRACKET | TOOLS",0.00,5.20,LIKELY LAMP SHADE,,,
Ledsone,165467937925,CBMPBD,Support Plate,Support Plate,"Ceiling Rose Brackets | Ceiling_Rose_Brackets | Lamp shades, holders & accessories | Plate Part Accessories | Plugin_Lighting",0.00,5.09,LIKELY LAMP SHADE,,,
Sunsone,313970196210,RPM40BM2PK,Ring Light Fitting Washer / Converter Metal,Ring Light Fitting Washer / Converter Metal,"LAMPSHADE | Lamp shades, holders & accessories | Lamp_Spares | Lighting Accessories",0.00,5.09,LIKELY LAMP SHADE,,,
Ledsone,163507304296,RPM40BM2PK,2x Metal Lamp Shade Reducer Plate,2x Metal Lamp Shade Reducer Plate,"LAMPSHADE | Lamp shades, holders & accessories | Lamp_Spares | Lighting Accessories",11.78,4.99,LIKELY LAMP SHADE,,,
Electricalsone,266190305688,LHEDE27GD,Lamp Holder | BC | B22 | Bayonet Cap Lamp Holder,Lamp Holder | BC | B22 | Bayonet Cap Lamp Holder,"Lamp Holder | Lamp Holders | Lamp shades, holders & accessories | Lamp_Holder",10.38,4.99,LIKELY LAMP SHADE,,,
Ledsone,163739085310,CRFF108BY+CGCYBM,108mm ceiling rose,108mm ceiling rose,"Lamp shades, holders & accessories",0.00,3.89,LIKELY LAMP SHADE,,,
Electricalsone,266410293825,LS2CA800SG,MODERN GOLD ACRYLIC CRYSTAL PENDANT LIGHT,MODERN GOLD ACRYLIC CRYSTAL PENDANT LIGHT,"Ceiling Pendant Lights | Chandelier Light | Crystal Lighting | Kronleuchter | LIGHT_FIXTURE | Lamp shades, holders & accessories",496.78,0.00,LIKELY LAMP SHADE,,,
Ledsone,166286411198,LSCA280SG,Crystal Ceiling Pendant Light,Crystal Ceiling Pendant Light,"Ceiling Lights | Ceiling Pendant Lights | Chandelier Light | Crystal Lighting | Kronleuchter | LIGHT_FIXTURE | Lamp shades, holders & accessories",257.99,0.00,LIKELY LAMP SHADE,,,
Ledsone,164666761396,LSMS320BI+RPR44WH,Metal lampshade,Metal lampshade,"Easy Fit | Easy_Fit_Lamp_Shades | LAMPSHADE | LIGHT_FIXTURE | Lamp Shade | Lamp shade | Lamp shades, holders & accessories | Lampenschirm | Lampenschirme | Lampshade | Light Shades",256.81,0.00,LIKELY LAMP SHADE,,,
Sunsone,314573312717,CRFF500RO+PHSH1PBRRO3PK+WCLCRO3PK,Pendant Lamp 1 / 3 Way Hanging Metal Cage Vintage,Pendant Lamp 1 / 3 Way Hanging Metal Cage Vintage,LAMPSHADE | LIGHT_FIXTURE | Pendant Lighting | pendant light,194.61,0.00,LIKELY LAMP SHADE,,,
Electricalsone,266198003811,LHEDE27GD,Lamp Holder | BC | B22 | Bayonet Cap Lamp Holder,Lamp Holder | BC | B22 | Bayonet Cap Lamp Holder,"Lamp Holder | Lamp Holders | Lamp shades, holders & accessories | Lamp_Holder",191.92,0.00,LIKELY LAMP SHADE,,,
Ledsone,167222238767,CRSFDUMMYSKU1,,,"LAMPSHADE | Lamp shade | Lamp shades, holders & accessories | Lampshade | Lampshades & Lightshades | Light Shades | home-applications | mail bag",177.77,0.00,LIKELY LAMP SHADE,,,
ledsone de,405522249414,CRSF100BM+PHSH1PBRCO+LSSS300RR,All Colour Lampshade,All Colour Lampshade,Ceiling Lights & Chandeliers | Ceiling_Lamp_Lights | LIGHT_FIXTURE | Lighting Fixtures | Pendant Lighting | Pendant_Lamp_Lights | Pendelleuchte | hängelampe grün | pendant light | pendant lights | pendant lightss,160.47,0.00,LIKELY LAMP SHADE,,,
Ledsone,164902071031,PHCT1BMRBM+PHDO1PBRBM+LSCY290CH,Curvy Lampshade Pendant light,Curvy Lampshade Pendant light,Ceiling Lights & Chandeliers | LIGHT_FIXTURE | Pendant Lighting | Pendelleuchten,159.45,0.00,LIKELY LAMP SHADE,,,
Electricalsone,267258741016,CRSF100BM+LHNSE27YB+LSDM220GS,Industrial Ceiling Light E27 Metal Lamp Shade,Industrial Ceiling Light E27 Metal Lamp Shade,Ceiling Flush Lights | Ceiling Lights | Ceiling Pendant Lights | Ceiling lights | Ceiling_Lamp_Lighting | LIGHT_FIXTURE | Unterputz-Lampe | pendant lightss,152.92,0.00,LIKELY LAMP SHADE,,,
Ledsone,165686317521,WCSRBC+RPR44WH,Step round Cage,Step round Cage,"Easy_Fit_Lamp_Shades | LAMPSHADE | LIGHT_FIXTURE | Lamp shades, holders & accessories | pendant lightss",151.13,0.00,LIKELY LAMP SHADE,,,
Ledsone,164542376260,WCB1BB+RPR44WH,MODERN DRUM STYLE LIGHT LAMP SHADE,MODERN DRUM STYLE LIGHT LAMP SHADE,"Cages | Easy_Fit_Lamp_Shades | LAMPSHADE | Lamp Shade | Lamp shades, holders & accessories | Lampshade | Light Shades | Wire Cage | wire cage",143.75,0.00,LIKELY LAMP SHADE,,,
ledsone uk de,165522781517,CRSF100BM+PHHT1PBRBM+LSMS320BI+ICST64E27-IDE,,,"Easy Fit | Easy_Fit_Lamp_Shades | LAMPSHADE | LIGHT_FIXTURE | Lamp Shade | Lamp shade | Lamp shades, holders & accessories | Lampenschirm | Lampenschirme | Lampshade | Light Shades | Pendant Lighting | Pendant_Lamp_Lights | Pendelleuchten",138.08,0.00,LIKELY LAMP SHADE,,,
Ledsone,163976474157,CRSF2003BM+WCBC1BM3PK,Bird cage light,Bird cage light,"Ceiling Lights & Chandeliers | Ceiling Pendant Lights | Ceiling_Lamp_Lights | LIGHT_FIXTURE | Lamp shades, holders & accessories | PRODUCT | Pendant Light | Pendant Lighting | Pendelleuchte | pendant lightss",132.17,0.00,LIKELY LAMP SHADE,,,
Electricalsone,266217350886,WCB4WH+RPR44WH,Lampshade Table / Ceiling /pendant Lamps,Lampshade Table / Ceiling /pendant Lamps,"Cages | Easy_Fit_Lamp_Shades | LAMPSHADE | LIGHT_FIXTURE | Lamp Shade | Lamp shade | Lamp shades, holders & accessories | Lampshade | Light Shades | Wire Cage",123.77,0.00,LIKELY LAMP SHADE,,,
Electricalsone,265445682085,CRSF100BM+PHCH1BMRBM+LSCY290BL-IDE,CRSF100BM+PHCH1BMRBM+LSCY290-Curvy Shade,CRSF100BM+PHCH1BMRBM+LSCY290-Curvy Shade,Pendelleuchten,118.60,0.00,LIKELY LAMP SHADE,,,
Ledsone,165828634938,LS2CA600BF,Black & Gold Crystal chandelier,Black & Gold Crystal chandelier,"Chandelier Light | Crystal Lightng | Indoor Wall Lights | Kronleuchter | LIGHT_FIXTURE | Lamp shades, holders & accessories | Wall lights",105.98,0.00,LIKELY LAMP SHADE,,,
Ledsone,167694841715,CRSF100BM+PHHT1PBRBM,YG-76OS-6MV0,YG-76OS-6MV0,Ceiling Pendant Lights | Ceiling_Lamp_Lights | Hemp Rope Pendant Light | Hängelampen | LAMPSHADE | LIGHT_FIXTURE | Pendant Light | Pendant Lighting | Pendant light | Pendant lighting | Pendant_Lamp_Lights | Pendelleuchte | Pendelleuchten | pendant lights,102.30,0.00,LIKELY LAMP SHADE,,,
ledsone de,405328533768,LSBS160BL,Blau Metalllampenschirm,Blau Metalllampenschirm,"Easy_Fit_Lamp_Shades | HOME_LIGHTING_ACCESSORY | LAMPSHADE | LIGHT_FIXTURE | Lamp Shade | Lamp shades, holders & accessories | Lampenschirme | Lampshade | PRODUCT",101.52,0.00,LIKELY LAMP SHADE,,,
ledsone uk de,163952841348,CRSF100BM+PHHT1PBRBM+LSHM300HE+ICST64E27-IDE,Hemp rope big lampshade,Hemp rope big lampshade,Dekorative Glühbirnen | LIGHT_FIXTURE | Light Bulbs | Pendelleuchten,100.30,0.00,LIKELY LAMP SHADE,,,
ledsone uk de,164897638505,LSTF40BM-IDE,4cm Height Lampshade,4cm Height Lampshade,LIGHT_FIXTURE,96.27,0.00,LIKELY LAMP SHADE,,,
Ledsone,164973635058,CRSF100BM+PHSQ1PBRYB+LSCY290BI,,Vintage Ceiling Pendant Light Industrial Lampshade Suspended Hanging Retro Lamp,LIGHT_FIXTURE,94.45,0.00,LIKELY LAMP SHADE,,,
Ledsone,167416991937,CRSF100BM+PHHN1PBRGD+LSDO210BG,black Colour Lampshade,black Colour Lampshade,LIGHT_FIXTURE | Lamps | Pendant Lighting | Pendant_Lamp_Lights | Pendelleuchte | Pendelleuchten,94.45,0.00,LIKELY LAMP SHADE,,,
Ledsone,166861410829,LSCASN6EG5,Metal Chandelier,Metal Chandelier,"Chandelier Light | LIGHT_FIXTURE | Lamp shades, holders & accessories | Vintage_Lamp_Lights",88.89,0.00,LIKELY LAMP SHADE,,,
Sunsone,316700341171,LSCY290BB+RPR44WH-IDE,Curvy Lamp Shade,Curvy Lamp Shade,Lampenschirme,87.78,0.00,LIKELY LAMP SHADE,,,
ledsone de,406142323598,CRSF100BM+PHHT1PBRBM+LSMS320BI,sku not assigneds,sku not assigneds,"Ceiling Lights & Chandeliers | Easy Fit | Easy_Fit_Lamp_Shades | HOME | LAMPSHADE | LIGHT_FIXTURE | Lamp Shade | Lamp shade | Lamp shades, holders & accessories | Lampenschirm | Lampenschirme | Light Shades | Pendant Light | Pendant Lighting | Pendant_Lamp_Lights",85.52,0.00,LIKELY LAMP SHADE,,,
Electricalsone,265697333622,CRSF100YB2PK+PHCHPCRYB2PK+LSSS300YB2PK-IDE,,2 x Pendelleuchte Metall  Gelbes Messing Deckenlampenschirm E27,Möbel & Wohnen:Beleuchtung:Deckenlampen & Kronleuchter,84.16,0.00,LIKELY LAMP SHADE,,,
Electricalsone,265660312575,WCBKHE+RPR44WH,Vintage Rattan Wicker Design Ceiling Shade,Vintage Rattan Wicker Design Ceiling Shade,"Easy_Fit_Lamp_Shades | LAMPSHADE | Lamp Shade | Lamp shades, holders & accessories | Lampenschirme | Lampshade | Light Shades | Wire Cage | cage | wire cage",83.72,0.00,LIKELY LAMP SHADE,,,
Ledsone,164536141603,LSSS300BI+RPR44WH,BARN SLOTTED SHADE ONLY,BARN SLOTTED SHADE ONLY,"Easy_Fit_Lamp_Shades | LAMPSHADE | LIGHT_FIXTURE | Lamp Shade | Lamp Shades | Lamp shade | Lamp shades, holders & accessories | Lampenschirm | Lampenschirme | Lampshade | Light Shades | PRODUCT",83.28,0.00,LIKELY LAMP SHADE,,,
Sunsone,314243310672,CNS500BB,Chandeliers Chain 38mm x 16mm for lighting ceiling,Chandeliers Chain 38mm x 16mm for lighting ceiling,"Hanging Chains | LIGHT_FIXTURE | LOCK | Lamp shades, holders & accessories | Suspension kits (chains, cables, rods)",82.46,0.00,LIKELY LAMP SHADE,,,
Sunsone,315321183363,LSBS160GY,,,"Ceiling Pendant Lights | Easy Fit | Easy_Fit_Lamp_Shades | LAMPSHADE | LIGHT_FIXTURE | Lamp Shade | Lamp shade | Lamp shades, holders & accessories | Lampenschirm | Lampenschirme | Lampshade | Lampshades | Light Shades | PRODUCT",81.84,0.00,LIKELY LAMP SHADE,,,
Sunsone,313955625500,ENC2034,Pendant Light Retro Loft Style Metal Shade Black,Pendant Light Retro Loft Style Metal Shade Black,LIGHT_FIXTURE | Pendant Lighting | Pendant_Lamp_Lights,80.01,0.00,LIKELY LAMP SHADE,,,
ledsone de,405328319833,LSCY290BC+RPR44WH-IDE,Vintage-Lampenschirm,Vintage-Lampenschirm,Lampenschirme,77.48,0.00,LIKELY LAMP SHADE,,,
ledsone uk de,165100236318,PHSH1HETYB+LSHM300HE+ICST64E27-IDE,Hemp rope big lampshade,Hemp rope big lampshade,Hängelampen | LIGHT_FIXTURE,76.48,0.00,LIKELY LAMP SHADE,,,
Sunsone,313975578089,LHRIE14BM2PK,E14 White / Black Plastic Table Lamp Holder,E14 White / Black Plastic Table Lamp Holder,"Lamp shades, holders & accessories",76.35,0.00,LIKELY LAMP SHADE,,,
Ledsone,167615451289,TPOSBDBM,sku not assigneds,sku not assigneds,Bird Table Lamp | LAMP | LIGHT_FIXTURE | Light Shades | PRODUCT | Table & bedside lamps | Table Lamp | Table Lighting | Table Lights (USB-Chargeable),75.96,0.00,LIKELY LAMP SHADE,,,
Huttenlampen,394006805001,WCBCBC-IDE,Lampshade,Lampshade,LIGHT_FIXTURE | Lampenschirme,73.23,0.00,LIKELY LAMP SHADE,,,
ledsone uk de,164228533005,CRSF100BM+LHNSE27BM+SCRN70BM+LSTF40BM-IDE,Flat Lampshade Ceiling Light,Flat Lampshade Ceiling Light,"Ceiling Fan Lights | Deckenleuchte | Easy_Fit_Lamp_Shades | LIGHT_FIXTURE | Lamp shades, holders & accessories",71.58,0.00,LIKELY LAMP SHADE,,,
Sunsone,313998928005,PLHCBM+LSCY210BG3PK,Pendant Light Shade Suspended Industrial Retro,Pendant Light Shade Suspended Industrial Retro,Pendelleuchte | pendant lights | pipe-lighting,70.19,0.00,LIKELY LAMP SHADE,,,
ledsone uk de,165631048994,LSDO210BB+RPR44WH-IDE,30cm/40cm Kuppel Lampenschirm,30cm/40cm Kuppel Lampenschirm,"Easy_Fit_Lamp_Shades | LAMPSHADE | Lamp Shade | Lamp shades, holders & accessories | Lampenschirme | Lampshade",69.90,0.00,LIKELY LAMP SHADE,,,
Sunsone,316703729461,CRSF100BD+PHCH1PWRSBD+LSHQ150CB,Pendant Light Retro Loft Style Metal Shade,Pendant Light Retro Loft Style Metal Shade,Ceiling Lights | Ceiling Lights & Chandeliers | Ceiling Pendant Lights | LIGHT_FIXTURE | Pendant Light | Pendant Lighting | Pendant_Lamp_Lights | Pendant_Light | pendant lights,66.22,0.00,LIKELY LAMP SHADE,,,
ledsone uk de,164044862721,CRSFDUMMYSKU,Cabinet Door Pull Handles,Cabinet Door Pull Handles,Andere | Cabinet Handles | Cabinet handles & hinges | HARDWARE_HANDLE | Handles | LED_Lights | Lamp_Holder | Lampshades & Lightshades | Pull Handle | Wall Light | cage light | home-applications | mail bag,66.01,0.00,LIKELY LAMP SHADE,,,
Electricalsone,266391570990,WCSPROBM+RPR44WH,,,"Cages | Easy_Fit_Lamp_Shades | LAMP | LAMPSHADE | Lamp shades, holders & accessories | Lampshade",65.75,0.00,LIKELY LAMP SHADE,,,
Sunsone,316699540734,LSFT220BC2PK+RPR44WH2PK-IDE,22cm Cone Lampshade,22cm Cone Lampshade,"Easy_Fit_Lamp_Shades | LAMPSHADE | Lamp shades, holders & accessories | Lampenschirme | Lampshades & Lightshades",60.14,0.00,LIKELY LAMP SHADE,,,
Sunsone,316071918546,LSMCBESBRE+RPM40WH,,,Ceiling Pendant Lights | Easy_Fit_Lamp_Shades | LAMPSHADE | LIGHT_FIXTURE | Lamp Shade | Lampshade | Lampshades & Lightshades | Light Shades | Vintage_Lamp_Lights,58.67,0.00,LIKELY LAMP SHADE,,,
Ledsone,164586324736,CNP1000BM,Light Chain,Light Chain,"HOME_LIGHTING_AND_LAMPS | Hanging Chains | LIGHT_FIXTURE | LOCK | Lamp shades, holders & accessories | Lighting | TOOLS | chandeliers",58.03,0.00,LIKELY LAMP SHADE,,,
Ledsone,164045055805,CRSF100BM+PHRB1PBRPB+PHGP1PBRBM,wide shade lampshade,wide shade lampshade,Ceiling Pendant Lights | LAMPSHADE | LIGHT_FIXTURE | Pendant Light | Pendant Lighting | Pendant_Lamp_Lights,57.78,0.00,LIKELY LAMP SHADE,,,
Sunsone,313970190833,LSCY290AA,Modern Color curvy shades,Modern Color curvy shades,"Easy_Fit_Lamp_Shades | LAMPSHADE | LIGHT_FIXTURE | Lamp Shade | Lamp shade | Lamp shades, holders & accessories | Lampenschirme | Lampshade | Lampshade 1 | Light Shades | PRODUCT",56.96,0.00,LIKELY LAMP SHADE,,,
ledsone de,405328533675,LSCY210BG+RPR44WH-IDE,,,Lampenschirme,55.56,0.00,LIKELY LAMP SHADE,,,
ledsone de,405328533755,CRFF5004BM+WCRNBM4PK+ICST64E274PK-IDE,Hanfseil Lampenschirm-Kit,Hanfseil Lampenschirm-Kit,"Ceiling Lights & Chandeliers | Ceiling Pendant Lights | Hängelampen | LIGHT_FIXTURE | Lamp shades, holders & accessories | Pendant Lighting | Wire Cage",55.39,0.00,LIKELY LAMP SHADE,,,
Ledsone,166911947150,CRSFDUMMYSKU,Curvy shade only,Curvy shade only,"Ceiling Pendant Lights | Easy_Fit_Lamp_Shades | LAMP | LAMPSHADE | LED_Lights | LIGHT_FIXTURE | Lamp Shade | Lamp Shades | Lamp shade | Lamp shades, holders & accessories | Lamp_Holder | Lampenschirme | Lampshade | Lampshade 1 | Lampshades & Lightshades | Light Shades | Wall Light | cage light | hom",53.38,0.00,LIKELY LAMP SHADE,,,
Electricalsone,266190402974,WCDCBC+RPR44WH,Lampshade Pendant,Lampshade Pendant,"Cages | Easy_Fit_Lamp_Shades | LAMPSHADE | LIGHT_FIXTURE | Lamp Shade | Lamp shades | Lamp shades, holders & accessories | Lampshade | Light Shades | Wire Cage | wire cage",52.24,0.00,LIKELY LAMP SHADE,,,
Ledsone,163896048573,LSOL180BB+RPR44WH,Cone Lampshade,Cone Lampshade,"Easy_Fit_Lamp_Shades | LAMPSHADE | LIGHT_FIXTURE | Lamp Shade | Lamp shades, holders & accessories | Lampshade",52.21,0.00,LIKELY LAMP SHADE,,,
ledsone de,405328319942,LSTF40BC-IDE,22 x 4 Flacher Lampenschirm Passgenau E27,22 x 4 Flacher Lampenschirm Passgenau E27,LAMPSHADE | LIGHT_FIXTURE,51.95,0.00,LIKELY LAMP SHADE,,,
Ledsone,164906196036,CRSF100BM+PHOP1PBRBM+LSLT360BI,,Vintage Retro Industrial Flush Mount Ceiling Light shade E27 Flush Ceiling Light,"Home, Furniture & DIY:Lighting:Ceiling Lights & Chandeliers",50.67,0.00,LIKELY LAMP SHADE,,,
Electricalsone,265660306882,CRSF100BB+PHNW1RBB,Pendant Light Lamp Shade,Pendant Light Lamp Shade,Ceiling Lights & Chandeliers | Ceiling Pendant Lights | Ceiling_Lamp_Lights | LIGHT_FIXTURE | Pendant Light | Pendant Lighting | Pendelleuchte | pendant lights | pendant lightss,50.60,0.00,LIKELY LAMP SHADE,,,
Ledsone,165878430495,CRSF100FG+PHRI1PBRYB+LSGD280AR,Bowl glass lampshade,Bowl glass lampshade,,49.56,0.00,LIKELY LAMP SHADE,,,
Sunsone,313735365478,ENC200,Mosque Shape lamps,Mosque Shape lamps,LIGHT_FIXTURE | Light Shades | Pendant Lighting | Pendant lighting | Pendant_Lamp_Lights | pendant lightss,49.36,0.00,LIKELY LAMP SHADE,,,
ledsone uk de,167668792040,CRSF100CO+LHNSE27CO+SCRN70CO+LSTF40CO,,,"Ceiling Fan Lights | Ceiling Flush Lights | Ceiling Flush Mount Light | Ceiling lights | Ceiling_Lamp_Lights | Easy_Fit_Lamp_Shades | Indoor Wall Lights | LAMPSHADE | LIGHT_FIXTURE | Lamp Shade | Lamp shade | Lamp shades, holders & accessories | Lampshade | Pendant Lighting | Pendant lighting | Pend",49.13,0.00,LIKELY LAMP SHADE,,,
Sunsone,314788733069,WCCY1ROBM,Pendant Light WCCY1SQ,Pendant Light WCCY1SQ,"Ceiling Pendant Lights | LIGHT_FIXTURE | Lamp shades, holders & accessories | Pendant Lighting | Pendant_Lamp_Lights | Vintage_Lamp_Lights | pendant lightss",46.89,0.00,LIKELY LAMP SHADE,,,
Ledsone,164999921333,CRFF500BM+WCSC1BM3PK,Square lights,Square lights,Ceiling Lights & Chandeliers | LIGHT_FIXTURE | Lampshade | Pendant Lighting | Pendant_Lamp_Lights | Pendelleuchten,45.89,0.00,LIKELY LAMP SHADE,,,
Ledsone,165280557200,CRFF500BM+PHSH1PBRYB3PK+WCFRHE3PK,sku not assigneds,sku not assigneds,LAMPSHADE | LIGHT_FIXTURE | cage light,45.88,0.00,LIKELY LAMP SHADE,,,
Ledsone,166261518723,LSBF3BWG,New Stock Pendant light,New Stock Pendant light,"Ceiling Pendant Lights | LIGHT_FIXTURE | Lamp shades, holders & accessories | Metal_Shades | Pendant Lighting | Pendant lighting | Pendant_Lamp_Lights | Vintage_Lamp_Lights",44.89,0.00,LIKELY LAMP SHADE,,,
ledsone de,405328533679,LSMS320BI+RPR44WH-IDE,Deckenlampenschirm,Deckenlampenschirm,Lampenschirme,44.64,0.00,LIKELY LAMP SHADE,,,
Electricalsone,265660318562,LSCY290BI-IDE,LSCY290BI lampshade,LSCY290BI lampshade,,44.10,0.00,LIKELY LAMP SHADE,,,
Ledsone,164333994610,CRFF140BM+WSCH135BM+LSCY290BL,Curvy lampshades,Curvy lampshades,LIGHT_FIXTURE | Wall Light | Wall Lighting | Wall lights | Wall_Lamp_Lights,43.78,0.00,LIKELY LAMP SHADE,,,
Ledsone,167681268262,WCCYROBM,sku not assigneds,sku not assigneds,"Ceiling Lights | Ceiling Pendant Lights | Ceiling_Lamp_Lighting | Deckenleuchten | LIGHT_FIXTURE | Lamp shades, holders & accessories",43.74,0.00,LIKELY LAMP SHADE,,,
Ledsone,166885663966,CRFF2008BM+CO532AGY3PK+RWWD2PK+RWWP2PK+CBSFEARTH+PHNW2RBM8PK+SPUPBM8PK,,,"Ceiling Lights & Chandeliers | Ceiling Pendant Lights | LIGHT_FIXTURE | Lamp shades, holders & accessories | Multi_Outlet_Spider_Lamp_Lighting | Pendant Lighting | Spider Lights | Spider_Lamp_Lighting | Spinnenlampe | pendant lights",42.89,0.00,LIKELY LAMP SHADE,,,
Ledsone,163308804201,LHBPE27BM+CGMLAG,Bakelite Holder E27,Bakelite Holder E27,"Lamp shades, holders & accessories | Lamp_Holder",42.15,0.00,LIKELY LAMP SHADE,,,
Electricalsone,266190309001,CNP1000BM,Chandelier Light Chain,Chandelier Light Chain,"HOME_LIGHTING_AND_LAMPS | Hanging Chains | LIGHT_FIXTURE | Lamp shades, holders & accessories | Lighting | TOOLS | chandeliers",41.45,0.00,LIKELY LAMP SHADE,,,
Ledsone,166489168860,WCCYROBM,Crystal Glass Ceiling Light,Crystal Glass Ceiling Light,"Ceiling Lights | Ceiling Pendant Lights | Ceiling_Lamp_Lighting | Deckenleuchten | LIGHT_FIXTURE | Lamp shades, holders & accessories",41.37,0.00,LIKELY LAMP SHADE,,,
Electricalsone,266719343525,CRSF100BM+PHCH1PCTSBM+LSCO335BM,sku not assigneds,sku not assigneds,Ceiling Pendant Lights | LIGHT_FIXTURE | Light Shades | PRODUCT | Pendant Light | Pendant Lighting | Pendelleuchte | Single-Way Pendant Light | pendent light,39.78,0.00,LIKELY LAMP SHADE,,,
Electricalsone,267245010495,WCCYROBM,sku not assigneds,sku not assigneds,"Ceiling Lights | Ceiling Pendant Lights | Ceiling_Lamp_Lighting | Deckenleuchten | LIGHT_FIXTURE | Lamp shades, holders & accessories",39.70,0.00,LIKELY LAMP SHADE,,,
ledsone uk de,166098423193,CRSF100BM+WSCH135BM+LSCY210BC+ICST64E27-IDE,Small Curvy Wall Lamp,Small Curvy Wall Lamp,Lampenschirme | Wall Lights,38.84,0.00,LIKELY LAMP SHADE,,,
Ledsone,165573820546,CRSF100GR+PHCH1PWRSGR+LSMS320GR-IFR,32 PEndant lampshade,32 PEndant lampshade,LIGHT_FIXTURE,38.16,0.00,LIKELY LAMP SHADE,,,
Sunsone,316624763893,LSMCSQWYBL+RPM40WH,,,Ceiling Pendant Lights | LAMPSHADE | LIGHT_FIXTURE | Lamp Shade | Lampshade | Light Shades,37.78,0.00,LIKELY LAMP SHADE,,,
Electricalsone,265045310124,CRSF2003BC+PHSH1PBRYB3PK+LSDO210BC3PK,,Pendant 3 Ceiling Light Chrome Finish Lampshade Industrial Retro Modern Fitting,Ceiling Pendant Lights | LIGHT_FIXTURE | Multi_Outlet_Lamp_Shades_Lighting | Pendant Lighting,36.67,0.00,LIKELY LAMP SHADE,,,
Ledsone,166566456838,CKTBDBBM,sku not assigneds,sku not assigneds,Alarm & table clocks | Alarm Clock | CLOCK | Clock | Clocks | LED_Lights | Lamp_Holder | Lampshades & Lightshades | Twin Bell Alarm Clock | Wall Light | cage light | home-applications | mail bag,36.17,0.00,LIKELY LAMP SHADE,,,
Ledsone,165246423745,CNP1000BM3PK,Light Chain,Light Chain,"HOME_LIGHTING_AND_LAMPS | LIGHT_FIXTURE | LOCK | Lamp shades, holders & accessories",35.78,0.00,LIKELY LAMP SHADE,,,
Ledsone,165431587622,LSCY290CH+RPR44WH,Lamp Shade,Lamp Shade,"Easy fit Shades | Easy_Fit_Lamp_Shades | LAMP | LAMPSHADE | LIGHT_FIXTURE | Lamp Shade | Lamp shade | Lamp shades | Lamp shades, holders & accessories | Lampenschirm | Lampshade | Lampshade 1 | Light Shades",35.67,0.00,LIKELY LAMP SHADE,,,
ledsone uk de,163939834738,CRSF100BB+PHCH1PBRBB+LSCY290BB-IDE,Vintage curvy lampshade Black Brushed silver DE,Vintage curvy lampshade Black Brushed silver DE,Dekorative Glühbirnen | Hängelampen | LIGHT_FIXTURE | Light Bulbs | Pendelleuchten,35.10,0.00,LIKELY LAMP SHADE,,,
Ledsone,165080969033,CRSF100BM+PHCH1BMRBM+LSCY290BI,White inner curvy Black lampshade,White inner curvy Black lampshade,Ceiling_Lamp_Lights | LIGHT_FIXTURE | Pendant_Lamp_Lights | Pendelleuchten,34.89,0.00,LIKELY LAMP SHADE,,,
ledsone uk de,164032826354,WCBCBB-IDE,LIght cages all in DE,LIght cages all in DE,LAMPSHADE | LIGHT_FIXTURE | Lampenschirme,34.78,0.00,LIKELY LAMP SHADE,,,
Sunsone,316348085364,LSRP260CH+RPR44WH,New Shades,New Shades,"Easy fit Shades | Easy_Fit_Lamp_Shades | LAMPSHADE | Lamp Shade | Lamp shades | Lamp shades, holders & accessories | Lampshade | Light Shades",33.78,0.00,LIKELY LAMP SHADE,,,
ledsone uk de,165930541621,WCBCBM-IDE,,,Lampenschirme,32.71,0.00,LIKELY LAMP SHADE,,,
Electricalsone,266137002061,LSDO210BL+RPR44WH,Industrial Metal Dome Pendant Light Shade,Industrial Metal Dome Pendant Light Shade,"Easy_Fit_Lamp_Shades | LAMPSHADE | LIGHT_FIXTURE | Lamp Shade | Lamp shade | Lamp shades, holders & accessories | Lampshades & Lightshades | Light Shades",31.77,0.00,LIKELY LAMP SHADE,,,
Electricalsone,265660323441,WCBNBC-IDE,WCBN Ballonkäfig,WCBN Ballonkäfig,LIGHT_FIXTURE | Lampenschirme,31.72,0.00,LIKELY LAMP SHADE,,,
Huttenlampen,395333458062,WCBCBB-IDE,sku not assigneds,sku not assigneds,"Cages | Easy_Fit_Lamp_Shades | LAMPSHADE | LIGHT_FIXTURE | Lamp shades, holders & accessories | Lampenschirm | Lampenschirme | Lampshade | Light Shades",31.47,0.00,LIKELY LAMP SHADE,,,
Ledsone,163868715504,PHUH1HETBM+LSH3325HE,Hemp Lamp,Hemp Lamp,Ceiling Lights & Chandeliers | Ceiling_Lamp_Lights | Hemp Rope Pendant Light | Hemp_Rope_Lamp_Lighting | Hängelampen | LAMPSHADE | LIGHT_FIXTURE | Pendant Light | Pendant Lighting | Pendant lighting | Pendant_Lamp_Lights | Pendelleuchte | pendant lights,30.50,0.00,LIKELY LAMP SHADE,,,
Electricalsone,266190301901,WCB4WH+RPR44WH,Lampshade Table / Ceiling /pendant Lamps,Lampshade Table / Ceiling /pendant Lamps,"Cages | Easy_Fit_Lamp_Shades | LAMPSHADE | LIGHT_FIXTURE | Lamp Shade | Lamp shades, holders & accessories | Lampshade | Light Shades | Wire Cage",29.40,0.00,LIKELY LAMP SHADE,,,
Electricalsone,266837120047,LSCY210BG+RPR44WH,pendant lamp shade,pendant lamp shade,"Easy_Fit_Lamp_Shades | LAMPSHADE | LIGHT_FIXTURE | Lamp Shade | Lamp shade | Lamp shades, holders & accessories | Light Shades",29.37,0.00,LIKELY LAMP SHADE,,,
Sunsone,313633212072,CRFF500BM+WCSC1BM3PK,ENC1260-Pendant Light,ENC1260-Pendant Light,Ceiling Lights & Chandeliers | LIGHT_FIXTURE | Lampshade | Pendant Lighting | Pendant_Lamp_Lights | Pendelleuchten,29.32,0.00,LIKELY LAMP SHADE,,,
Electricalsone,266004810103,LSCY290BB+RPR44WH,Pendant Shade,Pendant Shade,"Ceiling Pendant Lights | Easy Fit | Easy_Fit_Lamp_Shades | HOME | LAMPSHADE | LIGHT_FIXTURE | Lamp Shade | Lamp Shades | Lamp shade | Lamp shades, holders & accessories | Lampenschirm | Lampenschirme | Lampshade | Lampshade 1 | Lampshades & Lightshades | Light Shades | PRODUCT",29.18,0.00,LIKELY LAMP SHADE,,,
ledsone uk de,164152801706,LSSS300BB+RPR44WH-IDE,Barn slotted colour lampshade,Barn slotted colour lampshade,LAMPSHADE | LIGHT_FIXTURE | Lampenschirme,28.62,0.00,LIKELY LAMP SHADE,,,
Ledsone,164799656472,CRSF125BM2PK+WSAT105BM2PK,Wall lampshade Black,Wall lampshade Black,,27.89,0.00,LIKELY LAMP SHADE,,,
Electricalsone,266907327673,PLTTBC,,,LAMP | Rohr lampen | Table & bedside lamps | Table Lamp Lighting | Table Light with shade | Table Lighting | Table_Lamp_Lighting,26.89,0.00,LIKELY LAMP SHADE,,,
ledsone uk de,165575306999,LSCP150BA+RPR44WH-IDE,Lampenschirm,Lampenschirm,Lampenschirme,26.38,0.00,LIKELY LAMP SHADE,,,
Sunsone,313970190792,PLTTBC,Table Lamp,Table Lamp,LAMP | Rohr lampen | Table & bedside lamps | Table Lamp Lighting | Table Light with shade | Table Lighting | Table_Lamp_Lighting,26.37,0.00,LIKELY LAMP SHADE,,,
Sunsone,315700455838,LSCO335BM,Cone Shade for Lamp Coolie Hanging Ceiling Pendent,Cone Shade for Lamp Coolie Hanging Ceiling Pendent,"Lamp shades, holders & accessories",25.78,0.00,LIKELY LAMP SHADE,,,
Ledsone,163037863571,LSTB360YE,,2 Pack Modern Clear Glass Cylinder Lamp Shades E27 Pendant Ceiling Light 9x15cm,"Easy_Fit_Lamp_Shades | Lamp shades, holders & accessories",25.38,0.00,LIKELY LAMP SHADE,,,
ledsone de,405328319953,LSCY290BL+RPR44WH-IDE,PASSGENAU SCHIRM,PASSGENAU SCHIRM,LAMPSHADE | LIGHT_FIXTURE | Lampenschirme,24.98,0.00,LIKELY LAMP SHADE,,,
Sunsone,315791126257,LSGL12010FW+RPM40WH,sku not assigneds,sku not assigneds,Glass Lampshade | LAMPSHADE | Lamp Shade | Lampenschirme | Lampshade | Lampshades & Lightshades | Light Shades | Vintage_Lamp_Lights,24.78,0.00,LIKELY LAMP SHADE,,,
Sunsone,313970190839,LSTF40BC+RPR44WH,Pendant Lamp Shade Modern,Pendant Lamp Shade Modern,"Easy_Fit_Lamp_Shades | LAMPSHADE | LIGHT_FIXTURE | Lamp Shade | Lamp shade | Lamp shades, holders & accessories | Lampshade",24.69,0.00,LIKELY LAMP SHADE,,,
Sunsone,313970190875,CRSF100BM+WSLS155YB+SCRN70BM+LSOL180BG,Vintage Industrial Colour Lampshade,Vintage Industrial Colour Lampshade,LIGHT_FIXTURE | Wall Lighting | Wandleuchten,24.29,0.00,LIKELY LAMP SHADE,,,
Ledsone,165357133160,CRFF140BB2PK,,,"Lamp shades, holders & accessories | Lighting Parts",23.78,0.00,LIKELY LAMP SHADE,,,
Ledsone,164070038157,WCB2BB+RPR44WH,Light Shade,Light Shade,"Cages | Easy_Fit_Lamp_Shades | LAMPSHADE | LIGHT_FIXTURE | Lamp Shade | Lamp shades, holders & accessories | Lampshade | Light Shades | Wire Cage",22.91,0.00,LIKELY LAMP SHADE,,,
ledsone de,405327169141,LHBPE27BM3PK-IDE,Lampenfassung E27,Lampenfassung E27,"Lamp Holder | Lamp Holders | Lamp shades, holders & accessories | Lamp_Holder | Lampenfassung | Lampenfassung Keramik",22.78,0.00,LIKELY LAMP SHADE,,,
Sunsone,314241789710,CRFF500BM,,,"Ceiling Light | Ceiling Light Fixtures | Ceiling Rose | Ceiling_Rose_Brackets | Ceiling_rose | Deckenrosette | LIGHT_FIXTURE | Lamp shades, holders & accessories | Multi_Outlet_Ceiling_Rose | Single_Outlet_Ceiling_Rose",21.78,0.00,LIKELY LAMP SHADE,,,
Electricalsone,266188024262,WCDTBL+RPR44WH,Modern Metal Geometric Pendant Shade Ceiling,Modern Metal Geometric Pendant Shade Ceiling,"Cages | Easy_Fit_Lamp_Shades | LAMPSHADE | LIGHT_FIXTURE | Lamp Shade | Lamp shades | Lamp shades, holders & accessories | Lampshade | Light Shades | Wire Cage | wire cage",21.38,0.00,LIKELY LAMP SHADE,,,
ledsone de,405328319931,BC2W100-IDE,Lampenschirm-Federklemme,Lampenschirm-Federklemme,Andere,21.35,0.00,LIKELY LAMP SHADE,,,
Ledsone,165077135256,CRSF100HWH+PSDS2BPB+WSLS155WH+SCRN70BW+LSFT220WH,Wall lampshade White,Wall lampshade White,,20.89,0.00,LIKELY LAMP SHADE,,,
Sunsone,313755437959,CRSF100BM+PHSH1PBRYB+LSMS320BI+ICST64E27-IFR,32cm Barn Lamp shade,32cm Barn Lamp shade,,20.89,0.00,LIKELY LAMP SHADE,,,
ledsone uk de,164538477905,CRSF100BM+WSCH135BM+LSCY210BC+ICST64E27-IDE,Small curvy wall lights,Small curvy wall lights,Lampenschirme | Wall Lights,20.74,0.00,LIKELY LAMP SHADE,,,
Huttenlampen,394089216344,CRSF100BM+PHCH1BMRBM+LSCY290BG,Lampenschirm Industrielle,Lampenschirm Industrielle,Ceiling Pendant Lights | Ceiling_Lamp_Lights | Hängelampen | LIGHT_FIXTURE | Pendant Lighting | Pendant_Lamp_Lights | Pendelleuchte | Pendelleuchten | pendant light | pendant lightss,20.52,0.00,LIKELY LAMP SHADE,,,
Ledsone,164125059216,LSDM220CH+RPR44WH,New lampshade,New lampshade,"Easy_Fit_Lamp_Shades | LAMPSHADE | Lamp Shade | Lamp shades, holders & accessories | Lampshade | Light Shades",20.38,0.00,LIKELY LAMP SHADE,,,
Electricalsone,265851204491,LSCY210RR+RPR44WH-IDE,,,LAMPSHADE | Lampenschirme,20.30,0.00,LIKELY LAMP SHADE,,,
Electricalsone,265660318557,LSFT220BC+RPR44WH-IDE,Vintage Ceiling Pendant Cluster Light,Vintage Ceiling Pendant Cluster Light,LAMPSHADE | LIGHT_FIXTURE | Lampenschirme | TOOLS,19.98,0.00,LIKELY LAMP SHADE,,,
Electricalsone,265833526057,CRSF2003BM,Ceiling Rose Light Fitting,Ceiling Rose Light Fitting,"Accessory | Ceiling Rose | Ceiling Roses | Ceiling_rose | LIGHT_FIXTURE | Lamp shades, holders & accessories | Multi_Outlet_Ceiling_Rose",19.78,0.00,LIKELY LAMP SHADE,,,
Sunsone,316699553864,LSHQ150BM+RPR44WH-IDE,LSHQ150,LSHQ150,"Lamp shades, holders & accessories | Lampenschirme",19.12,0.00,LIKELY LAMP SHADE,,,
ledsone uk de,164231542245,CRFF100FG+LHNSE27FG+SCRN70FG+LSFT220FG-IDE,Flat Shade ceiling light,Flat Shade ceiling light,Ceiling Lights | Ceiling Lights & Chandeliers | Ceiling lights | Ceiling_Lamp_Lights | Deckenleuchte | Deckenleuchten | LIGHT_FIXTURE,19.08,0.00,LIKELY LAMP SHADE,,,
ledsone uk de,164935425973,LSFT220BB+RPR44WH-IDE,22cm diameter lampshade,22cm diameter lampshade,LAMPSHADE | LIGHT_FIXTURE | Lampenschirme | TOOLS,18.15,0.00,LIKELY LAMP SHADE,,,
Sunsone,313970190927,CRSF100BM+LHNSE27YB+LSHH240BM,Mount Metal Shades Ceiling Pendant Light,Mount Metal Shades Ceiling Pendant Light,Ceiling Flush Lights | Ceiling Lights | Ceiling lights | Ceiling_Lamp_Lighting | LIGHT_FIXTURE | Light Shades,17.99,0.00,LIKELY LAMP SHADE,,,
Ledsone,164976801698,CRSF100BM+PHSQ1PBRYB+LSSS300BI,Barn slotted lampshade,Barn slotted lampshade,Ceiling Lights & Chandeliers | LIGHT_FIXTURE | Lamp_Shade | Pendant Lighting | Pendant_Lamp_Lights | Pendelleuchten,17.89,0.00,LIKELY LAMP SHADE,,,
Ledsone,166307179930,LSMCBESBRE+RPM40WH,Mosaic Tile shade,Mosaic Tile shade,Ceiling Pendant Lights | Easy_Fit_Lamp_Shades | LAMPSHADE | LIGHT_FIXTURE | Lamp Shade | Lampshade | Lampshades & Lightshades | Light Shades,17.89,0.00,LIKELY LAMP SHADE,,,
Ledsone,164683132105,LSCY210RR+RPR44WH2PK,Rustic Red Light Shades,Rustic Red Light Shades,,17.78,0.00,LIKELY LAMP SHADE,,,
Ledsone,164059174782,WCB1BM2PK+RPR44WH2PK,Light Shade,Light Shade,"Cages | Easy_Fit_Lamp_Shades | LAMP | LAMPSHADE | LIGHT_FIXTURE | Lamp Shade | Lamp shade | Lamp shades, holders & accessories | Lampshade | Light Shades | Wire Cage",17.58,0.00,LIKELY LAMP SHADE,,,
Ledsone,165267977972,WCBLBB+RPR44WH,barrel cage mesh lampshade,barrel cage mesh lampshade,"Ceiling_Lamp_Lights | LAMPSHADE | Lamp Shade | Lamp shades, holders & accessories",17.56,0.00,LIKELY LAMP SHADE,,,
Electricalsone,266190312567,LHNHE27BY,vintage holders E27,vintage holders E27,"Lamp Holders | Lamp shades, holders & accessories | Lamp_Holder",17.49,0.00,LIKELY LAMP SHADE,,,
Electricalsone,266097774975,CNP1000BM2PK,sku not assigneds,sku not assigneds,"AGRICULTURAL_SUPPLIES | Hanging Chains | LIGHT_FIXTURE | LOCK | Lamp shades, holders & accessories",16.78,0.00,LIKELY LAMP SHADE,,,
Electricalsone,265660323471,WCBCBC-IDE,WCBC - IDE Bird Cage,WCBC - IDE Bird Cage,Lampenschirme,16.40,0.00,LIKELY LAMP SHADE,,,
ledsone uk de,166939483227,LSMS320BI+RPR44WH,LSMS320BM,LSMS320BM,"Easy Fit | Easy_Fit_Lamp_Shades | LAMPSHADE | LIGHT_FIXTURE | Lamp Shade | Lamp shade | Lamp shades, holders & accessories | Lampenschirm | Lampenschirme | Lampshade | Light Shades",16.04,0.00,LIKELY LAMP SHADE,,,
Electricalsone,265660326881,CRSF100BM+WSLS155YB+SCRN70BM+LSFT220BI-IDE,CRSF100BM+WSLS155YB+SCRN70BM+LSFT220 Shade,CRSF100BM+WSLS155YB+SCRN70BM+LSFT220 Shade,Wandleuchten,15.75,0.00,LIKELY LAMP SHADE,,,
Sunsone,313970190785,WCB4WH+RPR44WH,Cage Lamp Shades,Cage Lamp Shades,"Cages | Easy_Fit_Lamp_Shades | LAMPSHADE | LIGHT_FIXTURE | Lamp Shade | Lamp shades, holders & accessories | Lampshade | Light Shades | Wire Cage",15.57,0.00,LIKELY LAMP SHADE,,,
Electricalsone,266193434290,LHEDE27GD,Lamp Holder | BC | B22 | Bayonet Cap Lamp Holder,Lamp Holder | BC | B22 | Bayonet Cap Lamp Holder,"Lamp Holder | Lamp Holders | Lamp shades, holders & accessories | Lamp_Holder",15.57,0.00,LIKELY LAMP SHADE,,,
Sunsone,316981243201,LSFC160BT+RPR44WH,sku not assigneds,sku not assigneds,LAMPSHADE | Lampshade | Light Shades,15.10,0.00,LIKELY LAMP SHADE,,,
Sunsone,315693339076,LSCO360BM+RPR44WH,,,"LAMP | LAMPSHADE | LIGHT_FIXTURE | Lamp Shade | Lamp shades, holders & accessories | Lampshade | Lampshades",14.89,0.00,LIKELY LAMP SHADE,,,
ledsone uk de,165569627564,LSHQ150BM+RPR44WH,Lampenschirm,Lampenschirm,"Easy_Fit_Lamp_Shades | LAMPSHADE | Lamp Shade | Lamp shades, holders & accessories | Lampshades & Lightshades | Light Shades",14.28,0.00,LIKELY LAMP SHADE,,,
Ledsone,164129396974,LSDO300BI+RPR44WH,Dome lampshades,Dome lampshades,"Easy_Fit_Lamp_Shades | LAMPSHADE | Lamp Shade | Lamp shades, holders & accessories | Lampshade",13.89,0.00,LIKELY LAMP SHADE,,,
Electricalsone,267234028915,LSCY290BG+RPR44WH,Vintage Industrial Black Metal Pendant Light Shade,Vintage Industrial Black Metal Pendant Light Shade,"Easy_Fit_Lamp_Shades | LAMPSHADE | LIGHT_FIXTURE | Lamp Shade | Lamp Shades | Lamp shade | Lamp shades, holders & accessories | Lampenschirm | Lampenschirme | Lampshade | Lampshades & Lightshades | Light Shades",13.89,0.00,LIKELY LAMP SHADE,,,
Electricalsone,265657802178,CNP1000BM,Chandelier Light Chain,Chandelier Light Chain,"HOME_LIGHTING_AND_LAMPS | Hanging Chains | LIGHT_FIXTURE | LOCK | Lamp shades, holders & accessories | Lighting | TOOLS | chandeliers",13.69,0.00,LIKELY LAMP SHADE,,,
Ledsone,165622520661,CRSF100BM+WSBA145BM+LSCP150BA,Cup Shade Wall Lamp,Cup Shade Wall Lamp,Wall lights,13.24,0.00,LIKELY LAMP SHADE,,,
ledsone de,405328319915,LSLT360BC+RPR44WH-IDE,sku not assigneds,sku not assigneds,Lampenschirme,13.12,0.00,LIKELY LAMP SHADE,,,
ledsone de,405328509775,LSCY290BI3PK+RPR44WH3PK,,3er Retro Lampenschirm Schwarz Metall Hängelampenschirm Deckenleuchte Schirm E27,"LAMPSHADE | Lamp shades, holders & accessories | Lampshade",12.99,0.00,LIKELY LAMP SHADE,,,
Sunsone,316589032129,LHCNE27BY2PK,,,"Lamp shades, holders & accessories",12.98,0.00,LIKELY LAMP SHADE,,,
Sunsone,313970190816,CRSF125BM,Side Hole Ceiling Rose,Side Hole Ceiling Rose,"Ceiling Rose | Ceiling_rose | Lamp shades, holders & accessories | Single_Outlet_Ceiling_Rose",11.94,0.00,LIKELY LAMP SHADE,,,
Ledsone,167422692860,WCLBHE,Rattan Lights,Rattan Lights,LAMPSHADE | Lamp Shade | Lampenschirme | Lampshade,11.89,0.00,LIKELY LAMP SHADE,,,
Sunsone,313614825947,CBSF105,Bracket strap brace Plate,Bracket strap brace Plate,"Ceiling Rose Brackets | Ceiling_Brackets | Ceiling_Rose_Brackets | Deckenrosetten Halterungen | Lamp shades, holders & accessories | MOUNT_BRACKET | TOOLS",11.88,0.00,LIKELY LAMP SHADE,,,
ledsone de,405328533690,LSOL220CH+RPR44WH,,,"Easy_Fit_Lamp_Shades | HOME | LAMPSHADE | LIGHT_FIXTURE | Lamp Shade | Lamp shades, holders & accessories | Lampshade",11.33,0.00,LIKELY LAMP SHADE,,,
ledsone uk de,164176277429,RPM40BM2PK-IDE,amp Shade Adapter Reducer Plate,amp Shade Adapter Reducer Plate,Andere,11.22,0.00,LIKELY LAMP SHADE,,,
Sunsone,316702820515,LSCY210BG+RPR44WH,sku not assigneds,sku not assigneds,"Easy_Fit_Lamp_Shades | LAMPSHADE | LIGHT_FIXTURE | Lamp Shade | Lamp Shades | Lamp shade | Lamp shades, holders & accessories | Lampenschirme | Lampshade | Lampshades & Lightshades | Light Shades | PRODUCT",11.14,0.00,LIKELY LAMP SHADE,,,
Ledsone,164674310935,LSCY210BC+RPR44WH,Brushed copper Shades,Brushed copper Shades,"Easy_Fit_Lamp_Shades | LAMPSHADE | LIGHT_FIXTURE | Lamp Shade | Lamp shade | Lamp shades, holders & accessories | Lampenschirm | Lampenschirme | Lampshade | Light Shades",10.89,0.00,LIKELY LAMP SHADE,,,
Ledsone,165640097850,CRFF500BM,Electro plated ceiling rose,Electro plated ceiling rose,"Ceiling Light | Ceiling Light Fixtures | Ceiling Rose | Ceiling_Rose_Brackets | Ceiling_rose | Deckenrosette | LIGHT_FIXTURE | Lamp shades, holders & accessories | Multi_Outlet_Ceiling_Rose | Single_Outlet_Ceiling_Rose",10.89,0.00,LIKELY LAMP SHADE,,,
Ledsone,167764761833,LSLC180BC+RPR44WH,LSLC180RR3PK+RPR44WH-Easy Fit LampShade,LSLC180RR3PK+RPR44WH-Easy Fit LampShade,"Easy_Fit_Lamp_Shades | HOME | LAMPSHADE | LIGHT_FIXTURE | Lamp Shade | Lamp shades | Lamp shades, holders & accessories | Lampenschirme | Lampshade | Light Shades",10.66,0.00,LIKELY LAMP SHADE,,,
ledsone uk de,164717877058,WCB4BB+RPR44WH-IDE,Light Shade,Light Shade,"Cages | Easy_Fit_Lamp_Shades | Käfig Lampenschirme | LAMPSHADE | LIGHT_FIXTURE | Lamp Shade | Lamp shades, holders & accessories | Lampenschirme | Lampshade | Light Shades | Wire Cage",10.48,0.00,LIKELY LAMP SHADE,,,
Sunsone,315247428842,LHBPE27BM2PK+CGMLBM2PK,,,"Lamp shades, holders & accessories",10.48,0.00,LIKELY LAMP SHADE,,,
ledsone de,405328533700,WCDCBC+RPR44WH-IDE,Drahtkäfig-Lampenschirm,Drahtkäfig-Lampenschirm,Lampenschirm | Lampenschirme,10.39,0.00,LIKELY LAMP SHADE,,,
ledsone de,405328319811,WCBNBC-IDE,Balloon Cage,Balloon Cage,LIGHT_FIXTURE | Lampenschirme,10.29,0.00,LIKELY LAMP SHADE,,,
Sunsone,314378777326,LSLT360BC+RPR44WH,Ceiling Pendant Lampshade,Ceiling Pendant Lampshade,"Easy_Fit_Lamp_Shades | HOME | LAMPSHADE | LIGHT_FIXTURE | Lamp Shade | Lamp shades, holders & accessories | Lampshade | Light Shades",10.19,0.00,LIKELY LAMP SHADE,,,
Ledsone,163762861896,LHSBE27BM,Bakelight switch holder 33,Bakelight switch holder 33,"Lamp Holders | Lamp shades, holders & accessories | Lamp_Holder",10.18,0.00,LIKELY LAMP SHADE,,,
Sunsone,313605308392,LSCY210BC+RPR44WH,LSFT220BB+RPR44WH- brass shade only,LSFT220BB+RPR44WH- brass shade only,"Easy_Fit_Lamp_Shades | LAMPSHADE | LIGHT_FIXTURE | Lamp Shade | Lamp shade | Lamp shades, holders & accessories | Lampenschirm | Lampenschirme | Lampshade | Light Shades | PRODUCT",9.89,0.00,LIKELY LAMP SHADE,,,
Electricalsone,266916604002,WCBCBB,,,"Cages | Ceiling_Lamp_Lights | Easy_Fit_Lamp_Shades | HOME_LIGHTING_ACCESSORY | Käfig Lampenschirme | LAMP | LAMPSHADE | LIGHT_FIXTURE | Lamp Shade | Lamp shades, holders & accessories | Lampenschirme | Lampshade | Light Shades | Lighting Accessories | Metal_Lamp_Shade_Only | PRODUCT | Pendant Lighti",9.89,0.00,LIKELY LAMP SHADE,,,
Electricalsone,266200623454,LSDO210BG+RPR44WH,Dome Colour Lamp Shades Easy Fit,Dome Colour Lamp Shades Easy Fit,"Easy_Fit_Lamp_Shades | LAMPSHADE | LIGHT_FIXTURE | Lamp Shade | Lamp shade | Lamp shades, holders & accessories | Lampshades & Lightshades | Light Shades",9.86,0.00,LIKELY LAMP SHADE,,,
Ledsone,164867489434,LSUL220BB2PK+RPR44WH2PK,Umbrella Lampshade,Umbrella Lampshade,"LAMPSHADE | Lamp shades, holders & accessories",9.79,0.00,LIKELY LAMP SHADE,,,
Ledsone,164337771597,LSFT220BC+RPR44WH,22 diameter lampshade,22 diameter lampshade,"Ceiling Pendant Lights | Easy_Fit_Lamp_Shades | LAMPSHADE | LIGHT_FIXTURE | Lamp Shade | Lamp shade | Lamp shades, holders & accessories | Lampenschirme | Lampshade | Lampshades & Lightshades | Light Shades",9.75,0.00,LIKELY LAMP SHADE,,,
ledsone uk de,164337714846,WCB4BB+RPR44WH-IDE,leichter Käfig,leichter Käfig,Käfig Lampenschirme | Lampenschirme,9.53,0.00,LIKELY LAMP SHADE,,,
Ledsone,164960813210,LSCY210BC+RPR44WH,Rustic All shades,Rustic All shades,"Easy_Fit_Lamp_Shades | LAMPSHADE | LIGHT_FIXTURE | Lamp Shade | Lamp Shades | Lamp shade | Lamp shades, holders & accessories | Lampenschirm | Lampenschirme | Lampshade | Lampshades & Lightshades | Light Shades | PRODUCT",9.29,0.00,LIKELY LAMP SHADE,,,
ledsone uk de,164523372447,LSCY210BC+RPR44WH-IDE,21cm kurvige Pendelleuchte,21cm kurvige Pendelleuchte,Lampenschirme,9.02,0.00,LIKELY LAMP SHADE,,,
Electricalsone,265660326902,WCB1BB-IDE,wc Lampendrahtkäfig,wc Lampendrahtkäfig,LIGHT_FIXTURE | Lampenschirme,8.57,0.00,LIKELY LAMP SHADE,,,
Sunsone,313614826028,CRSFDUMMYSKU,Edison Holder,Edison Holder,"LED_Lights | Lamp shades, holders & accessories | Lamp_Holder | Lampshades & Lightshades | Wall Light | cage light | home-applications | mail bag",8.49,0.00,LIKELY LAMP SHADE,,,
Electricalsone,265660306997,CRFF5004BM,Ceiling Rose Light Fitting,Ceiling Rose Light Fitting,"Accessory | Ceiling Light | Ceiling Light Fixtures | Ceiling Rose | Ceiling Roses | Ceiling_Rose_Brackets | Ceiling_rose | Deckenrosette | LIGHT_FIXTURE | Lamp shades, holders & accessories | Lighting Accesories | Multi_Outlet_Ceiling_Rose | Single_Outlet_Ceiling_Rose",8.48,0.00,LIKELY LAMP SHADE,,,
ledsone uk de,164111602964,WCB1BB+RPR44WH-IDE,CEILING PENDANT LIGHT/LAMP SHADE,CEILING PENDANT LIGHT/LAMP SHADE,Käfig Lampenschirme | Lampenschirme,8.20,0.00,LIKELY LAMP SHADE,,,
Electricalsone,266190394218,WCB4WH+RPR44WH,Lampshade Table / Ceiling /pendant Lamps,Lampshade Table / Ceiling /pendant Lamps,"Cages | Easy_Fit_Lamp_Shades | LAMPSHADE | LIGHT_FIXTURE | Lamp Shade | Lamp shades, holders & accessories | Lampshade | Light Shades | Wire Cage",7.89,0.00,LIKELY LAMP SHADE,,,
Electricalsone,266203388777,WCB4WH+RPR44WH,Lampshade Table / Ceiling /pendant Lamps,Lampshade Table / Ceiling /pendant Lamps,"Cages | Easy_Fit_Lamp_Shades | LAMPSHADE | LIGHT_FIXTURE | Lamp Shade | Lamp shades, holders & accessories | Lampshade | Light Shades | Wire Cage",7.89,0.00,LIKELY LAMP SHADE,,,
Ledsone,163942387715,NT35PK,M10 Threaded Rods,M10 Threaded Rods,"Beleuchtungszubehör | Hardware & fixings | Lamp shades, holders & accessories | NUTS | Pipe Fittings & Accessories | Pipe_Lighting_Accessories | SCREWS | THREADED_RODS_AND_STUDS | WASHERS",7.17,0.00,LIKELY LAMP SHADE,,,
Huttenlampen,394801095609,HK10BM1-IDE,,,"Cord_Grip_Hook_Ring | Deckenhaken | Hooks and Rings | Hooks_And_Rings | Hooks_and_Rings | Lamp shades, holders & accessories",6.85,0.00,LIKELY LAMP SHADE,,,
Ledsone,163682568149,BC2W1002PK,Butterfly clips,Butterfly clips,"LAMPSHADE | Lamp shades, holders & accessories",5.99,0.00,LIKELY LAMP SHADE,,,
Electricalsone,266191601113,CRFF105BA,MINI SINGLE OUTLET METAL CEILING ROSE,MINI SINGLE OUTLET METAL CEILING ROSE,"Ceiling Rose | Ceiling Rose Hook Plate | Ceiling Roses | Ceiling_rose | LIGHT_FIXTURE | Lamp shades, holders & accessories | Single_Outlet_Ceiling_Rose",5.94,0.00,LIKELY LAMP SHADE,,,
Electricalsone,266116434648,LHNHE27BY,Holder Antique Retro Edison ES E27,Holder Antique Retro Edison ES E27,"Lamp Holders | Lamp shades, holders & accessories | Lamp_Holder",5.66,0.00,LIKELY LAMP SHADE,,,
Ledsone,163761556156,LHNHE27BY,NeckBottle Lamp Holder E27,NeckBottle Lamp Holder E27,"Lamp Holders | Lamp shades, holders & accessories | Lamp_Holder",5.64,0.00,LIKELY LAMP SHADE,,,
Sunsone,313538446374,LHCCE27BL2PK+CGMLBM2PK,Ceramic Holder,Ceramic Holder,"Lamp shades, holders & accessories | Lighting Parts",5.49,0.00,LIKELY LAMP SHADE,,,
Sunsone,315605947325,LHAHE27BM2PK,,,"Lamp shades, holders & accessories",5.44,0.00,LIKELY LAMP SHADE,,,
Ledsone,166596512955,LHTEE27RO,E27 Lamp Holder,E27 Lamp Holder,"Lamp Holders | Lamp shades, holders & accessories | Lamp_Holder | Lighting Accessories",5.31,0.00,LIKELY LAMP SHADE,,,
Sunsone,315480904744,HRE1428BM5PK,sku not assigneds,sku not assigneds,"LAMPSHADE | Lamp shades, holders & accessories | Lighting Fixtures",5.01,0.00,LIKELY LAMP SHADE,,,
Ledsone,165307070252,HK10BM2PK,Hook / Hook ring,Hook / Hook ring,"Deckenhaken | Lamp shades, holders & accessories",5.00,0.00,LIKELY LAMP SHADE,,,
Ledsone,162582056962,CRFF100BM,FFCRBK,FFCRBK,"Ceiling Lights & Chandeliers | Ceiling Rose | Ceiling Roses | Ceiling_rose | LIGHT_FIXTURE | Lamp shades, holders & accessories | Lighting Accessories | Multi_Outlet_Ceiling_Rose | Outdoor Wall Lights without Sensors (Mains-Powered) | Pendant Lighting | Single_Outlet_Ceiling_Rose",4.89,0.00,LIKELY LAMP SHADE,,,
Ledsone,162279200965,CRFF100BM,,Vintage Ceiling Rose Metal Single Outlet Ceiling Plate for Pendant Light,"Ceiling Roses | LIGHT_FIXTURE | Lamp shades, holders & accessories | Single_Outlet_Ceiling_Rose",4.58,0.00,LIKELY LAMP SHADE,,,
Electricalsone,265211564360,CRFF100BM,,Ceiling Rose 100mm Black Light Fitting Canopy Metal Pendant Light Cover Plate,"Ceiling Roses | LIGHT_FIXTURE | Lamp shades, holders & accessories | Single_Outlet_Ceiling_Rose",4.54,0.00,LIKELY LAMP SHADE,,,
Ledsone,164046479684,PSDS4BMRBL,Dimmer Plug in light,Dimmer Plug in light,Ceiling Pendant Lights | LIGHT_BULB_SOCKET | Light Shades | POWER_CORD | Plug_In_Pendant_Lights | Plugin_Lighting,239.31,261.80,LIKELY WALL PLUG,,,
Sunsone,317609587060,PSDS2BMB14BM,Plug in pendant Light Black and White,Plug in pendant Light Black and White,LIGHT_BULB_SOCKET | Lamps | Light Bulbs | Pendant_Holder | Plugin_Lighting | Plugin_Pendant,0.00,192.80,LIKELY WALL PLUG,,,
Ledsone,163844479887,PSDS2BMB14BM,Plug in pendant Light Black and White,Plug in pendant Light Black and White,LIGHT_BULB_SOCKET | Lamps | Light Bulbs | Pendant_Holder | Plugin_Lighting | Plugin_Pendant,447.93,163.84,LIKELY WALL PLUG,,,
Electricalsone,266132039859,PSDS2BMB14BM,Socket Holder,Socket Holder,LIGHT_BULB_SOCKET | Lamps | Light Bulbs | Pendant_Holder | Plugin_Lighting | Plugin_Pendant,0.00,119.86,LIKELY WALL PLUG,,,
Ledsone,164389514552,PSDS2BMRBL,Dimmer Plug in light,Dimmer Plug in light,Ceiling Pendant Lights | LIGHT_BULB_SOCKET | Plug In Pendant | Plugin_Lighting | Plugin_Pendant,89.84,115.99,LIKELY WALL PLUG,,,
Electricalsone,267660184323,PSDS4RBL,,,Lamp Holders | Plug In Pendant | Plugin_Lighting,0.00,110.61,LIKELY WALL PLUG,,,
Ledsone,164279909548,PSDS2RBL,2m/4m Plug in pendant light,2m/4m Plug in pendant light,LIGHT_BULB_SOCKET | LIGHT_FIXTURE | Lamp Holders | POWER_CORD | POWER_STRIP | Plug In Pendant | Plugin_Lighting,47.42,108.12,LIKELY WALL PLUG,,,
Ledsone,166269554733,PSHNOA2BRBM,OF/OFF Switch Plug in Light Cord,OF/OFF Switch Plug in Light Cord,Ceiling Lights | Ceiling Pendant Lights | LIGHT_BULB_SOCKET | LIGHT_FIXTURE | Lamps | Lighting Accessories | POWER_CORD | Pendant Lighting | Plug In Pendant | Plugin Lighting | Plugin_Lighting,250.86,104.11,LIKELY WALL PLUG,,,
Ledsone,165029827381,ENC2815,Plug in Wall light Black,Plug in Wall light Black,,0.00,80.76,LIKELY WALL PLUG,,,
Electricalsone,266095194768,PSDS2RBL+LHSHE27BL,Pendant Lamp,Pendant Lamp,Plugin_Lighting,8.99,79.83,LIKELY WALL PLUG,,,
Ledsone,166284690448,WLFSWDBM,Hemp Wood Cage Plug in Wall Lamp,Hemp Wood Cage Plug in Wall Lamp,Indoor Wall Lights | LIGHT_FIXTURE | Wall Lamp Lights | Wall Lighting | Wall lights,0.00,79.47,LIKELY WALL PLUG,,,
Ledsone,165261757862,CRSF100HBM+WSWR1PFTBM+RD30+WR+PSDS4BPB,Round Wood Wall Sconces,Round Wood Wall Sconces,LIGHT_FIXTURE | Plugin_Lighting | Wall Light | Wall lights,156.68,59.14,LIKELY WALL PLUG,,,
Ledsone,164494292287,PSOS2YBRPB+LSSS300BI,Plug in Pendant Lamp,Plug in Pendant Lamp,LIGHT_FIXTURE | Pendant Lighting,0.00,57.36,LIKELY WALL PLUG,,,
Ledsone,164985236780,PSFW4RBM,Foot switch plug in set,Foot switch plug in set,LIGHT_BULB_SOCKET | LIGHT_FIXTURE | Pendant Lighting,11.89,47.56,LIKELY WALL PLUG,,,
Ledsone,164981814096,ENC321,Plug in Wall light,Plug in Wall light,LIGHT_FIXTURE | PRODUCT | Wall Light,23.89,44.44,LIKELY WALL PLUG,,,
Ledsone,166598501724,RWWPSYAE25WH,,,Best Heavy Duty Screw Anchor Set | Hardware & fixings | Multi-Purpose Screws with Wall Plugs (Single Sizes) | PLUG_STOPPER | SCREWS | Screw | Tile Levelling Kits | Wall Plugs (Mixed Sizes),173.10,43.74,LIKELY WALL PLUG,,,
Sunsone,314784136272,WSOSBDBM,,Wall Light Resin Lucky Bird Crow Wall-Lamp Bedside Raven Plugin Wall Light,Indoor Wall Lights | LAMP | LIGHT_BULB_SOCKET | LIGHT_FIXTURE | PRODUCT | Wall Light | Wall lights | Wandleuchten,20.89,39.78,LIKELY WALL PLUG,,,
Sunsone,318705556384,ENC9668,Adjustable Plug In Model Wall Light,Adjustable Plug In Model Wall Light,LIGHT_FIXTURE | Wall Light,0.00,35.99,LIKELY WALL PLUG,,,
Electricalsone,266190316879,SORS1GBM,Varilight Screwless Face Classic 10A,Varilight Screwless Face Classic 10A,ELECTRONIC_SWITCH | Light Switches | Power Strips & Surge Protectors | Switched Socket | Switches & Sockets | Switches & sockets | Switches and Sockets | Switches_And_Sockets | Switches_Sockets | TOOLS | WALL_PLATE,0.00,35.65,LIKELY WALL PLUG,,,
Sunsone,317613042254,PSDS4BMRBL,Dimmer Plug in light,Dimmer Plug in light,Ceiling Pendant Lights | LIGHT_BULB_SOCKET | Light Shades | POWER_CORD | Plug_In_Pendant_Lights | Plugin_Lighting,0.00,33.87,LIKELY WALL PLUG,,,
Ledsone,167979076726,TPHTTF2PBRBM,sku not assigneds,sku not assigneds,LAMP | PRODUCT | Plugin_Lighting | Table & bedside lamps | Table Lamp Lighting | Table Lighting | Table Lights (Mains-Powered),0.00,32.78,LIKELY WALL PLUG,,,
Sunsone,314287930431,LHBGE27BM,E27 Socket Holder,E27 Socket Holder,"LAMP | LIGHT_BULB_SOCKET | Lamp Holder | Lamp Holders | Lamp shades, holders & accessories | Lamp_Holder",30.18,32.67,LIKELY WALL PLUG,,,
Ledsone,166598283141,RWWPSY0640YE,,,BOLTS | Fischer | Hardware & fixings | MECHANICAL_FASTENERS | Multi-Purpose Screws with Wall Plugs (Mixed Sizes) | Plumbing Repair Kits | SCREWS | Screw | Screw & Wall Plug Sets (Mixed Sizes) | Tile Levelling Kits,15.28,29.35,LIKELY WALL PLUG,,,
Electricalsone,266191645929,PSDS4BMBBM,Plug In Pendant Lamp Light E27 Fitting,Plug In Pendant Lamp Light E27 Fitting,Plug in Pendant Light | Plugin_Lighting,109.78,28.97,LIKELY WALL PLUG,,,
Ledsone,164518703087,PSDS4BMRBL,Plug in Pendant Lamp,Plug in Pendant Lamp,Ceiling Pendant Lights | LIGHT_BULB_SOCKET | Light Shades | POWER_CORD | Pendant lighting | Plug-In Pendant Light | Plug_In_Pendant_Lights | Plugin_Lighting | Plugin_Pendant,30.98,27.98,LIKELY WALL PLUG,,,
Ledsone,163566951313,SOV101GWH,,13Amp Single Switched wall plug socket with ON/OFF Switch LED Indicator UK Stock,Electrical Sockets | Power Strips & Surge Protectors | Switches & sockets,6.81,27.96,LIKELY WALL PLUG,,,
Sunsone,314286761304,LHBPE27BM,E27 Socket Holder,E27 Socket Holder,"Lamp Holders | Lamp shades, holders & accessories | Lamp_Holder | Light Fittings",0.00,27.69,LIKELY WALL PLUG,,,
Ledsone,167576260451,ENC787,4m Plug in wall light,4m Plug in wall light,Indoor Wall Lights | LIGHT_FIXTURE | Wall Light | Wall Lighting | Wall_Lamp_Lights,49.44,24.09,LIKELY WALL PLUG,,,
Sunsone,313970190835,CRSF100BM+WSCH135BM+SCRN70BM+LSFT220RO,UK Plug in Wall Light Modern Vintage Industrial,UK Plug in Wall Light Modern Vintage Industrial,Indoor Wall Lights | LIGHT_FIXTURE | Wall Light | Wall Lighting | Wall Lights | Wall light | Wall lightng | Wall lights | Wandleuchten,20.89,21.99,LIKELY WALL PLUG,,,
Ledsone,163283165830,SWBS1GBM,,,ELECTRONIC_SWITCH | Light Switches | Switches & Sockets | Switches & sockets | Switches and Sockets | Switches_And_Sockets | TOOLS,5.34,21.96,LIKELY WALL PLUG,,,
Ledsone,164688514713,CRSF100HRO+PSDS4BPB+WSNW170RO+LSDM220RO,,Vintage Industrial Wall Sconce Metallic Indoor Loft Plug in Wall Light -LED SONE,Wall lights,0.00,20.89,LIKELY WALL PLUG,,,
Sunsone,316103816580,TPHTTF2PBRBM,sku not assigneds,sku not assigneds,LAMP | PRODUCT | Plugin_Lighting | Table & bedside lamps | Table Lamp Lighting | Table Lighting | Table Lights (Mains-Powered) | Table_Lamp_Lighting,0.00,18.89,LIKELY WALL PLUG,,,
Electricalsone,266196366729,PSDS4BMBBM,Plug In Pendant Lamp Light E27 Fitting,Plug In Pendant Lamp Light E27 Fitting,Plug in Pendant Light | Plugin_Lighting,29.94,18.58,LIKELY WALL PLUG,,,
Ledsone,164094948266,PSDS2RBL+LHTHE27BN,2m/4m Plug in pendant light,2m/4m Plug in pendant light,LIGHT_BULB_SOCKET | LIGHT_FIXTURE | Lamp Holders | Plugin_Lighting | Plugin_Pendant,28.98,16.89,LIKELY WALL PLUG,,,
Ledsone,167828584534,CRSF1202BM+PHBK1PBRBA2PK,LED E27 Socket Pendant light,LED E27 Socket Pendant light,Ceiling Lights & Chandeliers | LIGHT_FIXTURE | Pendant Lighting | Pendelleuchten | pendant lightss,0.00,14.78,LIKELY WALL PLUG,,,
Sunsone,318412012552,PSHNOS2BRBM,OF/OFF Switch Plug in Light Cord,OF/OFF Switch Plug in Light Cord,Ceiling Pendant Lights | LIGHT_BULB_SOCKET | Pendant Lighting | Plug In Pendant | Plugin Lighting | Plugin_Lighting,0.00,12.99,LIKELY WALL PLUG,,,
Electricalsone,266191598270,PSOS4RBL,Plug In Pendant Set,Plug In Pendant Set,,0.00,12.14,LIKELY WALL PLUG,,,
Sunsone,317674462322,RWWPSYAE25WH,,,Best Heavy Duty Screw Anchor Set | Hardware & fixings | Multi-Purpose Screws with Wall Plugs (Single Sizes) | PLUG_STOPPER | SCREWS | Screw | Tile Levelling Kits | Wall Plugs (Mixed Sizes),0.00,10.38,LIKELY WALL PLUG,,,
Sunsone,317609492289,PSDS2WHBWH,,2m Plug in Pendant Light Holder E27 UK Plug Socket Fitting ON/OFF Switch Lamp,LIGHT_BULB_SOCKET | Plugin_Lighting | Plugin_Pendant,0.00,8.99,LIKELY WALL PLUG,,,
Sunsone,312975888878,LHBGE27BM,E27 Socket Holder,E27 Socket Holder,"LIGHT_BULB_SOCKET | Lamp Holder | Lamp Holders | Lamp shades, holders & accessories | Lamp_Holder",0.00,5.89,LIKELY WALL PLUG,,,
Electricalsone,266190383388,CRSF100HBM+WSWR1PFTBM+PSDS4RBM+WR+LDG95E274,Plug in Wall Light Wood Lamp Fitting,Plug in Wall Light Wood Lamp Fitting,Wall lights,72.70,0.00,LIKELY WALL PLUG,,,
Ledsone,165693953106,PSOS5TBRGB,5m Plug in Pendant Lights UK,5m Plug in Pendant Lights UK,Pendant Lighting,62.67,0.00,LIKELY WALL PLUG,,,
Electricalsone,265826763080,PSDS2BMRBL,Plug In Pendant Lamp,Plug In Pendant Lamp,Ceiling Pendant Lights | LIGHT_BULB_SOCKET | Plug In Pendant | Plugin_Lighting | Plugin_Pendant,59.69,0.00,LIKELY WALL PLUG,,,
Ledsone,163845370854,ENC1592,Plug in Wall light,Plug in Wall light,,56.97,0.00,LIKELY WALL PLUG,,,
Sunsone,315438683393,RWWPSY0640YE,sku not assigneds,sku not assigneds,BOLTS | Fischer | Hardware & fixings | MECHANICAL_FASTENERS | Multi-Purpose Screws with Wall Plugs (Mixed Sizes) | Plumbing Repair Kits | SCREWS | Screw | Screw & Wall Plug Sets (Mixed Sizes) | Tile Levelling Kits,49.84,0.00,LIKELY WALL PLUG,,,
Ledsone,163925393421,PSOS2BMRBK,2M Plug in Pendant light Set,2M Plug in Pendant light Set,LIGHT_BULB_SOCKET | Lighting Accessories | Plugin_Lighting,48.56,0.00,LIKELY WALL PLUG,,,
Ledsone,163715641938,SOTB1GTK,Textured Black Switches & Sockets,Textured Black Switches & Sockets,ELECTRONIC_SWITCH | Light Switches | Power Strips & Surge Protectors | Switched Socket | Switches & Sockets | Switches & sockets | Switches and Sockets | Switches_And_Sockets | Switches_Sockets | TOOLS,46.70,0.00,LIKELY WALL PLUG,,,
Sunsone,313970190853,PSDS2BMRBL,PSDS2BUR-Plug In Pendant Lamp,PSDS2BUR-Plug In Pendant Lamp,Ceiling Pendant Lights | LIGHT_BULB_SOCKET | Plugin_Lighting,43.56,0.00,LIKELY WALL PLUG,,,
Electricalsone,265660312560,ENC863,Vintage Plugin 2m Kit Industrial Single Socket,Vintage Plugin 2m Kit Industrial Single Socket,LAMP | PRODUCT | Table & bedside lamps,34.96,0.00,LIKELY WALL PLUG,,,
Sunsone,316699422592,CRSF108BM-IDE,Single Point Steckdose Metall Deckenrosette,Single Point Steckdose Metall Deckenrosette,,31.18,0.00,LIKELY WALL PLUG,,,
Sunsone,313614826137,LHC1E27WH5PK,Ceramic Porcelain Holder Socket,Ceramic Porcelain Holder Socket,"Downlight Lampholders | LAMP | LIGHT_BULB_SOCKET | Lamp Holders | Lamp shades, holders & accessories | Lamp_Holder",29.95,0.00,LIKELY WALL PLUG,,,
Sunsone,313970190922,ENC1310,Industrial Wall Sconce Light Plug in Wall Lamp UK,Industrial Wall Sconce Light Plug in Wall Lamp UK,Indoor Wall Lights | LIGHT_FIXTURE | Wall Light | Wall Lighting | Wall Lights | Wall lights,24.60,0.00,LIKELY WALL PLUG,,,
Electricalsone,266196590754,PHAH2RBMBM+ICG95E2760,Plug in pendant set kit non used,Plug in pendant set kit non used,LIGHT_BULB_SOCKET | LIGHT_FIXTURE,23.82,0.00,LIKELY WALL PLUG,,,
Ledsone,164177800011,ENC229,Dimmer Plug in light 22cm light,Dimmer Plug in light 22cm light,LIGHT_FIXTURE | Wall Light | Wall Lighting | Wall Lights | Wall lights,21.89,0.00,LIKELY WALL PLUG,,,
Ledsone,166849406176,ENC8547,,,Plug in Pendant Light,20.89,0.00,LIKELY WALL PLUG,,,
Electricalsone,266197864340,PSDS4BMBBM,Plug In Pendant Lamp Light E27 Fitting,Plug In Pendant Lamp Light E27 Fitting,Plug in Pendant Light | Plugin_Lighting,19.96,0.00,LIKELY WALL PLUG,,,
Sunsone,315687679659,PSDS2RBL+LHTHE27BN,2m/4m Plug in pendant light,2m/4m Plug in pendant light,LIGHT_BULB_SOCKET | LIGHT_FIXTURE | Lamp Holders | Plugin_Lighting | Plugin_Pendant,16.89,0.00,LIKELY WALL PLUG,,,
Ledsone,163960268934,SOV101GTD,Chrome Light Swithches,Chrome Light Swithches,ELECTRONIC_SWITCH | Light Switches | Power Strips & Surge Protectors | Switches & Sockets | Switches & sockets | Switches and Sockets | Switches_And_Sockets | Switches_Sockets | WALL_PLATE,12.00,0.00,LIKELY WALL PLUG,,,
Sunsone,317188519254,SOV5BLTC,,,ELECTRONIC_SWITCH | Light Switches | Switches & Sockets | Switches & sockets | Switches and Sockets | Switches_And_Sockets | Switches_Sockets | TOOLS | WALL_PLATE,11.33,0.00,LIKELY WALL PLUG,,,
Electricalsone,266197976489,SOCL1GBM,Double Wall UK Plug Socket 2 Gang 13A,Double Wall UK Plug Socket 2 Gang 13A,Switches & sockets | Switches_And_Sockets,8.99,0.00,LIKELY WALL PLUG,,,
Ledsone,163836875925,PSDS2BMBBM,Plug in Light black and White,Plug in Light black and White,LIGHT_BULB_SOCKET | Plugin_Lighting | Plugin_Pendant,8.49,0.00,LIKELY WALL PLUG,,,
Sunsone,314168578786,SOV101GTD,Brushed Chrome Light Switches & Sockets Full Range,Brushed Chrome Light Switches & Sockets Full Range,ELECTRONIC_SWITCH | Light Switches | Power Strips & Surge Protectors | Switches & Sockets | Switches & sockets | Switches and Sockets | Switches_And_Sockets | Switches_Sockets | WALL_PLATE,5.31,0.00,LIKELY WALL PLUG,,,
Ledsone,167707828840,RWWPSY08GY,RH-FPBY-K45Y,RH-FPBY-K45Y,BOLTS | Hardware & fixings | MECHANICAL_FASTENERS | PLUG_STOPPER | SCREWS | Tile Levelling Kits | Wall Plug screw | Wall Plugs & Fixings,3.94,0.00,LIKELY WALL PLUG,,,
Huttenlampen,394976085481,COI9ASBM5PK,,,Andere,0.00,556.98,AMBIGUOUS,,,
ledsone de,406565104060,LDMG125E278,,,Bulb | Bulb_B22_Base B | Bulb_E27_Base | Dekorative Glühbirnen | E27 Base Bulb B | E27 Bulb | E27_Base_Bulb | Glühbirne E27 | LED | LED Bulb | LED Bulbs | LED Light Bulb | LED bulbs | LED_Bulbs | LIGHT_BULB | Light Bulbs (Appliance) | Light Bulbs (General-Purpose) | Light Shades | PRODUCT,0.00,550.38,AMBIGUOUS,,,
Electricalsone,266508050517,COI9BBM-IDE,,,Andere,211.06,467.45,AMBIGUOUS,,,
Ledsone,162823715743,ENC10313,,Industrial Wall Light Vintage Adjustable Wall Sconce Dimmable lighting Fixture,"Home, Furniture & DIY:Lighting:Wall Lights",83.44,415.71,AMBIGUOUS,,,
Ledsone,168569593779,CRSF120YB+WSUSHE27YB+SPAL68YB+LSGL14013AR,,,LIGHT_FIXTURE | Wall Light | Wandleuchten,0.00,407.88,AMBIGUOUS,,,
Sunsone,317380877663,PLHIBC,,,LIGHT_FIXTURE | Pendant Light | Pendant lighting | Pipe_Lamp_Lighting | pendant lights | pipe applique pendant set | pipe-lighting,0.00,367.12,AMBIGUOUS,,,
Sunsone,313970190831,WCFRBM,New Rope Pendant Light,New Rope Pendant Light,"Ceiling Lights & Chandeliers | Ceiling Pendant Lights | LIGHT_FIXTURE | Lamp shades, holders & accessories | Pendant Lighting | Wire Cage",0.00,356.22,AMBIGUOUS,,,
Sunsone,313978289239,CRFF500BM+LHNDE27BM2PK+LHNSE27BM+LSFT220BB3PK,3 Way Ceiling Pendant Light Vintage Retro Cluster,3 Way Ceiling Pendant Light Vintage Retro Cluster,Ceiling Light | Ceiling lights | Deckenleuchten | LIGHT_FIXTURE | Pendant Lighting,0.00,342.90,AMBIGUOUS,,,
Ledsone,167826149061,CRFF100BM+LHNSE27BM,sku not assigneds,sku not assigneds,Ceiling Light Fixtures | Ceiling Lights | Ceiling Lights & Chandeliers | LIGHT_FIXTURE | Outdoor Wall Lights without Sensors (Mains-Powered) | Pendant Lighting,0.00,313.14,AMBIGUOUS,,,
Ledsone,163481444917,LHSHE27BA,sku not assigneds,sku not assigneds,"Ceiling Pendant Lights | Downlight Lampholders | LAMP | LIGHT_BULB_SOCKET | LIGHT_FIXTURE | Lamp Holder | Lamp Holders | Lamp shades, holders & accessories | Lamp_Holder | Lampenfassungen Metall | Pendant Lighting | Pendant_Holder | Pendant_Lamp_Lights | Pendelleuchten | pendant lightss",114.54,300.56,AMBIGUOUS,,,
Huttenlampen,395287042885,LSCAEC400CH+LDDTFLE147,,,Kronleuchter,0.00,280.99,AMBIGUOUS,,,
Electricalsone,267256572200,CRSF100BM+PHHN1PBRGD+LSDO210BG,Industrial BlackDome Pendant Light,Industrial BlackDome Pendant Light,LIGHT_FIXTURE | Pendant Lighting | Pendelleuchte,0.00,260.96,AMBIGUOUS,,,
Sunsone,316699365416,PHHR1DSTHE+ICST64E272PK-IDE,Modern 1/2 Weg Hanfseil Vintage Pendelleuchte,Modern 1/2 Weg Hanfseil Vintage Pendelleuchte,Pendelhalter | Pendelleuchten,175.03,251.54,AMBIGUOUS,,,
Ledsone,165422275157,CRFF500BM+LHNDE27BM2PK+LHNSE27BM+LSDO210BM3PK,21 cm Dome Rustic Flush Light,21 cm Dome Rustic Flush Light,Ceiling Lights & Chandeliers | Deckenleuchten | LIGHT_FIXTURE,621.64,237.03,AMBIGUOUS,,,
Electricalsone,266190312761,PHSF1AGRGB,E27 Ceiling Rose Light Fitting Vintage Industrial,E27 Ceiling Rose Light Fitting Vintage Industrial,Ceiling Lights & Chandeliers | Ceiling Pendant Lights | Indoor Wall Lights | LIGHT_BULB_SOCKET | LIGHT_FIXTURE | Light Shades | Pendant Light | Pendant Lighting | Pendant light | Pendant_Holder | Pendant_Lamp_Lights | Pendant_Light | Pendelleuchten | Plug In Pendant | pendant lightss,0.00,231.28,AMBIGUOUS,,,
Ledsone,165901230400,CRFF100BM+LHNSE27YB+LSDO210BG,21cm gold inner 3 pendant lights,21cm gold inner 3 pendant lights,3 Pendant Light | Ceiling Flush Lights | Ceiling Lights | Ceiling Lights & Chandeliers | Ceiling Pendant Lights | LIGHT_FIXTURE | Pendant Lighting | Pendelleuchte | Pendelleuchten | Spider Lights,113.44,218.14,AMBIGUOUS,,,
Ledsone,163225741603,CO1210ACL,12WAYCRWE - All connectors,12WAYCRWE - All connectors,12 way connectors | Connector | Connectors & junction boxes | Junction Boxes & Connectors | TERMINAL_BLOCK,0.00,214.59,AMBIGUOUS,,,
Ledsone,168559487822,CRSF120BM+PHSH1PBRYB+LSCY290BG,I3-V50T-06EW,I3-V50T-06EW,LIGHT_FIXTURE | Pendant Lighting,0.00,209.94,AMBIGUOUS,,,
Sunsone,315873269466,LHPOE27CH,,,"Conduit Lighting | LIGHT_BULB_SOCKET | Lamp shades, holders & accessories",0.00,209.79,AMBIGUOUS,,,
Electricalsone,266827784713,PSHNOS2BRBM,sku not assigneds,sku not assigneds,Ceiling Lights | Ceiling Pendant Lights | LIGHT_BULB_SOCKET | LIGHT_FIXTURE | Pendant Lighting | Plug In Pendant | Plugin Lighting | Plugin_Lighting,48.48,200.86,AMBIGUOUS,,,
Sunsone,313520952828,ENC1509,3 Way Pipe Ceiling Lamps,3 Way Pipe Ceiling Lamps,Ceiling Pendant Lights | LIGHT_FIXTURE | Pendant Lighting | Pipe_Lamp_Lighting | pipe-lighting,0.00,197.55,AMBIGUOUS,,,
ledsone de,406286444003,CRSF100BD+PHHS1PWRBT+LSDO300BT,,,LIGHT_FIXTURE | Lighting Fixtures | Pendant Lighting | Pendant_Lamp_Lights | Pendelleuchte,0.00,189.90,AMBIGUOUS,,,
Ledsone,168607674367,ENC10232,TWAYPL_08,TWAYPL_08,Ceiling Lights | LIGHT_FIXTURE | Pendant_Lamp_Lights | Pendelleuchte | Pendent Light,0.00,188.69,AMBIGUOUS,,,
Sunsone,313614839666,CRFF100CH+LHNSE27CH+SCRN70BM+LSFT220CH,Flush mount Ceiling Scones,Flush mount Ceiling Scones,Ceiling Flush Lights | Ceiling Lights | Ceiling lights | Ceiling_Lamp_Lighting | Ceiling_Lamp_Lights | Deckenleuchte | Deckenleuchten | LIGHT_FIXTURE,0.00,186.30,AMBIGUOUS,,,
Electricalsone,267325902201,CRFF500BM+LHNDE27BM2PK+LHNSE27BM+LSDO210BM3PK,3 Way Industrial Style Ceiling Light,3 Way Industrial Style Ceiling Light,Ceiling Lights & Chandeliers | Deckenleuchten | LIGHT_FIXTURE,0.00,184.51,AMBIGUOUS,,,
Ledsone,168283057147,WSFS120BBM+LSDO210BC,Dome Wall Lights -1,Dome Wall Lights -1,,0.00,184.32,AMBIGUOUS,,,
ledsone de,405328319812,COI9BBM-IDE,,,Andere | Electronics Component Connectors,509.07,174.14,AMBIGUOUS,,,
Sunsone,317593252015,TSLCQA10WH,sku not assigneds,sku not assigneds,HARDWARE | Home & Garden | Tile Spacer | Tile Spacers,0.00,170.68,AMBIGUOUS,,,
Sunsone,317131968059,TPOSBDBM,,,Bird Table Lamp | Indoor Wall Lights | LAMP | LIGHT_BULB_SOCKET | LIGHT_FIXTURE | Light Shades | PRODUCT | Table & bedside lamps | Table Lamp | Table Lighting | Table Lights (USB-Chargeable) | Wall Light | Wall lights | Wandleuchten,166.01,169.34,AMBIGUOUS,,,
Electricalsone,266191598535,PHSF1AGRGB,E27 Ceiling Rose Light Fitting Vintage Industrial,E27 Ceiling Rose Light Fitting Vintage Industrial,Ceiling Lights & Chandeliers | Ceiling Pendant Lights | Indoor Wall Lights | LIGHT_BULB_SOCKET | LIGHT_FIXTURE | Light Shades | PRODUCT | Pendant Light | Pendant Lighting | Pendant light | Pendant_Holder | Pendant_Lamp_Lights | Pendant_Light | Pendelleuchten | Plug In Pendant | pendant lightss,83.74,167.57,AMBIGUOUS,,,
Huttenlampen,394771350212,LHSHE27BY4PK-IDE,,,,55.32,165.96,AMBIGUOUS,,,
Ledsone,164531556164,CRSFDUMMYSKU,Diamond Cage,Diamond Cage,"Cages | Easy_Fit_Lamp_Shades | LAMPSHADE | LED_Lights | LIGHT_FIXTURE | Lamp Shade | Lamp shades | Lamp shades, holders & accessories | Lamp_Holder | Lampshade | Lampshades & Lightshades | Light Shades | Wall Light | Wire Cage | cage light | home-applications | mail bag | wire cage",86.85,165.84,AMBIGUOUS,,,
Electricalsone,266765586510,HLSC128BM,Kitchen Cabinet Handle Vintage Black Bird Cage,Kitchen Cabinet Handle Vintage Black Bird Cage,Cabinet Handles | Cabinet handles & hinges | HARDWARE_HANDLE | Handles | Pull Handle,231.42,158.94,AMBIGUOUS,,,
Electricalsone,267781227991,WLRPE27BM3PK,Outdoor Waterproof LED Pillar Light Garden Bollard,Outdoor Waterproof LED Pillar Light Garden Bollard,Außenleuchten | Garden Lights | LIGHT_FIXTURE | PRODUCT | Wall Lamp Lights | Wall Light | Wall lights,0.00,157.67,AMBIGUOUS,,,
Huttenlampen,395510294331,CRSF100BB+PHCH1PBRBB+LSCY290BB-IDE,,,Hängelampen | LIGHT_FIXTURE | Pendelleuchten,19.45,155.60,AMBIGUOUS,,,
Ledsone,164508181340,CRFF500BM+PHCH1BMRBM3PK+LSCY210BM3PK,Small Curvy Pendant light,Small Curvy Pendant light,,0.00,151.56,AMBIGUOUS,,,
Ledsone,164990081670,CRSF100BM+PHSH1PBRYB+SCRN70BM+LSDO210BI,Round 1/3 Head lights,Round 1/3 Head lights,"Hängelampen | LIGHT_FIXTURE | Pendant Lighting | Pendant_Lamp_Lights, Multi_Outlet_Lamp_Shades_Lighting",0.00,150.32,AMBIGUOUS,,,
ledsone de,407085774344,WLGA110E27BM,,,Außenleuchten | Wall Light,0.00,150.06,AMBIGUOUS,,,
Electricalsone,265660310898,CRSF100BC+LHSHE27BC+SCRN70BC+LSUL220BC,Vintage Retro Industrial Flush Mount,Vintage Retro Industrial Flush Mount,Ceiling Flush Lights | Ceiling Lights | Ceiling_Lamp_Lights | LIGHT_FIXTURE,0.00,149.74,AMBIGUOUS,,,
Sunsone,317527200829,CRFF4002BM+WCRN3CBM2PK,Pendant Light Retro Loft Style 1/3 Head,Pendant Light Retro Loft Style 1/3 Head,"Ceiling Lights & Chandeliers | Ceiling Pendant Lights | LIGHT_FIXTURE | Lamp shades, holders & accessories | Pendant Lighting | Wire Cage",0.00,147.77,AMBIGUOUS,,,
Ledsone,165129880860,CRSF100BM+LHNSE27BM+SCRN70BM+WCWDBM,Cage pendant light,Cage pendant light,3 Pendant Light | Wall Light | Wall lights,0.00,147.28,AMBIGUOUS,,,
Huttenlampen,394617212467,PLWEBC+PHNW1RBC+LDMST64E274,E27 Industrielle Vintage Retro Wandleuchte,E27 Industrielle Vintage Retro Wandleuchte,Pipe_Lamp_Lighting | Wall Light | Wall Lights | Wall light | Wall lights | Wall_Lamp_Lights | Wall_Lamp_Shades_Lighting | Wandleuchten,0.00,143.10,AMBIGUOUS,,,
Sunsone,313526766571,CRFF100BM+PHCH1BMRBM+WCDCBM,Diamond cage pendant lights,Diamond cage pendant lights,"3 Head pendant Light | 3 Pendant Light | Ceiling Pendant Lights | Ceiling_Lamp_Lights | LAMPSHADE | LIGHT_FIXTURE | Lamp shades, holders & accessories | Lampenschirme | PRODUCT | Pendant_Lamp_Lights | Wall Lighting | Wall Lights | Wall lights | Wire Cage | cage light | multi outlet cage lights",0.00,143.04,AMBIGUOUS,,,
Huttenlampen,394896227598,CRSF100BM+PHHT1PBRBM+LSMS320BI,sku not assigneds,sku not assigneds,Ceiling Lights & Chandeliers | HOME | LIGHT_FIXTURE | Pendant Light | Pendant Lighting | Pendant_Lamp_Lights,588.32,142.91,AMBIGUOUS,,,
Sunsone,318878271549,PHSH1HETYB+LSGD280AR,,,Pendant Lighting | Pendant_Lamp_Lights | Pendelleuchten,0.00,141.16,AMBIGUOUS,,,
Electricalsone,267728203573,TPOSBDBM,,Bird Table Lamp E27 Resin Raven Crow Light Black Gothic Desk Lamp Bedroom Décor,Bird Table Lamp | LAMP | LIGHT_FIXTURE | PRODUCT | Table & bedside lamps | Table Lamp | Table Lighting | Table Lights (USB-Chargeable),0.00,138.31,AMBIGUOUS,,,
Ledsone,166938125141,CRFF500BM+PHCHPBRCO3PK+WCSPROCO3PK,sku not assigneds,sku not assigneds,3 Head Pendant Lighting | 3 Head pendant | LIGHT_FIXTURE | Pendant Lighting,0.00,137.67,AMBIGUOUS,,,
Ledsone,164198830444,PLWEBC+PHNW1RBC,Wheel light Wall all colour,Wheel light Wall all colour,LIGHT_FIXTURE | Pipe_Lamp_Lighting | Wall Light | Wall light | Wall lights | Wall_Lamp_Lights | Wall_Lamp_Shades_Lighting | Wandleuchten,23.89,137.45,AMBIGUOUS,,,
Sunsone,312957567997,CRSF120YB+WSRH230YB+LSBG136AR,Pendant Wall Sconce,Pendant Wall Sconce,Indoor Wall Lights | LIGHT_FIXTURE | Wall Light | Wall_Lamp_Lights | Wall_Lamp_Shades_Lighting | Wandleuchten,0.00,135.75,AMBIGUOUS,,,
Sunsone,318153264489,WLRPE27BM,,,LIGHT_FIXTURE | PRODUCT | Wall Lamp Lights | Wall lights,0.00,134.97,AMBIGUOUS,,,
Ledsone,166032301756,LHBBE27BA,Lamp Holder,Lamp Holder,"Downlight Lampholders | LAMP | LAMPSHADE | LIGHT_BULB_SOCKET | LIGHT_FIXTURE | Lamp Holder | Lamp Holders | Lamp shades, holders & accessories | Lamp_Holder | Lampenfassungen Metall | Light Bulbs | Lighting Accessories | PRODUCT",75.31,134.72,AMBIGUOUS,,,
Ledsone,167606378152,CRSF1202WH+PHRN2PCRBM2PK,,,Ceiling Lights & Chandeliers,0.00,134.04,AMBIGUOUS,,,
Ledsone,164743993324,CRSF100BM+WSCH135BM+LSDO210BM,21cm Black Dome Wall lamp,21cm Black Dome Wall lamp,LIGHT_FIXTURE | Wall Light | Wall lights | Wandleuchten,0.00,133.22,AMBIGUOUS,,,
Sunsone,318362538818,CRSF100BM+PHCH1BMRBM+LSDO400BI,Dome pendant lamp,Dome pendant lamp,Ceiling Pendant Lights | LIGHT_FIXTURE | PRODUCT | Pendant Light | Pendant Lighting | Pendant_Lamp_Lights | Pendelleuchte,0.00,132.21,AMBIGUOUS,,,
Sunsone,317740417240,ENC7849,,,Indoor Wall Lights | LIGHT_FIXTURE | Wall Light,0.00,125.34,AMBIGUOUS,,,
Ledsone,165671337930,CRSF100BL+PHRB1PBRWH+LSWE315BL,Mosque Black Pendant,Mosque Black Pendant,Ceiling Lights & Chandeliers | LIGHT_FIXTURE | Pendant Lighting | Pendant lighting | Pendant_Lamp_Lights,0.00,123.45,AMBIGUOUS,,,
Electricalsone,267774851327,PHSF1BMRBM3PK+LSCY290BM3PK,,3 Pack Industrial Black Pendant Ceiling Light Modern Hanging Lamp Retro E27,LIGHT_FIXTURE | Pendant Lighting,0.00,122.67,AMBIGUOUS,,,
Sunsone,318718289518,ENC10233,,3 Light Glass Pendant Ceiling Light Ribbed Shades Gold E27 Hanging Lamp Fixture,Ceiling Pendant Lights | LIGHT_FIXTURE | Pendelleuchte,0.00,118.23,AMBIGUOUS,,,
ledsone uk de,165902835036,CRFF100BM+LHNSE27YB+LSDO210BG+ICST64E27-IDE,,,LIGHT_FIXTURE | Pendelleuchten | Wall Light | Wall lights,74.82,117.17,AMBIGUOUS,,,
Electricalsone,266901660057,WCB1BM+RPR44WH,,,"Cages | Easy_Fit_Lamp_Shades | LAMP | LAMPSHADE | LIGHT_FIXTURE | Lamp Shade | Lamp shade | Lamp shades, holders & accessories | Lampshade | Light Shades | Wire Cage | wire cage",0.00,117.07,AMBIGUOUS,,,
Ledsone,166898541107,WBERT29BL2PK,sku not assigneds,sku not assigneds,ERASER | OFFICE_PRODUCTS | Whiteboards & clipboards,241.64,115.84,AMBIGUOUS,,,
Sunsone,314044958861,CRFF500BM+PHCHPBRRO3PK+WCDCRO3PK,3 Head Pendant Light Lamp Retro,3 Head Pendant Light Lamp Retro,LIGHT_FIXTURE,0.00,114.97,AMBIGUOUS,,,
Sunsone,313510216009,CRSF100BM+PHSH1PBRYB+SCRN70BM+LSFT220GS,1/3/4/ Head Pendant Lamp,1/3/4/ Head Pendant Lamp,3 Head Pendant Light Fitting | Ceiling Lights & Chandeliers | LIGHT_FIXTURE | Lighting Fixtures | Pendant_Lamp_Lights,0.00,109.98,AMBIGUOUS,,,
Sunsone,318585735926,CRFF500BM+PHHN1PBRCO3PK+LSDO210BI3PK,White inner dome,White inner dome,Ceiling Pendant Lights | LIGHT_FIXTURE,0.00,106.67,AMBIGUOUS,,,
ledsone uk de,167609977844,WJBIP684BM2PK-IDE,,,,0.00,105.66,AMBIGUOUS,,,
Ledsone,163441967260,CRFF108BM+WSSS70BM+SCRN70BM,Wall Loft Retro Lamp Light,Wall Loft Retro Lamp Light,LIGHT_FIXTURE | Wall Light | Wall Lighting | Wall Mount Sconces | Wall lights,353.25,104.38,AMBIGUOUS,,,
Ledsone,164844231307,CRSF100BM+WSLS155BM+SCRN70BM+LSOL180BS,sku not assigneds,sku not assigneds,LIGHT_FIXTURE | Wall Light | Wall Lighting | Wall lights | Wall_Lamp_Lights | Wandleuchten,0.00,103.74,AMBIGUOUS,,,
Ledsone,166247756622,WLRPE27BM,Garden piller Light,Garden piller Light,Außenleuchten | Garden Lights | LIGHT_FIXTURE | Wall Lamp Lights | Wall Light | Wall lights,99.48,101.16,AMBIGUOUS,,,
Ledsone,164876849022,PLHTBC,Wall lights,Wall lights,LIGHT_FIXTURE | Pipe Light | Pipe_Lamp_Lighting | Wall Light | Wall lights | pipe-lighting,33.78,101.09,AMBIGUOUS,,,
Ledsone,164841174279,CRSF100BM+WSLS155YB+SCRN70BM+LSFT220BL,Adjustable Wall Lights,Adjustable Wall Lights,Indoor Wall Lights | LIGHT_FIXTURE | Wall Light | Wall Lights | Wall light | Wall lights | Wandleuchte | Wandleuchten,29.88,101.03,AMBIGUOUS,,,
Ledsone,164855289662,ENC1509,Pipe lights,Pipe lights,Ceiling Pendant Lights | LIGHT_FIXTURE | Pendant Lighting | Pipe_Lamp_Lighting | pipe-lighting,0.00,100.78,AMBIGUOUS,,,
Ledsone,166714940667,TPOSBDBM,Lucky Bird Resin Wall Table Lamp,Lucky Bird Resin Wall Table Lamp,Bird Table Lamp | Indoor Wall Lights | LAMP | LIGHT_BULB_SOCKET | LIGHT_FIXTURE | Light Shades | PRODUCT | Table & bedside lamps | Table Lamp | Table Lighting | Table Lights (USB-Chargeable) | Wall Light | Wall lights | Wandleuchten,120.71,98.45,AMBIGUOUS,,,
Ledsone,166849248974,LHSHE27BA,E27 Edison Screw Pendant Light Fitting,E27 Edison Screw Pendant Light Fitting,"Ceiling Lights & Chandeliers | Ceiling Pendant Lights | Downlight Lampholders | LAMP | LIGHT_BULB_SOCKET | LIGHT_FIXTURE | Lamp Holder | Lamp Holders | Lamp shades, holders & accessories | Lamp_Holder | Lighting Fixtures | Pendant Light | Pendant Lighting | Pendant_Holder | Pendant_Lamp_Lights | Pen",20.58,98.12,AMBIGUOUS,,,
Sunsone,315560603944,WSCWBF,sku not assigneds,sku not assigneds,Chandelier Light | Indoor Wall Lights | LIGHT_FIXTURE | Wall lights,0.00,97.78,AMBIGUOUS,,,
Sunsone,316699422171,CRFF500BM+PHHT1PBRBM3PK+WCDCBM3PK-IDE,sku not assigneds,sku not assigneds,Ceiling Lights & Chandeliers | Hängelampen | Wandleuchten,16.64,97.64,AMBIGUOUS,,,
Sunsone,317093292638,CRSF100BM+LHNSE27BM+SCRN70YB+LSMS320BI-IDE,,,Ceiling Flush Lights | Ceiling Lights | Ceiling Pendant Lights | Ceiling lights | Ceiling_Lamp_Lighting | LIGHT_FIXTURE,48.18,97.24,AMBIGUOUS,,,
Ledsone,164503113377,PHCD1PBRBM+LSTM310BM,New Farmhouse Light,New Farmhouse Light,,0.00,96.68,AMBIGUOUS,,,
ledsone de,405328319829,CRFF500BM+PHHT1PBRBM3PK+WCDCBM3PK+ICST64E27403PK-IDE,,,Ceiling Lights & Chandeliers | Hängelampen | Wandleuchten,445.07,96.17,AMBIGUOUS,,,
Ledsone,168352992395,PHCD1PBRBW+LSCY290BB,AK-N3NR-O2FC,AK-N3NR-O2FC,Ceiling Pendant Lights | LIGHT_FIXTURE | Pendant Lighting | Pendant lighting | Pendant_Lamp_Lights | Pendant_Light | Pendelleuchte | Pendelleuchten,0.00,95.56,AMBIGUOUS,,,
Huttenlampen,394771686709,CRSF100BM+PHSH1PBRYB+SCRN70BM+LSFT220BI-IDE,,,Hängelampen,117.36,95.45,AMBIGUOUS,,,
Ledsone,166906910794,WLHSBMSQ10,,,Indoor Wall Lights | LIGHT_FIXTURE | Wall Light | Wall Lighting | Wall lights | Wandleuchte | Wandleuchten,19.89,94.17,AMBIGUOUS,,,
Ledsone,163826763081,CRSF125BM+WSAT105BM,Wall sconce holder set,Wall sconce holder set,LIGHT_FIXTURE | Wall Light | Wall Lights | Wall lights | Wall_Lamp_Lights | Wall_Lamp_Shades_Lighting,9.25,93.92,AMBIGUOUS,,,
Sunsone,315384745645,CRSF108BM2PK+WSAT105BM2PK,,,LIGHT_FIXTURE | Wall lights,98.34,93.85,AMBIGUOUS,,,
Sunsone,313970190873,PLTTBC+WCBNBC,PLTT+WCBN-Pipe Light,PLTT+WCBN-Pipe Light,LAMP | Rohr lampen | Table & bedside lamps | Table Lamp Lighting | Table Lighting | Table_Lamp_Lighting,0.00,93.66,AMBIGUOUS,,,
Ledsone,164592295411,CRFF500BB+PHWL1PBRBB3PK,Rectrangle 3 Head lights,Rectrangle 3 Head lights,LIGHT_FIXTURE | Pendant Lighting | pendant lights,25.12,91.78,AMBIGUOUS,,,
Sunsone,317889864303,ENC2971,,,LIGHT_FIXTURE | Multi_Outlet_Spider_Lamp_Lighting | Pendant Lighting | Pendant lighting | Spider Lights,0.00,91.69,AMBIGUOUS,,,
Electricalsone,267124187876,PHSH1HETYB+LSCY290BC,Curvy hemp rope lightsPendant Light Metal Lamp,Curvy hemp rope lightsPendant Light Metal Lamp,Ceiling Pendant Lights | Ceiling_Lamp_Lights | Hemp_Rope_Lamp_Lighting | LIGHT_FIXTURE | Pendant Light | Pendant Lighting | Pendant lighting | Pendelleuchte | Pendelleuchten | pendant lightss,0.00,91.56,AMBIGUOUS,,,
Huttenlampen,394082507761,CBSF100-IDE,Deckenrosette Platte,Deckenrosette Platte,Deckenplatte_Halterung | Deckenrosetten Halterungen,185.35,91.19,AMBIGUOUS,,,
ledsone de,405328319800,CRSF100BM+PHSH1PBRYB+LSCY290BI,,,LIGHT_FIXTURE | Pendant Lighting,0.00,90.80,AMBIGUOUS,,,
Electricalsone,265642199552,ENC2946,Pendant Light Industrial Retro Loft Style Wall Lam,Pendant Light Industrial Retro Loft Style Wall Lam,Ceiling Pendant Lights | LIGHT_FIXTURE | Pendant Lighting,0.00,90.50,AMBIGUOUS,,,
Electricalsone,265660312596,CRFF108BM+WSSR40BY+WCWYBM,Industrial Vintage Wall Light Retro Rustic E27,Industrial Vintage Wall Light Retro Rustic E27,LIGHT_FIXTURE | Lamp_Shade | Wall Lights | Wall lights | Wall_Lamp_Lights,54.36,90.38,AMBIGUOUS,,,
Electricalsone,266102089152,ENC8868,wall lamp light,wall lamp light,Indoor Wall Lights | LIGHT_FIXTURE | PRODUCT | Wall Lamp Light | Wall Light | Wall Lighting | Wall lights,0.00,90.10,AMBIGUOUS,,,
Ledsone,163036454043,WLWOCPBM+ICST64E27,,Vintage Industrial Wall Light Indoor Black Sconce Retro Rustic Lounge Wall Lamp,LIGHT_FIXTURE | Pendant_Light | Wall Light | Wandleuchten,15.00,89.98,AMBIGUOUS,,,
Electricalsone,266188029224,WCDCBC+RPR44WH,Contemporary Bird Cage Metal Basket,Contemporary Bird Cage Metal Basket,"Cages | Easy_Fit_Lamp_Shades | LAMPSHADE | LIGHT_FIXTURE | Lamp Shade | Lamp shades | Lamp shades, holders & accessories | Lampshade | Light Shades | Wire Cage | wire cage",0.00,88.87,AMBIGUOUS,,,
ledsone de,406268250319,PHCD1PBRBM+LSMS320BI,,Industrie  Hängeleuchte Pendelleuchte Hängelampe Antik Stil E27 Retro Vintage,LIGHT_FIXTURE,0.00,85.98,AMBIGUOUS,,,
Sunsone,315428622232,CRSF100GS+WSWH135BM+LSHQ150BM,sku not assigneds,sku not assigneds,HOME | Indoor Wall Lights | LIGHT_FIXTURE | Wall Light | Wall Lighting | Wall lights | Wall_Lamp_Lights | Wall_Lamp_Shades_Lighting | wall sconces,0.00,85.95,AMBIGUOUS,,,
Ledsone,165922146584,CRFF500BM+PHSH1PBRYB3PK+WCBLBM3PK,Mesh Cage pendant light,Mesh Cage pendant light,Ceiling Lights & Chandeliers | LIGHT_FIXTURE,45.89,85.47,AMBIGUOUS,,,
ledsone uk de,167906664509,CRSF100BM+PHSH1PBRBM+LSCY210BG,Black Gold Inner E27 Pendant Light,Black Gold Inner E27 Pendant Light,LIGHT_FIXTURE | Pendant Lighting | Pendant_Lamp_Lights | Pendelleuchte,0.00,85.39,AMBIGUOUS,,,
Ledsone,164610868952,CRSF100BM+WSLS155YB+SCRN70BM+LSOL180BM,18cm wall lamp Dimmer,18cm wall lamp Dimmer,LIGHT_FIXTURE | Wall Lights,23.79,84.06,AMBIGUOUS,,,
Sunsone,313558581280,CRFF5004BM+PHHT1PBRBM4PK+WCLDBM4PK,Long Cage pendant Light,Long Cage pendant Light,Ceiling Pendant Lights | Ceiling_Lamp_Lights | LIGHT_FIXTURE | Pendant Lighting | pendant lightss,0.00,83.78,AMBIGUOUS,,,
Huttenlampen,394626121462,LHNSE27BM-IDE,E27 Vintage Lampensockelhalter,E27 Vintage Lampensockelhalter,Lampenfassungen Metall,41.32,82.64,AMBIGUOUS,,,
Electricalsone,265838964406,PHWL1PBRBM,,Industrial Wheel Pendant Light Black 30cm Metal Cage Ceiling Hanging Lamp E27,Ceiling Lights & Chandeliers | Ceiling Pendant Lights | Ceiling_Lamp_Lights | LIGHT_FIXTURE | Vintage_Lamp_Lights,0.00,82.37,AMBIGUOUS,,,
Ledsone,164728612762,CRSF125BM+WSAT105BM,E27 Wall Arms,E27 Wall Arms,LIGHT_FIXTURE | Wall Light | Wall Lights | Wall lights | Wall_Lamp_Lights | Wall_Lamp_Shades_Lighting,0.00,81.52,AMBIGUOUS,,,
Ledsone,166042402972,CRSF2003CO+PHHN1PBRCO3PK+LSDO210BC3PK,21cm Copper 3 Head Lamp,21cm Copper 3 Head Lamp,Ceiling Pendant Lights | Ceiling_Lamp_Lights | LIGHT_FIXTURE | Pendant Lighting | Pendant_Lamp_Lights,0.00,79.78,AMBIGUOUS,,,
Ledsone,164857057743,CRFF5004BM+PHHT1PBRBC4PK+WCBLBC4PK,Hanging Retro Cage Lamp,Hanging Retro Cage Lamp,Ceiling Lights & Chandeliers | Ceiling Pendant Lights | Ceiling_Lamp_Lights | LIGHT_FIXTURE | PRODUCT | Pendant Light | Pendant Lighting | Pendelleuchten | Retro 3 Pendant Ceiling Light,363.06,79.56,AMBIGUOUS,,,
Ledsone,164023295056,CRSF100BM+LHNSE27BM+SCRN70BM+LSFT220BM,Gold inner light,Gold inner light,Ceiling Lights | Ceiling Lights & Chandeliers | Ceiling_Lamp_Lighting | Ceiling_Lamp_Lights | Deckenleuchte | Deckenleuchten | LIGHT_FIXTURE,0.00,79.52,AMBIGUOUS,,,
Ledsone,166850381810,CRFF500BM+LHNDE27BM2PK+LHNSE27BM+LSDO210BL3PK,3 Head Ceiling light,3 Head Ceiling light,Ceiling Lights & Chandeliers | Deckenleuchten | LIGHT_FIXTURE | Pipe_Lamp_Lighting,0.00,79.18,AMBIGUOUS,,,
Electricalsone,267039531344,CRSF100BM+LHNSE27BM+SCRN70YB+LSMS320BI,,,Ceiling Flush Lights | Ceiling Lights | Ceiling lights | Deckenleuchten | LIGHT_FIXTURE | PRODUCT,0.00,79.12,AMBIGUOUS,,,
Electricalsone,267632009827,CRSF120BM+PHSH1PBRYB+SCRN70BM+LSFT220BG,9X-362E-Q0BH,9X-362E-Q0BH,LIGHT_FIXTURE | Pendant Light | Pendelleuchten,0.00,78.98,AMBIGUOUS,,,
Ledsone,165461709422,CRFF500BB+PHWL1PBRBB3PK,wheel lamps,wheel lamps,Ceiling Lights | Ceiling Lights & Chandeliers | Ceiling Pendant Lights | Ceiling_Lamp_Lights | Easy_Fit_Lamp_Shades | LIGHT_FIXTURE | Pendant Light | Pendant Lighting | Pendant_Lamp_Lights | Vintage_Lamp_Lights | pendant lights | pendant lightss,43.68,78.38,AMBIGUOUS,,,
ledsone de,406650101261,LSCY290BG+RPR44WH-IDE,,,,0.00,78.00,AMBIGUOUS,,,
Sunsone,318686176457,ENC1312,,,Indoor Wall Lights | LIGHT_FIXTURE | Wall Light | Wall lights,0.00,77.98,AMBIGUOUS,,,
Sunsone,314230495895,PCBI100TP,3/4 Industrial Plumbing Pipe Fittings Components,3/4 Industrial Plumbing Pipe Fittings Components,Conduit Lighting | HOSE_PIPE_FITTING | Pipe & conduit fittings | Pipe Accessories | Pipe Fittings & Accessories | pipe Light Pats,0.00,77.86,AMBIGUOUS,,,
Electricalsone,267754906295,ENC10233,,Vintage 3 Light Gold Ribbed Glass Pendant Ceiling Light E27 Hanging Lamp Kitchen,Ceiling Pendant Lights | LIGHT_FIXTURE | Pendelleuchte,0.00,77.78,AMBIGUOUS,,,
Electricalsone,265837349036,ENC6039,Pendant Light,Pendant Light,Pendant Lighting | Pendant_Lamp_Lights,0.00,77.67,AMBIGUOUS,,,
Huttenlampen,394999054677,HLHG120CH2PK-IDE,,2 Schrankscharniere 35 mm Soft Close Scharnier Küchenschrank Türbefestigung,Heimwerker:Schrankbeschläge & -teile:Scharniere,103.44,77.58,AMBIGUOUS,,,
Huttenlampen,393764558531,PHSH1PBRYB-IDE,,Vintage Lampenfassung  1m Hängelampe Pendelleuchte Retro Lampe Birne Fassung E27,Pendelhalter,0.00,76.83,AMBIGUOUS,,,
Ledsone,164384274948,CRSF1205BM+PHNW2RBC5PK+SPUPBM5PK,Nest Cage Ceiling lights,Nest Cage Ceiling lights,LIGHT_FIXTURE | Multi_Outlet_Spider_Lamp_Lighting | Spider Lights,0.00,75.89,AMBIGUOUS,,,
Sunsone,313786625502,ENC2067,2 Way Pendant Light Ceiling Hanging Lights Vintage,2 Way Pendant Light Ceiling Hanging Lights Vintage,LIGHT_FIXTURE,0.00,75.78,AMBIGUOUS,,,
Ledsone,163863199146,WSBWBC,Rustic Balloon cage wall light,Rustic Balloon cage wall light,LIGHT_FIXTURE | Wall Light Fixtures | Wall Lighting | Wall Lights | Wall light | Wall lights | Wandleuchten,0.00,75.30,AMBIGUOUS,,,
Electricalsone,267366810173,ENC92,Glass pendant light,Glass pendant light,Pendant Light | Pendant Lighting | Pendelleuchten,47.78,74.73,AMBIGUOUS,,,
Ledsone,164085462919,WSIWBC,Wall light,Wall light,Indoor Wall Lights | LIGHT_FIXTURE | Wall Light | Wall Lighting | Wall Lights | Wall light | Wall lights | Wandleuchte | Wandleuchten,71.67,74.67,AMBIGUOUS,,,
Sunsone,313610757288,CRSF100CO+PHSH1PBRCO+LSDM220CO,LSDM220- Ceiling pendant light,LSDM220- Ceiling pendant light,LIGHT_FIXTURE | Pendant Light | Pendant Lighting | Pendant_Lamp_Lights,0.00,74.36,AMBIGUOUS,,,
Sunsone,313937488080,PLWEBC+PHHT1PBRBC+WCBNBC,Wall Lamp Retro Wheel Light Rustic Vintage Pipe,Wall Lamp Retro Wheel Light Rustic Vintage Pipe,Indoor Wall Lights | LIGHT_FIXTURE | Wall Light | Wall lights | Wandleuchten,54.98,74.07,AMBIGUOUS,,,
Huttenlampen,398126789910,WLGA110E27BM,sku not assigneds,sku not assigneds,Außenleuchten | Wall Light,0.00,73.98,AMBIGUOUS,,,
Sunsone,313614825916,ENC108,,3 Way Ceiling Light Modern Adjustable Pendant Kitchen Dining Island Fitting,Hängelampen | LIGHT_FIXTURE | Pendant lighting | pendant lightss,0.00,73.78,AMBIGUOUS,,,
Electricalsone,265634986318,CRFF500BM+LHNDE27BM2PK+LHNSE27BM+LSDO210BM3PK,3Way Industrial Style Ceiling Light Modern Bedroom,3Way Industrial Style Ceiling Light Modern Bedroom,Ceiling Lights & Chandeliers | Deckenleuchten | LIGHT_FIXTURE,44.01,72.34,AMBIGUOUS,,,
Ledsone,163678721625,CRSF100BM+LHNSE27BM,Short Holder Ceiling Linght,Short Holder Ceiling Linght,Ceiling Lights | Deckenleuchte | LIGHT_FIXTURE,125.35,71.94,AMBIGUOUS,,,
Ledsone,168493167358,PHHCF1BMRBM+ICST64E27,,,Pendant Lighting | Pendant_Lamp_Lights | Pendelleuchte,0.00,71.56,AMBIGUOUS,,,
Electricalsone,265451997302,CRSF100OR+PHCH1PWRSOR,Modern Orange Pendant Light Industrial Hanging,Modern Orange Pendant Light Industrial Hanging,Ceiling Lights & Chandeliers | Ceiling Pendant Lights | LIGHT_FIXTURE | Pendant Light | Pendant Lighting | Pendant_Lamp_Lights | Pendant_Ligh | Pendant_Light | pendant lights | pendant lightss,72.45,69.56,AMBIGUOUS,,,
Ledsone,165100417152,CRSF100BL+PHRB1PWR40WH+CGWDWO+LSBS160BL,sku not assigneds,sku not assigneds,Ceiling Pendant Lights | LIGHT_FIXTURE | Pendant Light | Pendant Lighting | Pendant_Lamp_Lights,59.97,68.67,AMBIGUOUS,,,
Sunsone,318250974132,WSNWBC+LSHQ180BC,,,Indoor Wall Lights | LIGHT_FIXTURE | LIGHT_SOURCE | Outdoor Decorative Lights (Mains-Powered) | Wall Light Fixtures | Wall Lighting | Wall lights | Wandleuchte | Wandleuchten,0.00,67.47,AMBIGUOUS,,,
Electricalsone,266940547549,ENC2034,sku not assigneds,sku not assigneds,LIGHT_FIXTURE | Pendant Lighting | Pendant lighting | Pendant_Lamp_Lights | Pendelleuchte,0.00,66.66,AMBIGUOUS,,,
ledsone uk de,164781249234,PLWP120BC+WCBNBC+LDMT130E274,PLWP120BS,PLWP120BS,Wall lights,0.00,66.15,AMBIGUOUS,,,
ledsone de,405692448603,CRSF100BM+PHSH1PBRYB+SCRN70BM+LSDO210BC,,,Ceiling Lights & Chandeliers | Ceiling Pendant Lights | LIGHT_FIXTURE,0.00,65.99,AMBIGUOUS,,,
Electricalsone,267292327043,CRSF100CO+PHSH1PBRCO+LSSS300CO,sku not assigneds,sku not assigneds,Ceiling Pendant Lights | LIGHT_FIXTURE | Pendant Lighting | Pendant_Lamp_Lights,0.00,65.67,AMBIGUOUS,,,
ledsone de,406189497147,CRSF100BM+PHSH1PBRYB+SCRN70BM+LSFT220BL,22cm COne Pendant,22cm COne Pendant,Ceiling_Lamp_Lights | Hängelampen | LIGHT_FIXTURE | Lighting Fixtures | PRODUCT | Pendant Light | Pendant Lighting | Pendant lighting | Pendant_Lamp_Lights,0.00,65.41,AMBIGUOUS,,,
Sunsone,318462781248,TSKCBM,,,ADHESIVE_TAPES | Hardware & fixings | KNEE_PAD | Knee Guard | Knee Pads | Sports & fitness | knee pads,0.00,65.00,AMBIGUOUS,,,
Huttenlampen,397808552037,ENC6378,,,Ceiling Pendant Lights | Pendelleuchten,0.00,64.99,AMBIGUOUS,,,
Huttenlampen,394771484300,CRSF100BM+PHSH1PBRBM+LSMS320BI-IDE,,,Ceiling Lights & Chandeliers | Pendelleuchten,83.67,64.97,AMBIGUOUS,,,
Ledsone,165926819338,PLOTBB+LSFT220BB,22cm cone pipe pendant light,22cm cone pipe pendant light,Ceiling Pendant Lights | Pendelleuchte | Pipe_Lamp_Lighting | pipe-lighting,0.00,63.51,AMBIGUOUS,,,
Electricalsone,267746106950,CRSF120YB+WSUSHE27YB+SPAL68YB+LSGL14013AR,Wall Sconce Light,Wall Sconce Light,LIGHT_FIXTURE | Wall Light | Wandleuchten,0.00,63.04,AMBIGUOUS,,,
Ledsone,163795656089,HLHG120CH,Habinet Hinge,Habinet Hinge,Andere | Cabinet Handles | Cabinet Hinge | Cabinet handles & hinges | Door Hinges | HARDWARE_HINGE,0.00,63.00,AMBIGUOUS,,,
ledsone de,405326939639,CRSF1202BM+PHBL1PBRBM2PK,SFCR12BK-1P+BLHRRGBKE27,SFCR12BK-1P+BLHRRGBKE27,Multi_Outlet_Lamp_Shades_Lighting | Pendant_Holder,0.00,62.62,AMBIGUOUS,,,
Huttenlampen,397695212885,HLCH128BM-IDE,Cabinet Door Pull Handles,Cabinet Door Pull Handles,Andere | Cabinet Handles | Cabinet handles & hinges | HARDWARE_HANDLE | Handles | Pull Handle,0.00,62.47,AMBIGUOUS,,,
Sunsone,314902896463,CRSF100BM+LHNSE27YB+SCRN70BM+LSFT220GS,Vintage Ceiling Light Retro Industrial,Vintage Ceiling Light Retro Industrial,Ceiling Flush Lights | Ceiling Lights | Ceiling Lights & Chandeliers | LIGHT_FIXTURE,16.89,61.77,AMBIGUOUS,,,
Ledsone,168147005669,PL4HBC,KI-9GCB-KWEX,KI-9GCB-KWEX,Deckenleuchte | LIGHT_FIXTURE | Pendant Lighting | Pendant lighting | pipe-lighting,0.00,61.54,AMBIGUOUS,,,
Huttenlampen,394740681658,LHC1E27WH-IDE,sku not assigneds,sku not assigneds,Lampenfassung | Lampenfassung Keramik,16.66,60.90,AMBIGUOUS,,,
Ledsone,164668561568,CRSF100BM+PHPV1HERBM,Hemp pendant PVC Colder,Hemp pendant PVC Colder,Hanfseil Pendelleuchte | LIGHT_FIXTURE,0.00,60.40,AMBIGUOUS,,,
Ledsone,163434903826,CRSFDUMMYSKU,E27 Lamp Holder,E27 Lamp Holder,"Downlight Lampholders | LAMP | LED_Lights | LIGHT_BULB_SOCKET | Lamp Holder | Lamp Holders | Lamp shades, holders & accessories | Lamp_Holder | Lampenfassungen Metall | Lampshades & Lightshades | Wall Light | cage light | home-applications | mail bag",62.24,60.39,AMBIGUOUS,,,
ledsone de,407087756254,WLGM47E27BM,,,Außenleuchten | LIGHT_FIXTURE,0.00,59.98,AMBIGUOUS,,,
Huttenlampen,398157202532,WLGM47E27BM,sku not assigneds,sku not assigneds,Außenleuchten | LIGHT_FIXTURE,0.00,59.98,AMBIGUOUS,,,
Huttenlampen,394037302914,CRSF100BM+PHHT1PBRBM+LSHM300HE,,Hängelampe E27 Rattanoptik Boho Korb Wohnzimmer Esszimmer Bar Hanfseil Lampe,Ceiling Pendant Lights | LIGHT_FIXTURE | Pendant Light | Pendant Lighting | Pendant_Lamp_Lights,0.00,59.78,AMBIGUOUS,,,
Electricalsone,266196406229,CRFF75BA,Vintage Metal Porcelain Single Point Ceiling Rose,Vintage Metal Porcelain Single Point Ceiling Rose,"Ceiling Rose | Ceiling Roses | Ceiling_rose | LIGHT_BULB_SOCKET | LIGHT_FIXTURE | Lamp shades, holders & accessories | STORAGE_HOOK | Single_Outlet_Ceiling_Rose | TOOLS",37.09,59.51,AMBIGUOUS,,,
Sunsone,313003909686,WCB1BB+RPR44WH,Drum style Light Lamp,Drum style Light Lamp,"Cages | Easy_Fit_Lamp_Shades | LAMPSHADE | Lamp Shade | Lamp shades, holders & accessories | Lampshade | Light Shades | Wire Cage | wire cage",0.00,59.43,AMBIGUOUS,,,
Ledsone,165365087205,CRSF108BM,108mm ceiling rose,108mm ceiling rose,"Ceiling Rose | Ceiling Roses | Ceiling_rose | LIGHT_BULB_SOCKET | LIGHT_FIXTURE | Lamp shades, holders & accessories | Lighting Accessories | STORAGE_HOOK | Single_Outlet_Ceiling_Rose",40.94,59.40,AMBIGUOUS,,,
Ledsone,167729466959,WCDTBL+RPR44WH,FR-E29L-NCX9,FR-E29L-NCX9,"Cages | Easy_Fit_Lamp_Shades | LAMPSHADE | LIGHT_FIXTURE | Lamp Shade | Lamp shade | Lamp shades | Lamp shades, holders & accessories | Lampenschirme | Lampshade | Light Shades | Wire Cage | wire cage",0.00,59.19,AMBIGUOUS,,,
ledsone de,405328533743,LDMC35E142-IDE,sku not assigneds,sku not assigneds,Bulb | Bulb_E27_Base | Dekorative Glühbirnen | E27 Base Bulb B | E27 Bulb | E27_Base_Bulb | Glühbirne E14 | LED Bulb | LED Bulbs | LED Glühbirnen | LED Light Bulb | LED bulbs | LED_Bulbs | LIGHT_BULB | Light Bulbs | Light Bulbs (General-Purpose) | Light Shades,29.12,59.06,AMBIGUOUS,,,
Ledsone,165579293035,CRSF100GS+WSWH135BM+LSHQ150BM,15cm oval wall light,15cm oval wall light,HOME | Indoor Wall Lights | LIGHT_FIXTURE | Wall Light | Wall Lighting | Wall lights | Wall_Lamp_Lights | Wall_Lamp_Shades_Lighting | wall sconces,0.00,58.47,AMBIGUOUS,,,
ledsone uk de,165446423563,CRSF100BM+WSCH135BM+LSFT220BB+ICST64E27-IDE,,,Wandleuchten,104.42,58.32,AMBIGUOUS,,,
Huttenlampen,394196177938,CRSF100BB+PHCH1PBRBB+LSCY290BB-IDE,Curvy full kit,Curvy full kit,Pendelleuchten,19.45,58.17,AMBIGUOUS,,,
Ledsone,166206453048,ENC5275,Yellow Brass Spider Light,Yellow Brass Spider Light,Pendant Lighting | Spider Lights,215.40,57.28,AMBIGUOUS,,,
Ledsone,165367135071,CRSF100BM+WSLS155YB+LSDO210BI,21cm dome wall lamp,21cm dome wall lamp,HOME_LIGHTING_ACCESSORY | LIGHT_FIXTURE | PRODUCT | Wall Light | Wall_Lamp_Shades_Lighting | Wandleuchten,39.78,56.89,AMBIGUOUS,,,
Electricalsone,266044909873,CRSF100BL+WSCH135BT+LSDO210BL,Wall Lamp,Wall Lamp,Indoor Wall Lights | LIGHT_FIXTURE | Wall Light | Wall Lighting | Wall lights | Wandleuchte,39.24,56.84,AMBIGUOUS,,,
Ledsone,164670828917,CRSF100BM+PHSH1PBRYB+SCRN70BM+LSFT220GY,Grey Pendant lights,Grey Pendant lights,Ceiling Lights & Chandeliers | Ceiling Pendant Lights | LIGHT_FIXTURE | PRODUCT | Pendant Light | Pendant Lighting | Pendant lighting | Pendant_Lamp_Lights | Pendant_Light | pendant lightss,0.00,56.67,AMBIGUOUS,,,
Electricalsone,265660312558,CRSF125BM+WSAT105BM,Wall Holder Switch,Wall Holder Switch,LIGHT_FIXTURE | Wall Light | Wall Lights | Wall lights | Wall_Lamp_Lights | Wall_Lamp_Shades_Lighting,7.19,56.34,AMBIGUOUS,,,
Sunsone,313501509419,CRSF100BM+LHLFE27BM+LSDO210BB,21cm dome ceiling light,21cm dome ceiling light,Deckenleuchten | Unterputz-Lampe,112.02,55.77,AMBIGUOUS,,,
Ledsone,166225683823,WLHSBMRE12,,Modern PIR  LED Wall Light Waterproof Outdoor Garden Security Lamp,LIGHT_FIXTURE | Outdoor Wall Lights with Sensors (Mains-Powered) | Wall lights,0.00,55.58,AMBIGUOUS,,,
ledsone uk de,165311781597,CRSF100BB+PHCH1PBRBB+LSFT220BB,,,Ceiling_Lamp_Lights | Hängelampen | LIGHT_FIXTURE | Lighting Fixtures | PRODUCT | Pendant Light | Pendant Lighting | Pendant lighting | Pendant_Lamp_Lights | Pendelleuchten | pendant lightss,22.68,55.50,AMBIGUOUS,,,
Ledsone,162696931368,CL3TBD,3Core Twisted Fabric Lighting Flex,3Core Twisted Fabric Lighting Flex,Cable | Cable Ties | Cables | Cables & LED drivers | ELECTRONIC_WIRE | Electrical Wires & Cable | LED_Lights | Lamp_Holder | Lampshades & Lightshades | Multi-Core Cables | Textilkabel 3-adrig Gedreht | Vintage_3Core_Twisted_Cable | Vintage_Cables | Wall Light | cable | cage light | home-applications,5.78,54.91,AMBIGUOUS,,,
Ledsone,165068836618,CRSF100AA+PHCH1PBRAA+LSCY290AA,Curvy pendant lights,Curvy pendant lights,Ceiling Lights | Ceiling Lights & Chandeliers | Ceiling Pendant Lights | Ceiling_Lamp_Lights | Hängelampen | LIGHT_FIXTURE | Lighting Fixtures | PRODUCT | Pendant Light | Pendant Lighting | Pendant lighting | Pendant_Lamp_Lights | Pendelleuchte | Pendelleuchten | pendant light | pendant lightss,0.00,54.77,AMBIGUOUS,,,
Ledsone,164664824603,CRSF100BB+PHCH1PBRBB+LSCY290BB,Curvy pendant lights,Curvy pendant lights,Ceiling Lights & Chandeliers | Ceiling Pendant Lights | Ceiling_Lamp_Lights | Hängelampen | LIGHT_FIXTURE | PRODUCT | Pendant Light | Pendant Lighting | Pendant lighting | Pendant_Lamp_Lights | Pendelleuchte | Pendelleuchten | pendant light | pendant lightss,0.00,54.21,AMBIGUOUS,,,
Ledsone,164554452349,ENC685,3 Head Pipe light ceiling light RR,3 Head Pipe light ceiling light RR,Ceiling Pendant Lights | LIGHT_FIXTURE | Pendant Lighting | Pipe_Lamp_Lighting | pipe-lighting,0.00,53.99,AMBIGUOUS,,,
ledsone uk de,167576269538,LHSHE27BA,,,"Downlight Lampholders | LAMP | LIGHT_BULB_SOCKET | Lamp Holder | Lamp Holders | Lamp shades, holders & accessories | Lamp_Holder",47.79,53.77,AMBIGUOUS,,,
Ledsone,165443367091,PLADBC+LSDO210BC3PK,21cm dome pip pendant,21cm dome pip pendant,Ceiling Pendant Lights | LIGHT_FIXTURE | Lamp_Holder | Pendant Light | Pendant Lighting | Pendelleuchte | pipe-lighting,47.96,53.29,AMBIGUOUS,,,
ledsone uk de,167669451899,COI9BBM-IDE,,,Andere | Electronics Component Connectors,263.05,53.19,AMBIGUOUS,,,
Ledsone,166385089577,ENC5055,sku not assigneds,sku not assigneds,,125.77,52.89,AMBIGUOUS,,,
Electricalsone,267001533371,PLADBC+LSDO210BC3PK,Industrial 3 Way Ceiling Pendant Light,Industrial 3 Way Ceiling Pendant Light,Ceiling Pendant Lights | LIGHT_FIXTURE | Lamp_Holder | Pendant Light | Pendant Lighting | Pendelleuchte | pipe-lighting,0.00,52.79,AMBIGUOUS,,,
Electricalsone,266196441440,PLHIBC,Industrial Steampunk Lighting Iron Pipe,Industrial Steampunk Lighting Iron Pipe,LIGHT_FIXTURE | Pendant Light | Pendant lighting | Pipe_Lamp_Lighting | pendant lights | pipe applique pendant set | pipe-lighting,0.00,52.54,AMBIGUOUS,,,
Ledsone,167785802368,CRFF108BM+PHRI1PBRBA+LSCY290BG,Curvy Black Pendant Light,Curvy Black Pendant Light,Ceiling Lights & Chandeliers | Ceiling Pendant Lights | LIGHT_FIXTURE | Pendant Lighting | Pendant lighting | Pendant_Lamp_Lights | Pendelleuchte,56.67,52.42,AMBIGUOUS,,,
Ledsone,167767060261,CRSF100BM+LHNSE27BM+SCRN70BA+LSTF40BM,sku not assigneds,sku not assigneds,Ceiling Flush Lights | Ceiling Flush Mount Light | Ceiling Light Fixtures | Ceiling Lights | Ceiling Pendant Lights | Ceiling lights | Ceiling_Lamp_Lights | Deckenleuchte | LIGHT_FIXTURE | Pendant Lighting | Pendant lighting,0.00,51.81,AMBIGUOUS,,,
Electricalsone,266297758334,ENC5166,Flush Mount light,Flush Mount light,Ceiling Light | Ceiling Lights | Ceiling Pendant Lights | Flush Mount Ceiling Light | HOME | LIGHT_FIXTURE | Pendant Light | Pendant Lighting,70.85,51.78,AMBIGUOUS,,,
Ledsone,164786976388,CRSF100BM+PHSH1PBRYB+SCRN70BM+LSFT220GS,Gold Line Lights,Gold Line Lights,3 Head Pendant Light Fitting | Ceiling Lights & Chandeliers | LIGHT_FIXTURE | Lighting Fixtures | Pendant_Lamp_Lights,0.00,50.67,AMBIGUOUS,,,
Ledsone,166239358700,LHHGE27BM,Hanging Ceramic Holder,Hanging Ceramic Holder,"LIGHT_BULB_SOCKET | Lamp Holder | Lamp Holders | Lamp shades, holders & accessories | Lamp_Holder",8.99,50.44,AMBIGUOUS,,,
Ledsone,163163376789,LHPVE27BM,Lamp Holder,Lamp Holder,"Downlight Lampholders | LIGHT_BULB_SOCKET | Lamp Holder | Lamp Holders | Lamp shades, holders & accessories | Lamp_Holder | Light Bulbs | Lighting Accessories",82.46,50.31,AMBIGUOUS,,,
Electricalsone,267588223735,CRSF120CO3PK,sku not assigneds,sku not assigneds,LIGHT_FIXTURE,0.00,49.99,AMBIGUOUS,,,
Ledsone,166333203387,ENC5417,Yellow Brass pendant spider,Yellow Brass pendant spider,,27.89,49.89,AMBIGUOUS,,,
Electricalsone,266227134800,ENC1509,sku not assigneds,sku not assigneds,Ceiling Pendant Lights | LIGHT_FIXTURE | Pendant Lighting | Pipe_Lamp_Lighting | pipe-lighting,99.18,49.84,AMBIGUOUS,,,
Huttenlampen,394426149526,LHSHE27BA-IDE,Metall Lampenfassungen Sockel,Metall Lampenfassungen Sockel,"Downlight Lampholders | LIGHT_BULB_SOCKET | Lamp Holder | Lamp Holders | Lamp shades, holders & accessories | Lamp_Holder | Lampenfassungen Metall",219.52,49.63,AMBIGUOUS,,,
Ledsone,167879499157,CRSF100BM+PHSH1PBRBM+LSCY210BG,Black Gold Inner E27 Pendant Light,Black Gold Inner E27 Pendant Light,LIGHT_FIXTURE | Pendant Lighting | Pendant_Lamp_Lights | Pendelleuchte,0.00,49.35,AMBIGUOUS,,,
Ledsone,165180710022,RPM40BM5PK,Metal Reducer Plate,Metal Reducer Plate,"LAMP | LAMPSHADE | LIGHT_BULB_SOCKET | Lamp shades, holders & accessories | Lighting Accessories | TOOLS",6.89,48.93,AMBIGUOUS,,,
Sunsone,318257593978,CRSF100BM3PK+PHSQ1PBRYB3PK+LSSS300BM3PK,,,LIGHT_FIXTURE | Pendant Light | Pendant_Lamp_Lights | Pendelleuchte | Pendelleuchten | pendant light,0.00,48.89,AMBIGUOUS,,,
Ledsone,163877753852,PLWLBB,Waterpipe wall light type1,Waterpipe wall light type1,LIGHT_FIXTURE | Pipe_Lamp_Lighting | Wall Light | Wall lights,16.49,48.87,AMBIGUOUS,,,
Ledsone,165538482090,CRFF100BM+LHNSE27YB+LSMS320BI,32cm Black Flush Lmap,32cm Black Flush Lmap,,0.00,48.27,AMBIGUOUS,,,
Sunsone,313970190866,PLWPBC,Type 3 Waterpipe Wall Light,Type 3 Waterpipe Wall Light,LIGHT_FIXTURE | Lighting Accessories | Pipe_Lamp_Lighting | Wall Light | Wall lights,30.66,47.97,AMBIGUOUS,,,
Ledsone,164136322044,CRSF100CO+WSSM40CO+LSFT220CO,Adjustable Ceiling light,Adjustable Ceiling light,Ceiling Lights & Chandeliers | Ceiling lights | Ceiling_Lamp_Lighting | LIGHT_FIXTURE | Wall Lighting | Wall lights,0.00,47.97,AMBIGUOUS,,,
Electricalsone,266200630144,CRSF1202WH,Ceiling Rose Light Fitting,Ceiling Rose Light Fitting,"Accessory | Ceiling Rose | Ceiling Roses | Ceiling_rose | LIGHT_BULB_SOCKET | LIGHT_FIXTURE | Lamp shades, holders & accessories | Lighting Accessories | Multi_Outlet_Ceiling_Rose | Single_Outlet_Ceiling_Rose",19.16,47.92,AMBIGUOUS,,,
Ledsone,164393713885,WSIWBM,Wall Ceiling lights,Wall Ceiling lights,Ceiling lights | ELECTRIC_LANTERN | Indoor Wall Lights | LIGHT_FIXTURE | Wall Light | Wall Lighting | Wall light | Wall lights | Wandleuchte,0.00,47.78,AMBIGUOUS,,,
Ledsone,168487438779,ENC1312,,,Indoor Wall Lights | LIGHT_FIXTURE | Wall Light | Wall Lighting | Wall Lights | Wall lights,0.00,47.78,AMBIGUOUS,,,
Ledsone,164679483229,CRSF100BM+WSLS155YB+LSFT220BC,Wall Light Colour lamp,Wall Light Colour lamp,Indoor Wall Lights | LIGHT_FIXTURE | LIGHT_SOURCE | PRODUCT | Wall Lamp Light | Wall Light | Wall Lighting | Wall lights | Wandleuchten,97.02,47.76,AMBIGUOUS,,,
Sunsone,316699474485,CRSF100BM+LHNSE27YB+SCRN70BM+LSFT220GS-IDE,sku not assigneds,sku not assigneds,Ceiling Lights & Chandeliers,41.78,47.69,AMBIGUOUS,,,
Ledsone,166885457859,PLTYBC,sku not assigneds,sku not assigneds,LAMP | Pipe Lighting | Table & bedside lamps | Table Lamp Lighting | Table Lighting | Table Lights (USB-Chargeable),53.64,47.64,AMBIGUOUS,,,
ledsone de,405949952477,CRSF100BM+WSHR135BM+LSFT220BG,,,Indoor Wall Lights | LIGHT_FIXTURE | Wall Light | Wall lights | Wandleuchte | Wandleuchten,0.00,47.00,AMBIGUOUS,,,
Ledsone,165373300078,ENC2946,Multi HSade,Multi HSade,Ceiling Pendant Lights | LIGHT_FIXTURE | Pendant Lighting,0.00,46.89,AMBIGUOUS,,,
Sunsone,317975871592,LSH3325HE+RPR44WH,,,"Easy_Fit_Lamp_Shades | LAMPSHADE | Lamp Shade | Lamp shades, holders & accessories | Lampenschirme | Lampshade | Lampshades & Lightshades | Light Shades | wire cage",0.00,46.68,AMBIGUOUS,,,
ledsone uk de,167421943739,CRFF500BM+PHCH1BMRBM3PK+LSCY210BG3PK,Small Curvy Pendant light,Small Curvy Pendant light,Ceiling Lights & Chandeliers | Ceiling Pendant Lights | Ceiling_Lamp_Lights | LIGHT_FIXTURE | Pendant Lighting | Pendant_Lamp_Lights | Pendant_Light | Pendelleuchte,0.00,46.28,AMBIGUOUS,,,
ledsone de,405997160667,CRSF100BM+LHHTE27BM+WCDCBM,sku not assigneds,sku not assigneds,Deckenleuchten | LIGHT_FIXTURE,0.00,46.18,AMBIGUOUS,,,
Electricalsone,267646075941,PLTRBC,,,LAMP | Table & bedside lamps,0.00,45.89,AMBIGUOUS,,,
ledsone de,407215305500,CRSF2003BM+PHSH1PBRYB3PK+LSCY290BB3PK-IDE,sku not assigneds,sku not assigneds,Pendelleuchten,0.00,45.81,AMBIGUOUS,,,
Ledsone,162998195698,CO126ACL,2 Way Orange and Grey Connector,2 Way Orange and Grey Connector,12 way connectors | Connector | Connectors & junction boxes | Junction Boxes & Connectors | TERMINAL_BLOCK,0.00,45.75,AMBIGUOUS,,,
Electricalsone,266269792345,CRSF108BM+WSST70BM,sku not assigneds,sku not assigneds,LIGHT_FIXTURE | Wall Lighting | Wall Lights | Wall lights,0.00,45.72,AMBIGUOUS,,,
Huttenlampen,398406946773,COI9ASBM5PK,sku not assigneds,sku not assigneds,Andere,0.00,45.53,AMBIGUOUS,,,
Ledsone,164067562211,ENC10367,,8 Head Industrial Chandelier Spider Ceiling Light Multi Bubble Pendant Lamp UK,"Home, Furniture & DIY:Lighting:Ceiling Lights & Chandeliers",0.00,45.45,AMBIGUOUS,,,
Electricalsone,266975178105,CRFF500BM+PHHT1PBRBM3PK+WCDCBM3PK+ICST64E27403PK-IDE,sku not assigneds,sku not assigneds,Ceiling Lights & Chandeliers | Hängelampen | Wandleuchten,38.88,45.02,AMBIGUOUS,,,
Ledsone,165452081096,CRFF500BM+LHNDE27BM2PK+LHNSE27BM+LSFT220BB3PK,Cone Wall Light,Cone Wall Light,Ceiling Light | Ceiling lights | Deckenleuchten | LIGHT_FIXTURE | Pendant Lighting,0.00,44.99,AMBIGUOUS,,,
Ledsone,168557377862,CRFF500BM+LHNDE27BM2PK+LHNSE27BM+LSFT220BB3PK,,,Ceiling Light | Ceiling lights | Deckenleuchten | LIGHT_FIXTURE | Pendant Lighting,0.00,44.99,AMBIGUOUS,,,
Electricalsone,267037430036,PLADBM+LSDO210BG3PK,Industrial 3 Way Pendant Ceiling Light Black Pipe,Industrial 3 Way Pendant Ceiling Light Black Pipe,LIGHT_FIXTURE | Pendant Light | Pendant Lighting | Pendelleuchte | pipe-lighting,0.00,44.89,AMBIGUOUS,,,
Ledsone,165149631016,ENC2052,Double head Long Cone,Double head Long Cone,Ceiling Pendant Lights | LIGHT_FIXTURE | Pendant Lighting | Spider Lights,0.00,44.80,AMBIGUOUS,,,
Electricalsone,267237039642,PLADBM+LSDO210BG3PK,3 Light Pendant Ceiling Light Black Pipe Light,3 Light Pendant Ceiling Light Black Pipe Light,LIGHT_FIXTURE | Pendant Light | Pendant Lighting | Pendelleuchte | pipe-lighting,0.00,44.77,AMBIGUOUS,,,
Electricalsone,267742103780,CRSFM110080BM+WSCH135BM+LSCY290BG,,Industrial Vintage Wall Light E27 Black Gold Inner Metal Farmhouse Sconce Lamp,Indoor Wall Lights | LIGHT_FIXTURE | Wall lights,0.00,44.44,AMBIGUOUS,,,
ledsone uk de,166015056339,CRSF100BM+LHNSE27YB+SCRN70BM+LSFT220BG-IDE,,,Ceiling Lights & Chandeliers | Deckenleuchten | Pendelleuchten,36.24,43.91,AMBIGUOUS,,,
ledsone uk de,167087910641,CRFF100BM+LHNSE27YB+LSDO210BG,Schwarz Retro Hängelampe,Schwarz Retro Hängelampe,Ceiling Flush Lights | Ceiling Lights | Ceiling Lights & Chandeliers | Ceiling Pendant Lights | Hängelampen | LIGHT_FIXTURE | Pendant Light | Pendant Lighting | Pendelleuchte | Pendelleuchten | Spider Lights | pipe-lighting,200.74,43.82,AMBIGUOUS,,,
Ledsone,166885607799,WLHSBMSW10,,Modern Outdoor LED Wall Light PIR Motion Sensor IP54 10W Up Down Black Wall Lamp,Indoor Wall Lights | Wall Light | Wall lights | Wandleuchte,0.00,43.70,AMBIGUOUS,,,
Sunsone,314257032214,CRFF75BA2PK,CRFF75BA,CRFF75BA,"Ceiling_rose | LIGHT_BULB_SOCKET | LIGHT_FIXTURE | Lamp shades, holders & accessories | STORAGE_HOOK",35.58,43.56,AMBIGUOUS,,,
Electricalsone,266871147906,CRFF140BM+WSWH135BM+LSDO210BG,,,3 Pendant Light | Ceiling Flush Lights | Ceiling Lights & Chandeliers | Ceiling Pendant Lights | Ceiling_Lamp_Lighting | Ceiling_Lamp_Lights | LIGHT_FIXTURE | Pendant Lighting | Pendelleuchten | Spider Lights | Wall Light | Wall lights | wall sconces,161.03,42.68,AMBIGUOUS,,,
Ledsone,164234264098,CRFF500BM+PHSH1PBRYB3PK+SCRN70BM3PK+LSTF40BM3PK,3 Way light,3 Way light,3 Head Pendant Lighting | Ceiling_Lamp_Lights | Hängelampen | LIGHT_FIXTURE | Pendant Lights | pendant lights,0.00,42.68,AMBIGUOUS,,,
Electricalsone,267187442474,CRFF500BM+PHCH1BMRBM3PK+LSCY210BG3PK,Small Curvy Pendant light,Small Curvy Pendant light,Ceiling Lights & Chandeliers | Ceiling Pendant Lights | Ceiling_Lamp_Lights | LIGHT_FIXTURE | Pendant Lighting | Pendant_Lamp_Lights | Pendant_Light | Pendelleuchte,0.00,42.68,AMBIGUOUS,,,
ledsone de,406779392679,CRSF100BM+WSCH135BM+SCRN70BM+LSTF40BB,sku not assigneds,sku not assigneds,LIGHT_FIXTURE | Wall Light | Wall lights | Wall_Lamp_Shades_Lighting | Wandleuchten | home-applications,0.00,42.56,AMBIGUOUS,,,
Ledsone,167694794422,TPOSBDBM,U4-PV6S-1UIS,U4-PV6S-1UIS,Bird Table Lamp | Indoor Wall Lights | LAMP | LIGHT_BULB_SOCKET | LIGHT_FIXTURE | Light Shades | PRODUCT | Table & bedside lamps | Table Lamp | Table Lighting | Table Lights (USB-Chargeable) | Wall Light | Wall lights | Wandleuchten,0.00,42.25,AMBIGUOUS,,,
Sunsone,318331002659,CRSF2003BM+WCTC1BM3PK,,,LIGHT_FIXTURE | Pendant Lighting | Pendant lamp kit | Pendelleuchte,0.00,41.99,AMBIGUOUS,,,
Electricalsone,266188024285,HLCH128BM,Pull Handle,Pull Handle,Cabinet Handles | Cabinet handles & hinges | HARDWARE_HANDLE | Handles | Pull Handle,20.45,41.98,AMBIGUOUS,,,
Sunsone,317870935135,LHSHE27BA,E27 Ceiling Rose Light Fitting Vintage Industrial,E27 Ceiling Rose Light Fitting Vintage Industrial,"Ceiling Lights & Chandeliers | Ceiling Pendant Lights | Downlight Lampholders | LAMP | LIGHT_BULB_SOCKET | LIGHT_FIXTURE | Lamp Holder | Lamp Holders | Lamp shades, holders & accessories | Lamp_Holder | Lampenfassungen Metall | Lighting Fixtures | Pendant Light | Pendant Lighting | Pendant_Holder | ",0.00,41.96,AMBIGUOUS,,,
Huttenlampen,396240632396,ENC4304,sku not assigneds,sku not assigneds,Ceiling Lights & Chandeliers | Ceiling Pendant Lights | HOME | LAMP | LIGHT_FIXTURE | PRODUCT | Pendant Light | Pendant lighting | Pendelleuchte | Spider Lights,216.83,41.94,AMBIGUOUS,,,
Electricalsone,265591600983,LHCCE27BL+CGMLBM,LHCCE27- Colour Lamp Holder,LHCCE27- Colour Lamp Holder,"Ceramic_Holders | Downlight Lampholders | Lamp Holders | Lamp shades, holders & accessories | Lamp_Holder | Lampenfassungen Metall | Lighting Parts | light holder",0.00,41.93,AMBIGUOUS,,,
Ledsone,168146822412,CRFF108BY+LHNSE27BY+LSDO300BM,30cm Dome ceiling light,30cm Dome ceiling light,Ceiling Flush Lights | Ceiling Flush Mount Light | Ceiling Lights | Ceiling Lights & Chandeliers | Ceiling lights | Ceiling_Lamp_Lights | LIGHT_FIXTURE,0.00,41.78,AMBIGUOUS,,,
Electricalsone,267243941861,CRFF500BM+LHNDE27BM2PK+LHNSE27BM+LSFT220BB3PK,3 Way Ceiling Pendant Light Vintage Retro Cluster,3 Way Ceiling Pendant Light Vintage Retro Cluster,Ceiling Light | Ceiling lights | Deckenleuchten | LIGHT_FIXTURE | Pendant Lighting,36.49,41.38,AMBIGUOUS,,,
ledsone uk de,167796845904,ENC4304,sku not assigneds,sku not assigneds,Ceiling Lights & Chandeliers | Ceiling Pendant Lights | HOME | LAMP | LIGHT_FIXTURE | PRODUCT | Pendant Light | Pendant lighting | Pendelleuchte | Spider Lights,0.00,41.17,AMBIGUOUS,,,
Huttenlampen,397758727861,CRSF100BM3PK+PHSQ1PBRYB3PK+LSSS300BM3PK,,3er Hängelampe Pendelleuchte Vintage-Leuchte Deckenlampe Pendellampe E27,LIGHT_FIXTURE | Pendant Light | Pendant_Lamp_Lights | Pendelleuchten | pendant light,0.00,41.09,AMBIGUOUS,,,
Ledsone,166114428213,CRSF1202BM+PHBK1PBRBA2PK,sku not assigneds,sku not assigneds,Ceiling Lights & Chandeliers | LIGHT_FIXTURE | Pendant Light | Pendant Lighting,122.78,40.89,AMBIGUOUS,,,
Ledsone,164010261356,CRFF500BM+PHSH1PBRYB3PK+SCRN70BM3PK+LSFT220BM3PK,3 Head Lights,3 Head Lights,3 Head Pendant Lighting | Ceiling Pendant Lights | Hängelampen | LIGHT_FIXTURE | Multi_Outlet_Lamp_Shades_Lighting | pendant lightss,0.00,40.89,AMBIGUOUS,,,
ledsone de,405328319998,CRFF100BM+LHNSE27YB+LSDO210BG,Schwarz Retro Hängelampe,Schwarz Retro Hängelampe,Ceiling Flush Lights | Ceiling Lights | Ceiling Lights & Chandeliers | Hängelampen | LIGHT_FIXTURE | Pendant Light | Pendant Lighting | Pendelleuchte | Pendelleuchten | Wall Light | Wall lights | pipe-lighting,378.07,40.81,AMBIGUOUS,,,
Huttenlampen,397441290503,CRFF100BM+LHNSE27YB+LSDO210BG,Schwarz Retro Hängelampe,Schwarz Retro Hängelampe,Ceiling Flush Lights | Ceiling Lights | Ceiling Lights & Chandeliers | Ceiling Pendant Lights | Hängelampen | LIGHT_FIXTURE | Pendant Light | Pendant Lighting | Pendelleuchte | Pendelleuchten | Spider Lights | pipe-lighting,0.00,40.81,AMBIGUOUS,,,
Ledsone,168595184610,ENC4838,,,Ceiling Lights & Chandeliers | Ceiling Pendant Lights | HOME | LIGHT_FIXTURE | PRODUCT | Pendant Lighting | Pendant Lights | Spider Lights,0.00,40.78,AMBIGUOUS,,,
Electricalsone,267304501972,CRSF100BM+LHNSE27BM+SCRN70YB+LSMS320GR,Flush Mount Ceiling Light,Flush Mount Ceiling Light,Ceiling Flush Lights | Ceiling lights | Deckenleuchten | LIGHT_FIXTURE,73.67,40.72,AMBIGUOUS,,,
Ledsone,166173994461,SPSDP2BM,Chandelier Hook,Chandelier Hook,"Cable Hook | Cable Hooks | LIGHT_FIXTURE | Lamp shades, holders & accessories | Light_Hook | PICTURE_HANGER | STORAGE_HOOK",64.63,40.36,AMBIGUOUS,,,
ledsone de,407140677436,CCBKNWE33PK,,3 Stück LED Treiber DC Anschluss 1-3W Konstantstrom 300mA High Power,Möbel & Wohnen:Beleuchtung:Lampenteile,0.00,40.32,AMBIGUOUS,,,
ledsone uk de,164487835322,CRFF140BM+LHLFE27BM+LSSS300BI+ICST64E27-IDE,Barn Slotted Ceiling Lamp,Barn Slotted Ceiling Lamp,Deckenleuchte | Hängelampen | LIGHT_FIXTURE,0.00,40.22,AMBIGUOUS,,,
Ledsone,163359416713,HLSC128BM,Door Handles Bird Cage,Door Handles Bird Cage,Cabinet Handles | Cabinet handles & hinges | HARDWARE_HANDLE | Handles | Pull Handle,48.35,40.16,AMBIGUOUS,,,
Ledsone,164581704430,PSOS4YBRPB,Diamond cage Pendant light,Diamond cage Pendant light,LIGHT_FIXTURE | Pendant Lighting,11.58,39.78,AMBIGUOUS,,,
Sunsone,313546091140,PLHTBC,Metal Pipe Retro Loft Ceiling Wall Bar Lamp,Metal Pipe Retro Loft Ceiling Wall Bar Lamp,LIGHT_FIXTURE | Pipe Light | Pipe_Lamp_Lighting | Wall Light | Wall lights | pipe-lighting,0.00,39.78,AMBIGUOUS,,,
Sunsone,314434838851,CRSF125BM+PHHT1PBRBC+TPWHWO+WCB6BC,Antique Rustic Wall Light Industrial Style with,Antique Rustic Wall Light Industrial Style with,Wall lights,0.00,39.78,AMBIGUOUS,,,
Sunsone,317031620539,LHSHE27BA,,,"Downlight Lampholders | LAMP | LIGHT_BULB_SOCKET | Lamp Holder | Lamp Holders | Lamp shades, holders & accessories | Lamp_Holder | Lampenfassungen Metall",113.32,39.69,AMBIGUOUS,,,
Ledsone,166234023813,LHBPE27BM+CGMLBM,Backlite Holders E27,Backlite Holders E27,"Downlight Lampholders | LIGHT_BULB_SOCKET | Lamp Holders | Lamp shades, holders & accessories | Lamp_Holder | Light Bulbs",99.39,39.44,AMBIGUOUS,,,
Ledsone,166896817625,ENC2213,Double head Cone pendant,Double head Cone pendant,Ceiling Lights & Chandeliers | Ceiling Pendant Lights | LIGHT_FIXTURE | Multi_Outlet_Spider_Lamp_Lighting | Multi_Outlet_Spider_Lamp_Lighting_Ads | PRODUCT | Pendant Light | Pendant Lighting | Pendant lighting | Pendelleuchten | Spider Lights | Spinnenlampe,0.00,38.89,AMBIGUOUS,,,
Ledsone,167503208327,CRFF100BM+WSLS155YB+SCRN70BM+LSFT220BM,Wall Lights,Wall Lights,Indoor Wall Lights | LIGHT_FIXTURE | Wall Light | Wall Lights | Wall light | Wall lights | Wandleuchte | Wandleuchten,38.74,38.74,AMBIGUOUS,,,
Sunsone,314074893808,CRSF100BM+PHCN1PBRBM,E27 Ceiling Rose Light Fitting Vintage Industrial,E27 Ceiling Rose Light Fitting Vintage Industrial,"Ceiling Lights & Chandeliers | Ceiling Pendant Lights | Ceiling_Lamp_Lights | Downlight Lampholders | LAMP | LIGHT_BULB_SOCKET | LIGHT_FIXTURE | Lamp Holder | Lamp Holders | Lamp shades, holders & accessories | Lamp_Holder | Lampenfassungen Metall | Pendant Light | Pendant Lighting | Pendant light |",33.35,38.67,AMBIGUOUS,,,
Sunsone,318341934798,CRSF100BM+LHNSE27BM,Short Holder Ceiling Linght,Short Holder Ceiling Linght,Ceiling Lights | Deckenleuchte | LIGHT_FIXTURE,0.00,38.67,AMBIGUOUS,,,
Electricalsone,265660316516,CRSF100BM+WSST70BM-IDE,CRSF100+WSST70-IDE Wall Light,CRSF100+WSST70-IDE Wall Light,Lampenfassungen Metall | Wandleuchten,18.34,38.66,AMBIGUOUS,,,
Electricalsone,265660313935,PSDS2WHBWH,"Switch,E27 SES White UK Plug Light","Switch,E27 SES White UK Plug Light",LIGHT_BULB_SOCKET | Plugin_Lighting | Plugin_Pendant,11.68,38.46,AMBIGUOUS,,,
Ledsone,165272888498,CRSF100BM+PHSH2PBRYB+SPWRBM+SPUWBM+SCRN70BM+LSDO210BI,sku not assigneds,sku not assigneds,Ceiling Pendant Lights | Indoor Wall Lights | Pendant Lighting | Pendelleuchte | Pendelleuchten,0.00,38.39,AMBIGUOUS,,,
Electricalsone,266794638562,CRSF100BM+PHHT1PBRBM+LSHM300HE,CRSF100BM+PHHT1PBRBM+LSHM300HE,CRSF100BM+PHHT1PBRBM+LSHM300HE,Ceiling Pendant Lights | LIGHT_FIXTURE | Pendant Light | Pendant Lighting | Pendant_Lamp_Lights,0.00,38.39,AMBIGUOUS,,,
Ledsone,165663481642,CRSF100BM+WSNW170BM+LSDM220GS,swan neck wall sconces,swan neck wall sconces,Indoor Wall Lights | LIGHT_FIXTURE | PRODUCT | Wall Light | Wall Lighting | Wall light | Wall lightng | Wall lights | Wall_Lamp_Lights | Wall_Lamp_Shades_Lighting | Wandleuchten,49.79,38.38,AMBIGUOUS,,,
Huttenlampen,395507918293,CRSF100BM+WSLS155YB+LSDO210BC+ICST64E27-IDE,,,LIGHT_FIXTURE | PRODUCT | Wandleuchten,0.00,38.08,AMBIGUOUS,,,
Sunsone,314145793295,CRFF500BM+PHMU1PBRGS3PK+LSDM220GS3PK,3 Way Loft Hanging Pendant Light,3 Way Loft Hanging Pendant Light,Ceiling Lights & Chandeliers | LIGHT_FIXTURE | Pendant Lighting | Pendant_Lamp_Lights | Pendelleuchte,0.00,37.99,AMBIGUOUS,,,
Huttenlampen,397808115599,CRSF100BM+PHSH1PBRYB+LSMS320BI+ICST64E27-IDE,32cm semi curvy with short holder YB,32cm semi curvy with short holder YB,Hängelampen,0.00,37.98,AMBIGUOUS,,,
Ledsone,164100182986,CRSF100BM+PHSW1PBRBM+WCSLBM,Modern Cage Lights,Modern Cage Lights,Ceiling Lights & Chandeliers,0.00,37.89,AMBIGUOUS,,,
Electricalsone,267681028194,CRSF100BC+PHCH1PBRBC+LSCY290BC,Curvy pendant Lamp,Curvy pendant Lamp,Ceiling Pendant Lights | Ceiling_Lamp_Lights | LIGHT_FIXTURE | PRODUCT | Pendant Light | Pendant Lighting | Pendant lighting | Pendant_Lamp_Lights | Pendelleuchte | Pendelleuchten | pendant lightss,0.00,37.78,AMBIGUOUS,,,
Sunsone,314048304963,CRFF140BM+WSFSBA,wall lights indoor,wall lights indoor,Indoor Wall Lights | LIGHT_FIXTURE | Lighting Accessories | Wall Light | Wall Light Fixtures | Wall Lighting | Wall lights | Wall_Lamp_Shades_Lighting | Wandleuchte,0.00,37.47,AMBIGUOUS,,,
Electricalsone,266175046484,CRSF100BM+PHSH1PBRBC+SCRN70BC+LSOL180BC,Ceiling Pendant Light,Ceiling Pendant Light,Ceiling_Lamp_Lights | LIGHT_FIXTURE | Pendant Lighting | pendant lightss,0.00,37.10,AMBIGUOUS,,,
ledsone uk de,168660136910,CRSF100YB+LHNSE27YB+SCRN70YB+LSCY290BG,,,Ceiling lights | Deckenleuchte | Deckenleuchten | Pendant Lighting,0.00,37.02,AMBIGUOUS,,,
Ledsone,166052007234,CRSF100GS+WSLS155YB+SCRN70BM+LSFT220GS,Gold Line Cone Wall Lamp,Gold Line Cone Wall Lamp,LIGHT_FIXTURE | Wandleuchten,0.00,37.00,AMBIGUOUS,,,
Ledsone,168296561647,CRSF120BM+PHSH1PBRBM,XU-SNXN-09KS,XU-SNXN-09KS,LIGHT_FIXTURE,0.00,36.89,AMBIGUOUS,,,
Ledsone,166042649983,CRSF100BM+PHHN1PBRGD+LSDO210BG,Gold inner 21cm Pendant light,Gold inner 21cm Pendant light,LIGHT_FIXTURE | Pendant Lighting | Pendelleuchte,0.00,36.58,AMBIGUOUS,,,
Ledsone,164465324720,CRSF100BM+LHNSE27YB+LSDM220GS,Bowl Shape Flush mount ceiling light,Bowl Shape Flush mount ceiling light,Ceiling Flush Lights | Ceiling Lights | Ceiling Pendant Lights | Ceiling lights | Ceiling_Lamp_Lighting | LIGHT_FIXTURE | Unterputz-Lampe | pendant lightss,0.00,36.17,AMBIGUOUS,,,
Electricalsone,267403981376,ENC678,,,Indoor Wall Lights | LIGHT_FIXTURE | PRODUCT | Wall Light | Wall Lighting | Wall lights,0.00,36.17,AMBIGUOUS,,,
Huttenlampen,397562086694,PLTTDEBC,sku not assigneds,sku not assigneds,LAMP,0.00,35.98,AMBIGUOUS,,,
Sunsone,317890457419,WLINCE7WBM,,,Indoor Wall Lights | LIGHT_FIXTURE | Up/Down Lights | Wall Light | Wall light | Wall lights | Wandleuchte,0.00,35.78,AMBIGUOUS,,,
Ledsone,165423650179,CRSF100BM+LHNSE27YB+SCRN70BM+LSFT220GS,Gold Line Cone Flush Lamp,Gold Line Cone Flush Lamp,Ceiling Flush Lights | Ceiling Lights | Ceiling Lights & Chandeliers | LIGHT_FIXTURE,0.00,35.69,AMBIGUOUS,,,
Electricalsone,266254252267,CRSF100CH+WSLS155CH+SCRN70CH+LSOL220CH,Modern Industrial Vintage Retro Rustic,Modern Industrial Vintage Retro Rustic,Ceiling_Lamp_Lights | LIGHT_FIXTURE | Wall Lights | Wall lights | Wandleuchten,0.00,35.56,AMBIGUOUS,,,
Ledsone,165385477803,CRSF100BM+PHSH1PBRCO+LSSS300RR,Barn slotted pendant light,Barn slotted pendant light,Ceiling Lights & Chandeliers | Ceiling_Lamp_Lights | LIGHT_FIXTURE | Lighting Fixtures | Pendant Lighting | Pendant_Lamp_Lights | hängelampe grün | pendant lightss,0.00,35.38,AMBIGUOUS,,,
ledsone uk de,167817392892,CRSF100BM+WSLS155BM+ICST64E2740-IDE,,,Wandleuchten,0.00,35.23,AMBIGUOUS,,,
ledsone uk de,166082341953,CRSF100BM+WSLS155CO+LSDO210RR+ICST64E27-IDE,,,LIGHT_FIXTURE | PRODUCT | Wandleuchten,0.00,35.16,AMBIGUOUS,,,
Sunsone,318325235817,CRFF500BM+WCSN1BM3PK+LDST45E2743PK,,,LIGHT_FIXTURE,0.00,34.98,AMBIGUOUS,,,
Ledsone,164554946630,LHRIE14WH,,,"LIGHT_BULB_SOCKET | Lamp Holders | Lamp shades, holders & accessories | Lamp_Holder | Lighting Parts",25.40,34.95,AMBIGUOUS,,,
Electricalsone,265819939643,TPWPWO,Wooden Table,Wooden Table,Table & bedside lamps | Table Lamp Lighting | Table Lighting,0.00,34.36,AMBIGUOUS,,,
Sunsone,315468801676,CRSF108BM2PK+WSST70BM2PK,PAWS107V,PAWS107V,LIGHT_FIXTURE | Wall lights,16.58,34.28,AMBIGUOUS,,,
ledsone de,407101430731,WLGCH73E27BM,sku not assigneds,sku not assigneds,Außenleuchten,0.00,34.19,AMBIGUOUS,,,
Ledsone,166484507944,TPHTTF2PBRBM+LSMCBESBRE,Table Lamp,Table Lamp,LAMP | PRODUCT | Table & bedside lamps | Table Lamp Lighting | Table Lighting | Table Lights (Mains-Powered),0.00,33.99,AMBIGUOUS,,,
Ledsone,167242117746,CRSF100BM+LHLF270E27BM,Wall Mount with E27 Base,Wall Mount with E27 Base,Indoor Wall Lights | LIGHT_FIXTURE | PRODUCT | Wall Light | Wall lights | Wandleuchte | Wandleuchten,0.00,33.78,AMBIGUOUS,,,
Electricalsone,266194506296,PLTEBC+WCWYBM,sku not assigneds,sku not assigneds,LAMP | Lamps | Table & bedside lamps,0.00,33.78,AMBIGUOUS,,,
Electricalsone,266775826677,WCDTBM+RPR44WH,sku not assigneds,sku not assigneds,"Cages | Easy_Fit_Lamp_Shades | LAMPSHADE | LIGHT_FIXTURE | Lamp Shade | Lamp shade | Lamp shades | Lamp shades, holders & accessories | Lampenschirme | Lampshade | Light Shades | Wire Cage | wire cage",17.78,33.74,AMBIGUOUS,,,
Ledsone,163336375519,HLHG120CH5PK,Cabinet hingers,Cabinet hingers,Cabinet Handles | Cabinet Hinge | Cabinet handles & hinges | HARDWARE_HINGE,0.00,33.56,AMBIGUOUS,,,
ledsone uk de,167667158738,CRSF100BM+WSCH135BM+SCRN70BM+LSTF40BB,,,LIGHT_FIXTURE | Wall Light | Wall lights | Wall_Lamp_Shades_Lighting | Wandleuchten | home-applications,158.88,32.91,AMBIGUOUS,,,
Ledsone,164931201109,PLHLBC,,Vintage Wall Light Retro Industrial Water Pipe Wall Lamp Steampunk Wall Sconces,Pipe_Lamp_Lighting | Wall Light | pipe-lighting,33.60,32.42,AMBIGUOUS,,,
ledsone de,405328319863,LHNSE27BM-IDE,Lampenhalter,Lampenhalter,Lampenfassungen Metall,56.63,32.36,AMBIGUOUS,,,
ledsone de,405867971753,WJBIP684BM2PK,,,Connectors & junction boxes,17.16,32.18,AMBIGUOUS,,,
Ledsone,164302964563,CRFF105BA3PK,New Ceiling rose,New Ceiling rose,,64.40,32.10,AMBIGUOUS,,,
Ledsone,168361128529,ENC6087,,,Ceiling Lights | Ceiling lights | Deckenleuchten | LIGHT_FIXTURE | Pendant Lighting | Wall Light,0.00,31.99,AMBIGUOUS,,,
Electricalsone,267055417798,CRSF100BM+LHNSE27BM+SCRN70YB+LSLT360BI,Ceiling Light Retro Industrial Flush Mount Light,Ceiling Light Retro Industrial Flush Mount Light,,0.00,31.98,AMBIGUOUS,,,
Ledsone,163820803135,LHBRE14BM3PK,,,"Downlight Lampholders | LIGHT_BULB_SOCKET | Lamp Holder | Lamp Holders | Lamp shades, holders & accessories | Lamp_Holder",76.17,31.97,AMBIGUOUS,,,
ledsone de,405328533748,BC2W100-IDE,Federclip,Federclip,Andere,5.79,31.92,AMBIGUOUS,,,
Ledsone,164110059574,ENC2080,,Vintage Amber Glass Globe Pendant Light E27 Ceiling Hanging Lamp Kitchen Indoor,Pendant Lighting,29.69,31.89,AMBIGUOUS,,,
Sunsone,313481249896,ENC299,3 Head chandelier,3 Head chandelier,Ceiling Lights | Ceiling Lights & Chandeliers | Ceiling_Lamp_Lights | Easy_Fit_Lamp_Shades | LIGHT_FIXTURE | Pendant Light | Pendant Lighting | Pendant_Lamp_Lights | pendant lightss,0.00,31.89,AMBIGUOUS,,,
Electricalsone,267637657476,PL4HBC,STEAMPUNK CEILING LAMP,STEAMPUNK CEILING LAMP,Deckenleuchte | LIGHT_FIXTURE | Pendant Lighting | Pendant lighting | pipe-lighting,0.00,31.52,AMBIGUOUS,,,
Electricalsone,265704575276,CRFF140GL+WSWH135BM+LSDO210BB,Wall Light Lamp Fitting Fixture UK,Wall Light Lamp Fitting Fixture UK,Indoor Wall Lights | LIGHT_FIXTURE | PRODUCT | Wall Light | Wall Lighting | Wall Lights | Wall lights | Wall_Lamp_Shades_Lighting | Wandleuchte | Wandleuchten,16.88,31.42,AMBIGUOUS,,,
Electricalsone,267528286179,CRSF100CH+WS2LHCH,,,LIGHT_FIXTURE | PRODUCT | Wall Light | Wall lights | Wandleuchten,0.00,31.42,AMBIGUOUS,,,
ledsone uk de,167701953741,CRFF140GL+WSWH135BM+LSDO210BB+ICST64E27-IDE,sku not assigneds,sku not assigneds,,0.00,31.29,AMBIGUOUS,,,
Electricalsone,266709498942,CRSF100BM+LHNSE27BM+SCRN70BM+LSTF40BM,sku not assigneds,sku not assigneds,Ceiling Fan Lights | Ceiling Flush Lights | Ceiling Flush Mount Light | Ceiling Lights | Ceiling lights | Ceiling_Lamp_Lights | LIGHT_FIXTURE | Pendant lighting,0.00,30.82,AMBIGUOUS,,,
Electricalsone,266203464382,PHUH0.5HETBM,Pendant Ceiling Light Lamp Kit,Pendant Ceiling Light Lamp Kit,Ceiling Pendant Lights | Hemp_Rope_Lamp_Lighting | LIGHT_FIXTURE | Pendant Lighting | Pendant_Holder,47.96,30.66,AMBIGUOUS,,,
Electricalsone,266196590933,CRFF140BM+WSST70BM+WCBNBM,Modern Vintage Industrial Wall Mounted Light,Modern Vintage Industrial Wall Mounted Light,LIGHT_FIXTURE | Wall Lighting | Wall light | Wall lights,0.00,30.60,AMBIGUOUS,,,
Sunsone,313614826083,LHC1E27WH,E27 Holder ceramic,E27 Holder ceramic,"Ceramic_Holders | Downlight Lampholders | LAMP | LIGHT_BULB_SOCKET | Lamp Holders | Lamp shades, holders & accessories | Lamp_Holder | Lampenfassung Keramik",0.00,29.78,AMBIGUOUS,,,
Sunsone,317858949397,WSWTBL+LDMT45E274,Nautical Bulkhead Ceiling Light- LE,Nautical Bulkhead Ceiling Light- LE,Wall lights,0.00,29.49,AMBIGUOUS,,,
ledsone de,405495783535,CRSF100YB,Ceiling Lights and Ceiling Rose Point Drop Outlet,Ceiling Lights and Ceiling Rose Point Drop Outlet,"Accessory | Ceiling Rose | Ceiling Roses | Ceiling_rose | ELECTRIC_LIGHT | HOME_LIGHTING_ACCESSORY | LIGHT_BULB_SOCKET | LIGHT_FIXTURE | Lamp shades, holders & accessories | Lighting Accessories | MOUNT_BRACKET | Multi_Outlet_Ceiling_Rose | Single_Outlet_Ceiling_Rose | TOOLS",59.70,29.32,AMBIGUOUS,,,
Electricalsone,267302461897,PCFT200BA,Pipe Fittings,Pipe Fittings,Conduit Kits | Conduit Lighting | Pipe & conduit fittings | Pipe Fittings,0.00,29.07,AMBIGUOUS,,,
Ledsone,165199533807,ENC1630,,,LIGHT_FIXTURE | Wall Light | Wall lights | Wall_Lamp_Lights | Wandleuchten | wall sconces,0.00,28.89,AMBIGUOUS,,,
Electricalsone,267667433625,ENC5523,Spider Light Industrial Pendant,Spider Light Industrial Pendant,Ceiling Pendant Lights | LIGHT_FIXTURE | Pendant Light | Pendant Lighting | Pendant lighting | Pendelleuchten | Spider Lights,0.00,28.73,AMBIGUOUS,,,
Electricalsone,265660323487,COI9BBM-IDE,IP65 wasserdichte Anschlussdose,IP65 wasserdichte Anschlussdose,Andere | Electronics Component Connectors,3.71,28.09,AMBIGUOUS,,,
Ledsone,163292701096,CRFF108BM,Ceiling Rose Hook Plate 108mm,Ceiling Rose Hook Plate 108mm,"Accessory | BUILDING_MATERIAL | Ceiling Rose | Ceiling_rose | LIGHT_BULB_SOCKET | LIGHT_FIXTURE | Lamp shades, holders & accessories | Lighting Accessories | Lighting Parts | PRODUCT | STORAGE_HOOK | Single_Outlet_Ceiling_Rose",5.89,27.96,AMBIGUOUS,,,
Ledsone,166166799334,SPSDP1BM,SPSDP1SN-Ceiling Hook,SPSDP1SN-Ceiling Hook,"Cable Hooks | Cord_Grip_Hook_Ring | LIGHT_FIXTURE | Lamp shades, holders & accessories | Light_Hook | STORAGE_HOOK",0.00,27.96,AMBIGUOUS,,,
ledsone uk de,167582096902,CBSF100-IDE,sku not assigneds,sku not assigneds,Deckenplatte_Halterung | Deckenrosetten Halterungen | MOUNT_BRACKET,36.46,27.61,AMBIGUOUS,,,
ledsone de,406668070632,PLWFBO,,,LIGHT_FIXTURE | Pipe_Lamp_Lighting | Wall lights,0.00,27.54,AMBIGUOUS,,,
ledsone uk de,167749641420,CRSF1203BM+PHFMHT2BRBM3PK,,,LIGHT_FIXTURE | Pendant Lighting | Pendelleuchten | Spider Lights,0.00,26.93,AMBIGUOUS,,,
ledsone de,405328319912,WCB4BB+RPR44WH,,,"Cages | Easy_Fit_Lamp_Shades | Käfig Lampenschirme | LAMPSHADE | LIGHT_FIXTURE | Lamp Shade | Lamp shades, holders & accessories | Lampenschirme | Lampshade | Light Shades | Wire Cage",0.00,26.88,AMBIGUOUS,,,
ledsone uk de,164272437737,CRSF1202BM-IDE,Multi out let ceiling rose,Multi out let ceiling rose,Deckenrosette | LIGHT_FIXTURE | TOOLS,61.73,26.30,AMBIGUOUS,,,
Ledsone,164492370501,PLWEBC+PHHT1PBRBC+WCBNBC,Wall Wheel light,Wall Wheel light,Indoor Wall Lights | LIGHT_FIXTURE | Pipe_Lamp_Lighting | Wall Light | Wall light | Wall lights | Wall_Lamp_Lights | Wall_Lamp_Shades_Lighting | Wandleuchten,107.56,25.89,AMBIGUOUS,,,
Ledsone,164161727765,PLTTBM+LSOL180BM,Black table lamp,Black table lamp,LAMP | Rohr lampen | Table & bedside lamps | Table Lamp Lighting | Table Lighting,0.00,25.89,AMBIGUOUS,,,
Electricalsone,267208599549,BLOB1GU200+LDGU10CD5,Black Tube Pendant LIght,Black Tube Pendant LIght,Ceiling Lights | Ceiling Lights & Chandeliers | Ceiling Pendant Lights | LIGHT_FIXTURE | Pendant Lighting | Pendelleuchten | Vintage_Lamp_Lights,0.00,25.89,AMBIGUOUS,,,
Sunsone,313462209545,LHSHE27BA2PK,E27 Ceiling Rose Light Fitting Vintage Industrial,E27 Ceiling Rose Light Fitting Vintage Industrial,"Ceiling Lights & Chandeliers | Ceiling Pendant Lights | Downlight Lampholders | LIGHT_BULB_SOCKET | LIGHT_FIXTURE | Lamp shades, holders & accessories | Lighting Fixtures | Pendant Light | Pendant Lighting | Pendant_Holder | Pendant_Lamp_Lights | Pendelleuchten | pendant lightss",237.60,25.78,AMBIGUOUS,,,
Ledsone,167940715562,PCBSF2MCH,PAPCBUSH2T4V,PAPCBUSH2T4V,Conduit Lighting | HOSE_PIPE_FITTING | Pipe & conduit fittings,0.00,25.78,AMBIGUOUS,,,
Electricalsone,266232790576,HLHG120CH2PK-IDE,HLHG120CH 2/3/5/10 pack,HLHG120CH 2/3/5/10 pack,,22.60,25.71,AMBIGUOUS,,,
ledsone de,406163109814,WCWYBM-IDE,sku not assigneds,sku not assigneds,,0.00,25.69,AMBIGUOUS,,,
Ledsone,164585755397,PSOS2BMB14BM,PSDS2BMB14BM E14 Salt Lamp,PSDS2BMB14BM E14 Salt Lamp,Lamps,25.47,25.47,AMBIGUOUS,,,
ledsone uk de,168136649812,CRSF100BM+LHHTE27BM+WCCYSP160BM,crystal cagesemi flush light,crystal cagesemi flush light,Ceiling Light | Ceiling Pendant Lights | Ceiling lights | Deckenleuchte | LIGHT_FIXTURE | Pendant Lighting,0.00,25.35,AMBIGUOUS,,,
ledsone de,405424108553,CRFF108BM+WSSS70BM+SCRN70BM,Wall Loft Retro Lamp Light,Wall Loft Retro Lamp Light,LIGHT_FIXTURE | Wall Light | Wall Lighting | Wall Mount Sconces | Wall lights,46.16,25.18,AMBIGUOUS,,,
Ledsone,167011770839,WSIWBC,Wall Ceiling lights,Wall Ceiling lights,Indoor Wall Lights | LIGHT_FIXTURE | Wall Light | Wall Lighting | Wall Lights | Wall light | Wall lights | Wandleuchte | Wandleuchten,0.00,24.89,AMBIGUOUS,,,
Sunsone,318393543114,WSIWCRBM,,,LIGHT_FIXTURE | Wall Light | Wall Lighting | Wall light | Wall lights | Wandleuchte | Wandleuchten,0.00,24.89,AMBIGUOUS,,,
Electricalsone,267673224243,CRFF100BM+PHCH1BMRBM+CNT900BM+LSCY290BI,Pendant Light,Pendant Light,Pendant_Lamp_Lights | Pendelleuchte,0.00,24.89,AMBIGUOUS,,,
Ledsone,163427810649,PHSF2AGTGB,Pendant Light Lamp chandelier,Pendant Light Lamp chandelier,Ceiling Pendant Lights | LIGHT_BULB_SOCKET | LIGHT_FIXTURE | Pendant light | Pendant_Holder | Plug In Pendant | pendant lightss,0.00,24.88,AMBIGUOUS,,,
Sunsone,318706693468,CBSF100-IDE,Deckenrosette Platte,Deckenrosette Platte,Deckenplatte_Halterung | Deckenrosetten Halterungen,0.00,24.87,AMBIGUOUS,,,
Huttenlampen,397699248986,COI9BBM-IDE,sku not assigneds,sku not assigneds,Andere,0.00,24.78,AMBIGUOUS,,,
Electricalsone,266116447716,CRSF100BM+PHUP1PBRBM+CNT900BM+LSCY290BM,CRSF100+PHUP1PBR-Curvy pendent,CRSF100+PHUP1PBR-Curvy pendent,LIGHT_FIXTURE,0.00,24.41,AMBIGUOUS,,,
Ledsone,165316899445,CRFF108WH+WSST70WH,Half thin sell holder wall lamp 108mm,Half thin sell holder wall lamp 108mm,LIGHT_FIXTURE | Wall Lighting | Wall Lights | Wall lights | pendant lightss,0.00,24.40,AMBIGUOUS,,,
Electricalsone,267300159655,PCSN220BM,wall lamp light,wall lamp light,Conduit Lighting | Pipe & conduit fittings,0.00,23.96,AMBIGUOUS,,,
ledsone de,405328319964,CRSF100BM+PHHT1PBRBM+LSMS320BI+ICST64E27-IDE,sku not assigneds,sku not assigneds,Ceiling Lights & Chandeliers | LIGHT_FIXTURE | Pendant Lighting | Pendant_Lamp_Lights | Pendelleuchten,0.00,23.96,AMBIGUOUS,,,
Electricalsone,266333443162,CRSF100HBM+PSDS2RBM+WSCH135BM+LSUL220BC,,,LIGHT_FIXTURE | Wall lights,41.66,23.89,AMBIGUOUS,,,
Ledsone,166853458639,ENC7454,sku not assigneds,sku not assigneds,Pendant Lighting,23.89,23.89,AMBIGUOUS,,,
Sunsone,313758543339,CRFF500BC+PHNW1RBC3PK+ICST64E273PK,3-Light Chandelier Pendant Ceiling Lamp,3-Light Chandelier Pendant Ceiling Lamp,Ceiling Pendant Lights | LIGHT_FIXTURE | Pendant Lighting,0.00,23.89,AMBIGUOUS,,,
Ledsone,165645262692,CRFF100BM+LHTTE27BM,Black Planin Light,Black Planin Light,Ceiling Flush Lights | LIGHT_FIXTURE,0.00,23.76,AMBIGUOUS,,,
ledsone uk de,165846687445,CRSF100BD-IDE,,,Deckenrosette,11.60,23.44,AMBIGUOUS,,,
ledsone de,406052920750,CRSF100BM+PHSH1PBRYB+SCRN70BM+LSUL220BB,,,LIGHT_FIXTURE | Pendelleuchten,19.47,22.93,AMBIGUOUS,,,
Ledsone,166883873379,ENC2034,36cm Barn Industrial pendant lights,36cm Barn Industrial pendant lights,LIGHT_FIXTURE | Pendant Lighting,0.00,22.89,AMBIGUOUS,,,
Huttenlampen,397699084615,WJBIP684BM2PK-IDE,sku not assigneds,sku not assigneds,,0.00,22.51,AMBIGUOUS,,,
Ledsone,164471998887,CRSF100WH+WSLS155WH+SCRN70BW+LSFT220WH,Wall lamp White,Wall lamp White,Wall Light | Wall Lights | Wall lights | Wall_Lamp_Shades_Lighting,24.89,21.99,AMBIGUOUS,,,
Ledsone,168440669121,CRSF100BM+PHDO1PBRBM+LSCY290BG,,,,0.00,21.99,AMBIGUOUS,,,
Sunsone,313989958835,CRSF100AA+PHCH1PBRAA+LSCY290AA,Vintage Industrial Metal Ceiling Pendant Light,Vintage Industrial Metal Ceiling Pendant Light,Ceiling Lights | Ceiling Lights & Chandeliers | Ceiling Pendant Lights | Ceiling_Lamp_Lights | Hängelampen | LIGHT_FIXTURE | Lighting Fixtures | PRODUCT | Pendant Light | Pendant Lighting | Pendant lighting | Pendant_Lamp_Lights | Pendelleuchte | Pendelleuchten | pendant light | pendant lightss,0.00,21.99,AMBIGUOUS,,,
Ledsone,163728017994,CRSF100BM,100 X 28MM CEILING ROSE,100 X 28MM CEILING ROSE,"Ceiling Rose | Ceiling Roses | Ceiling_rose | HOME_LIGHTING_ACCESSORY | LIGHT_BULB_SOCKET | LIGHT_FIXTURE | Lamp shades, holders & accessories | Lighting Accessories | Single_Outlet_Ceiling_Rose",49.81,21.96,AMBIGUOUS,,,
Sunsone,313970190849,CRSF108BM,SINGLE CEILING ROSE,SINGLE CEILING ROSE,"Ceiling Rose | Ceiling Roses | Ceiling_rose | LIGHT_BULB_SOCKET | LIGHT_FIXTURE | Lamp shades, holders & accessories | PRODUCT | Single_Outlet_Ceiling_Rose",0.00,21.96,AMBIGUOUS,,,
Huttenlampen,397475461641,CRSF100BM+LHNSE27YB+SCRN70BM+LSFT220BB,Ceiling Lights,Ceiling Lights,Ceiling Flush Lights | Ceiling Lights | Ceiling Pendant Lights | Ceiling lights | Ceiling_Lamp_Lights | Deckenleuchte | LIGHT_FIXTURE,0.00,21.90,AMBIGUOUS,,,
Ledsone,164655986985,ENC418,Colour pendant lights,Colour pendant lights,Ceiling Lights & Chandeliers | Ceiling Pendant Lights | Ceiling_Lamp_Lights | LIGHT_FIXTURE | Lighting Fixtures | Pendant Light | Pendant Lighting | Pendant lighting | Pendant_Lamp_Lights | Pendelleuchten | pendant lightss,0.00,21.89,AMBIGUOUS,,,
ledsone de,407140862884,CCBKNWE53PK,,3 x LED-Treiber 5W Konstantstrom 300 mA AC-Ausgang 85–265 V 3–12 V DC Anschluss,Möbel & Wohnen:Beleuchtung:Lampenteile,0.00,21.84,AMBIGUOUS,,,
Ledsone,168165992590,CRFF108BM+WSST70BM+WCBNBM,Balloon cage double head wall light,Balloon cage double head wall light,LIGHT_FIXTURE | Wall Lights | Wall lights | Wandleuchten | wall sconces,0.00,21.69,AMBIGUOUS,,,
Sunsone,317234511184,CRSF100FG+PHRI1PBRFG+LSBG136AR,,,Easy_Fit_Lamp_Shades | LIGHT_FIXTURE | Pendant Light | Pendelleuchten,0.00,21.68,AMBIGUOUS,,,
ledsone de,405328319856,PHSHF1PBRYB+LSCY290BI,sku not assigneds,sku not assigneds,Ceiling Lights & Chandeliers | Pendant Lighting | Pendant_Lamp_Lights | Pendelleuchte | Pendelleuchten,0.00,21.59,AMBIGUOUS,,,
ledsone uk de,166044192502,CRSF100BM+PHSH1PBRYB+LSCY290GR+ICST64E27-IDE,,,Ceiling Lights & Chandeliers | Pendelleuchten,0.00,21.58,AMBIGUOUS,,,
Sunsone,318585489706,TPOSBDBM,,Raben Krähen Tischleuchte Gothic Harz Vogel Lampe Schwarz Deko Nachttisch E27,Bird Table Lamp | LAMP | LIGHT_FIXTURE | PRODUCT | Table & bedside lamps | Table Lamp | Table Lighting | Table Lights (USB-Chargeable),0.00,20.94,AMBIGUOUS,,,
Ledsone,164229457217,PLTTRR,Stampunk table lamp,Stampunk table lamp,LAMP | Rohr lampen | Table & bedside lamps | Table Lamp Lighting | Table Lighting | Table_Lamp_Lighting,40.62,20.92,AMBIGUOUS,,,
Sunsone,313614825895,PLHABC+LSOL180BC,Edison Lamp Wall Light,Edison Lamp Wall Light,Indoor Wall Lights | LIGHT_FIXTURE | PRODUCT | Wall Light | Wandleuchten | pipe-lighting,16.63,20.89,AMBIGUOUS,,,
Ledsone,165020888967,CRSF100BM+LHNSE27BM+SCRN70YB+LSMS320BI,semi flush ceiling light,semi flush ceiling light,Ceiling Flush Lights | Ceiling Lights | Ceiling lights | Deckenleuchten | LIGHT_FIXTURE | PRODUCT,0.00,20.89,AMBIGUOUS,,,
Sunsone,316699546564,ENC5953,sku not assigneds,sku not assigneds,Ceiling Pendant Lights | Pendant Lighting | Pendelleuchten,0.00,20.85,AMBIGUOUS,,,
Sunsone,313568002300,LHSHE27BA2PK,LHPHE27- Plain Holders,LHPHE27- Plain Holders,"Downlight Lampholders | LIGHT_BULB_SOCKET | Lamp shades, holders & accessories",0.00,20.78,AMBIGUOUS,,,
Sunsone,313970190919,WCBCRR+RPR44WH,WC-Various,WC-Various,"Cages | Easy_Fit_Lamp_Shades | LAMP | LAMPSHADE | LIGHT_FIXTURE | Lamp Shade | Lamp shades | Lamp shades, holders & accessories | Lampenschirme | Lampshade | Light Shades | Wire Cage | wire cage",0.00,20.74,AMBIGUOUS,,,
Huttenlampen,397486891585,PHSH1HETYB+LSCY290BC,Hemp rope pendant light,Hemp rope pendant light,Ceiling Pendant Lights | Ceiling_Lamp_Lights | Hemp_Rope_Lamp_Lighting | LIGHT_FIXTURE | Pendant Light | Pendant Lighting | Pendant lighting | Pendelleuchte | Pendelleuchten | pendant lightss,0.00,20.74,AMBIGUOUS,,,
ledsone uk de,164737688636,PLDMBC-IDE,PLWP120BS,PLWP120BS,Wandleuchten,0.00,20.69,AMBIGUOUS,,,
Huttenlampen,397656501223,CRFF140BM+LHNSE27YB+SCRN70BM+LSTF40BC,,,Ceiling Fan Lights | Deckenleuchten | LIGHT_FIXTURE,0.00,20.49,AMBIGUOUS,,,
Ledsone,167729509657,ENC7849,ENC7850,ENC7850,Indoor Wall Lights | LIGHT_FIXTURE | Wall Light,0.00,20.39,AMBIGUOUS,,,
ledsone uk de,167664390558,CRSF100BM+PHSH2PBRYB+LSMS320BI,,,Pendant Lighting,17.24,20.33,AMBIGUOUS,,,
Ledsone,167943793586,TSLCQA10WH,,,HARDWARE | Home & Garden | Tile Spacer | Tile Spacers,0.00,20.29,AMBIGUOUS,,,
Sunsone,313672634194,CRFF140BM+LHNSE27YB+SCRN70BM+LSDO210BM,ENC1864-Ceiling Light,ENC1864-Ceiling Light,Ceiling Lights | Deckenleuchten | LIGHT_FIXTURE,0.00,20.29,AMBIGUOUS,,,
Electricalsone,266197864707,PSOS2BMB14BM,"Switch,E14 SES Black UK Plug Light","Switch,E14 SES Black UK Plug Light",Lamps,112.71,20.26,AMBIGUOUS,,,
ledsone uk de,164314012645,CRSF100BC+PLTDBC-IDE,Water Pipe for table lamp,Water Pipe for table lamp,LIGHT_FIXTURE | Rohr lampen | Tischlampe | Wandleuchten,97.59,20.21,AMBIGUOUS,,,
Ledsone,165018247525,CRSF100BM+LHNSE27BM+LSCY290BM,Curvy black ceiling light,Curvy black ceiling light,LIGHT_FIXTURE,19.99,19.99,AMBIGUOUS,,,
Sunsone,315558285286,FCBSBA4AP,sku not assigneds,sku not assigneds,FILE_FOLDER | Files & document wallets | Newspaper & Magazine Holders | Zipper Clear Bag,0.00,19.98,AMBIGUOUS,,,
Sunsone,314040518729,CRSF100FG+LHNSE27FG+LSMS320BI,Ceiling Light Retro Vintage Industrial Flush Mount,Ceiling Light Retro Vintage Industrial Flush Mount,Ceiling Flush Lights | Ceiling Light,0.00,19.89,AMBIGUOUS,,,
Huttenlampen,394455812090,CRSF100BM+LHNSE27YB+LSDM220GS+ICST64E27-IDE,Pendelleuchte Hängelampe,Pendelleuchte Hängelampe,Unterputz-Lampe,82.26,19.69,AMBIGUOUS,,,
Huttenlampen,394753930090,CRSF100BM+PHSH1PBRYB+SCRN70BM+LSHH240BB-IDE,sku not assigneds,sku not assigneds,Ceiling Lights & Chandeliers,0.00,19.59,AMBIGUOUS,,,
ledsone uk de,164739666048,CRSF100CH+LHNSE27CH+LSDO210BS+ICST64E27-IDE,Ceiling lights,Ceiling lights,Unterputz-Lampe,0.00,19.58,AMBIGUOUS,,,
Ledsone,165377250744,PCGZ20MX,sku not assigneds,sku not assigneds,Conduit Lighting | Conduit Pipes | HOME_LIGHTING_ACCESSORY | HOSE_PIPE_FITTING | Pipe & conduit fittings | Pipe Fittings & Accessories | Pipe Lights Parts | Pipe_Lighting_Accessories | Screw | pipe Light Pats,11.88,19.56,AMBIGUOUS,,,
Huttenlampen,397673648283,CRSF100BM+LHNSE27YB+LSHH240BM,,,Ceiling Flush Lights | Ceiling Lights | Ceiling lights | Ceiling_Lamp_Lighting | LIGHT_FIXTURE,0.00,19.49,AMBIGUOUS,,,
Electricalsone,265633463770,CRSF100RE+PHHS1PWRRE+LSLT360RE,CRSF100FG+PHRI1PBRFG+LSGD280AR Lights,CRSF100FG+PHRI1PBRFG+LSGD280AR Lights,LIGHT_FIXTURE | Lighting Fixtures | Pendant Lighting | Pendant lighting | Pendant_Light,0.00,19.43,AMBIGUOUS,,,
Sunsone,316872801464,CRSF100BM+WSST70BM+WCBNBM,sku not assigneds,sku not assigneds,LIGHT_FIXTURE | Wall Light | Wall Lights | Wall lights,0.00,19.19,AMBIGUOUS,,,
ledsone uk de,168690195430,CRSF100BM+WSCH135BM+LSDO210BI,,,LIGHT_FIXTURE | Wall Light | Wall Lights | Wall lights | Wandleuchten,0.00,19.08,AMBIGUOUS,,,
Electricalsone,266196207353,PSOS2BMB14BM,"Switch,E14 SES Black UK Plug Light","Switch,E14 SES Black UK Plug Light",Lamps,73.13,19.02,AMBIGUOUS,,,
Ledsone,166915220789,TPOS1PRBRO,sku not assigneds,sku not assigneds,LAMP | Table & bedside lamps | Table Lamp Lighting | Table Lighting,0.00,18.99,AMBIGUOUS,,,
Sunsone,313501731854,CRSF100BM+LHLFE27BM+LSFT220BL,22cm cone ceiling lamp,22cm cone ceiling lamp,Ceiling lights | Deckenleuchten,0.00,18.99,AMBIGUOUS,,,
Sunsone,315930332041,PLTYBC,,,LAMP | Pipe Lighting | Table & bedside lamps | Table Lamp Lighting | Table Lighting,0.00,18.99,AMBIGUOUS,,,
Ledsone,164425763687,WSBWBS,Balloon cage wall light Brushed Silver,Balloon cage wall light Brushed Silver,LIGHT_FIXTURE | Wall Light Fixtures | Wall Lighting | Wall light | Wall lights | Wandleuchten,0.00,18.89,AMBIGUOUS,,,
Ledsone,168466307226,BSFCDRSIPI,,,DRYING_RACK | Home & Garden | Laundry Airers (Folding) | Laundry bags & baskets,0.00,18.79,AMBIGUOUS,,,
Huttenlampen,395418304100,CRFF140BM+WSWH135BM+LSDO210BC-IDE,,,Wall Lights,65.15,18.59,AMBIGUOUS,,,
Ledsone,167223299149,ENC7859,sku not assigneds,sku not assigneds,Indoor Wall Lights | LIGHT_FIXTURE | Wall Light | Wall Lighting,0.00,18.59,AMBIGUOUS,,,
ledsone uk de,168522145596,WCCYSP160BM2PK+RPR44WH2PK,,,,0.00,18.57,AMBIGUOUS,,,
Ledsone,167623019079,CRFF140BM+WSWH135BM+LSDO210BC,Swan Neck Wall Light,Swan Neck Wall Light,LIGHT_FIXTURE | Wall Light | Wall lights,129.63,18.50,AMBIGUOUS,,,
ledsone uk de,168493316083,WLRPE27BM,,,LIGHT_FIXTURE | Wall Lamp Lights | Wall lights,0.00,18.48,AMBIGUOUS,,,
ledsone uk de,165831443108,CRSF100BM+PHCH1BMRBM+LSMS320BI,32cm Curved + Curvy Black holder,32cm Curved + Curvy Black holder,Pendelleuchte,0.00,18.42,AMBIGUOUS,,,
Huttenlampen,395142561765,PHSH1PBRBB-IDE,,,,64.33,18.38,AMBIGUOUS,,,
Ledsone,166820133767,WLRO1TBM,sku not assigneds,sku not assigneds,Indoor Wall Lights | LIGHT_FIXTURE | Outdoor Wall Lights without Sensors (Mains-Powered) | PRODUCT | Wall Light | Wall Lighting | Wall Lights | Wall lights | Wandleuchte,379.22,18.10,AMBIGUOUS,,,
ledsone uk de,168627945379,CRSF100YB+LHNSE27YB+SCRN70YB+LSCY290BC,,,Ceiling Flush Lights | Ceiling Lights & Chandeliers | Ceiling lights | Deckenleuchte | Deckenleuchten | Pendant Lighting,0.00,18.09,AMBIGUOUS,,,
Ledsone,166202407547,CRFF75BA+LHAHE27BM+HK10BM,holder Ceiling Lights,holder Ceiling Lights,Lighting Accessories,94.17,17.98,AMBIGUOUS,,,
Sunsone,313914715749,CRFF108BM+LHTKE27BA,sku not assigneds,sku not assigneds,Ceiling Light | Ceiling Lights | Flush Mount Ceiling Light | HOME_LIGHTING_AND_LAMPS | LIGHT_FIXTURE | Lighting Accessories,32.00,17.98,AMBIGUOUS,,,
Ledsone,164924746600,CCBKNWE12,,,Cables & LED drivers | Constant Current Transformer | Constant Voltage Transformer | Konstantstrom-Transformatoren | LED_Lights | LED_Transformers | Lamp_Holder | Lampshades & Lightshades | Lighting Parts | TRANSFORMER | Transformer | Transformers | Wall Light | cage light | home-applications | mail,0.00,17.98,AMBIGUOUS,,,
Sunsone,317648268539,CRSF1202BM+PHRY2PCRBM2PK,sku not assigneds,sku not assigneds,Ceiling Pendant Lights | LIGHT_FIXTURE | PRODUCT | Pendant Lighting | Pendelleuchten | Spider Lights,0.00,17.98,AMBIGUOUS,,,
Electricalsone,265702157547,HLBK30GB,Life Handles Cupboard Bedroom Furniture,Life Handles Cupboard Bedroom Furniture,Cabinet Handles | Cabinet handles & hinges | HARDWARE_HANDLE | Handles | Pull Handle,0.00,17.98,AMBIGUOUS,,,
Electricalsone,266194915286,CRFF108CH+HK10CH,ceiling rose hook plate,ceiling rose hook plate,"Accessory | BUILDING_MATERIAL | Ceiling Rose | LIGHT_BULB_SOCKET | Lamp shades, holders & accessories | Lighting Accessories | Lighting Parts | PRODUCT | STORAGE_HOOK | Single_Outlet_Ceiling_Rose",0.00,17.97,AMBIGUOUS,,,
Electricalsone,267248993862,CRSF100BM+PHSH1PBRCO+LSSS300RR,Pendant Light,Pendant Light,Ceiling Lights & Chandeliers | Ceiling_Lamp_Lights | LIGHT_FIXTURE | Lamps | Lighting Fixtures | Pendant Lighting | Pendant_Lamp_Lights | Pendelleuchte | hängelampe grün | pendant light | pendant lights | pendant lightss,56.68,17.89,AMBIGUOUS,,,
Sunsone,318246897048,CRFF108BM+PHRI1PBRBA+LSCY290BM,,,Ceiling Lights & Chandeliers | Ceiling Pendant Lights | LIGHT_FIXTURE | Pendant_Lamp_Lights | Pendelleuchte,0.00,17.89,AMBIGUOUS,,,
Sunsone,314771081490,WLINCE7WBM,,,Indoor Wall Lights | LIGHT_FIXTURE | Wall Light | Wall light | Wall lights | Wandleuchte,75.56,17.79,AMBIGUOUS,,,
Sunsone,314140504693,CRFF100BM+LHTTE27BM,E27 Ceiling Rose Light Fitting Vintage Industrial,E27 Ceiling Rose Light Fitting Vintage Industrial,Ceiling Flush Lights | LIGHT_FIXTURE,0.00,17.78,AMBIGUOUS,,,
Ledsone,164169967297,WJB2,IP65 Connector,IP65 Connector,Connector | Connectors & junction boxes | ELECTRICAL_HOUSING | Junction Box | Junction Boxes & Connectors | Waterproof Junction Box | Weatherproof Junction Boxes,23.76,17.67,AMBIGUOUS,,,
Electricalsone,265660314754,CRFF140BM+WSWH135BM+LSDO210BL,Industrial Swan Neck Wall Light E27 Metal Dome,Industrial Swan Neck Wall Light E27 Metal Dome,LIGHT_FIXTURE | Wall Light | Wall lights,0.00,17.57,AMBIGUOUS,,,
ledsone uk de,166030658229,CRFF100BM-IDE,Deckenrosette,Deckenrosette,Deckenrosette,23.34,17.46,AMBIGUOUS,,,
Ledsone,166344915616,PLTABB,Water pipe wall light Type 2,Water pipe wall light Type 2,LIGHT_FIXTURE | Pipe Light | Pipe_Lamp_Lighting | Wall Light,0.00,17.20,AMBIGUOUS,,,
Sunsone,313614826161,CO1210ACL,CONNECTOR STRIP,CONNECTOR STRIP,12 way connectors | Connector | Connectors & junction boxes | Junction Boxes & Connectors | TERMINAL_BLOCK,0.00,17.18,AMBIGUOUS,,,
Ledsone,166160156418,SPSDP3BM,V Ceiling Hook,V Ceiling Hook,"Cable Hook | Cable Hooks | Hooks and Rings | Lamp shades, holders & accessories | Light_Hook | MOUNT_BRACKET | STORAGE_HOOK",39.78,17.17,AMBIGUOUS,,,
Ledsone,164804933037,CRSF100BM+WSTR135BM+LSCY210BC,Rotary switch small curvy wall sconces,Rotary switch small curvy wall sconces,Wall lights,73.96,16.99,AMBIGUOUS,,,
Sunsone,318356863298,LHSHE27BA3PK,Holder - LHSHE27,Holder - LHSHE27,"Downlight Lampholders | LIGHT_BULB_SOCKET | Lamp shades, holders & accessories",0.00,16.99,AMBIGUOUS,,,
ledsone de,407077056567,WLGB500E27BM,,,Wandleuchten,0.00,16.99,AMBIGUOUS,,,
Sunsone,316867977207,CRSF100BM+LHNSE27YB+SCRN70BM+LSFT220BB,,,Ceiling Flush Lights | Ceiling Lights | Ceiling Pendant Lights | Ceiling lights | Ceiling_Lamp_Lights | Deckenleuchte | LIGHT_FIXTURE,0.00,16.51,AMBIGUOUS,,,
Electricalsone,265660313963,PLTEBC,Table Light Modern,Table Light Modern,LAMP | Pipe_Lamp_Lighting | Table & bedside lamps | Table Lamp | Table Lighting,0.00,16.49,AMBIGUOUS,,,
Ledsone,163698193596,CRSF108BM,side fitting 108mm ceiling rose,side fitting 108mm ceiling rose,"Ceiling Rose | Ceiling Roses | Ceiling_rose | LIGHT_BULB_SOCKET | LIGHT_FIXTURE | Lamp shades, holders & accessories | PRODUCT | Single_Outlet_Ceiling_Rose",10.98,16.47,AMBIGUOUS,,,
Ledsone,163810344041,CRSF108BM,Metal cord grip celing rose 108mm,Metal cord grip celing rose 108mm,"Ceiling Rose | Ceiling Roses | Ceiling_rose | LIGHT_BULB_SOCKET | LIGHT_FIXTURE | Lamp shades, holders & accessories | Single_Outlet_Ceiling_Rose",0.00,16.47,AMBIGUOUS,,,
Ledsone,164932518184,PLWLBC,,Vintage Industrial Wall Sconce Metal Steampunk Water Pipe Light Fitting Indoor,LIGHT_FIXTURE | Wall Light | Wall lights,0.00,16.31,AMBIGUOUS,,,
Ledsone,168220322666,CRSF100BC+LHSHE27BC+SCRN70BC+LSUL220BC,Flush Mount Ceiling light,Flush Mount Ceiling light,Ceiling Flush Lights | Ceiling Flush Mount Light | Ceiling Lights | Ceiling lights | Ceiling_Lamp_Lights | LIGHT_FIXTURE,0.00,16.29,AMBIGUOUS,,,
Sunsone,313919224705,PCBI200TP5PK,"PIPE FITTINGS CONNECTORS JOINTS 3/4"" INCH","PIPE FITTINGS CONNECTORS JOINTS 3/4"" INCH",HOSE_PIPE_FITTING | MOUNT_BRACKET | PLUMBING_FIXTURE | Pipe & conduit fittings,42.70,15.98,AMBIGUOUS,,,
Ledsone,165733545310,CSBE4WLBM,Black & Brown Belts,Black & Brown Belts,APPAREL_BELT | Belts | Belts & wallets,0.00,15.98,AMBIGUOUS,,,
Electricalsone,267446933196,CRFF100CH+LHNSE27CH+SCRN70BM+LSFT220CH,,,Ceiling Light | Ceiling Lights | Ceiling Lights & Chandeliers | Ceiling lights | Ceiling_Lamp_Lighting | Ceiling_Lamp_Lights | Deckenleuchte | Deckenleuchten | LIGHT_FIXTURE,0.00,15.89,AMBIGUOUS,,,
Ledsone,163552462637,PLHTBC+ICST64E2740,Wall Pipe WALL Lamp,Wall Pipe WALL Lamp,LIGHT_FIXTURE | Pipe Light | Pipe_Lamp_Lighting | Wall Light | Wall Lighting | pipe-lighting,0.00,15.09,AMBIGUOUS,,,
ledsone uk de,165236127282,WCB5BM+RPR44WH,Black Light Cages,Black Light Cages,"Cages | Easy_Fit_Lamp_Shades | Käfig Lampenschirme | LAMPSHADE | LIGHT_FIXTURE | Lamp Shade | Lamp shades, holders & accessories | Lampenschirme | Lampshade | Light Shades | Wire Cage | cage",0.00,14.82,AMBIGUOUS,,,
Ledsone,165756156867,IMBLCPK,SMD Module,SMD Module,Injection_Module | LED Module | LED strips & modules,0.00,14.80,AMBIGUOUS,,,
Electricalsone,266111114403,LLSQ10W,LED Ceiling Down Light Panel,LED Ceiling Down Light Panel,Ceiling Lights & Chandeliers | Ceiling Pendant Lights | Deckenleuchte | LED_Lights | LIGHT_FIXTURE | Panel Light | Recessed LED lights,0.00,14.61,AMBIGUOUS,,,
Ledsone,166863141986,TSWGQBAOR,,,BUILDING_MATERIAL | Decking & tiles | TOOLS | Tile Levelling Kits | Tile Spacers | Tile Wedges,46.34,13.98,AMBIGUOUS,,,
Ledsone,164030736913,LHTRE27BN,Metal Tall threaded holder,Metal Tall threaded holder,"Downlight Lampholders | LAMP | LIGHT_BULB_SOCKET | Lamp Holders | Lamp shades, holders & accessories | Lamp_Holder",0.00,13.98,AMBIGUOUS,,,
Electricalsone,265985999924,CO1210ACL5PK,3A - 60A 12Way Connector,3A - 60A 12Way Connector,12 way connectors | Connector | Connectors & junction boxes | Junction Boxes & Connectors | TERMINAL_BLOCK,0.00,13.98,AMBIGUOUS,,,
Electricalsone,266197861570,CRFF100BM+PHUP1PBRBM+CNT900BM,Vintage E27 Ceiling Rose Chain Pendant,Vintage E27 Ceiling Rose Chain Pendant,Ceiling Pendant Lights | LIGHT_FIXTURE | Pendant Light | Pendant Lighting | Pendant_Holder | Pendant_Lamp_Lights | Pendelleuchten,26.67,13.89,AMBIGUOUS,,,
Ledsone,164767503253,PHSF1AGRGB,E27 Holder pendant lights,E27 Holder pendant lights,Ceiling Lights & Chandeliers | Ceiling Pendant Lights | LIGHT_BULB_SOCKET | LIGHT_FIXTURE | Light Shades | Lighting Fixtures | Pendant Light | Pendant Lighting | Pendant light | Pendant_Holder | Pendant_Lamp_Lights | Pendant_Light | Pendelleuchten | Plug In Pendant | pendant lightss,0.00,13.89,AMBIGUOUS,,,
Ledsone,163359416714,HLCH128BM2PK,Door Handle all type,Door Handle all type,Cabinet Handles | Cabinet handles & hinges | HARDWARE_HANDLE | Handles,0.00,13.78,AMBIGUOUS,,,
ledsone de,405328533676,CRFF108BM-IDE,Deckenrosette 108,Deckenrosette 108,Deckenrosette,0.00,13.78,AMBIGUOUS,,,
ledsone uk de,167573747388,WJBIP684BM,,,Connector | Connectors & junction boxes | ELECTRICAL_HOUSING | Junction Box | Junction Boxes & Connectors,0.00,13.26,AMBIGUOUS,,,
Ledsone,165830486919,CRSF100BL+WSCH135BT+LSDO210BL,Colour Wall Light,Colour Wall Light,Indoor Wall Lights | LIGHT_FIXTURE | Wall Light | Wall Lighting | Wall lights | Wandleuchte,0.00,13.08,AMBIGUOUS,,,
Ledsone,167557347569,CRFF100BM+WSLS155YB+ICST64E2760,WALL LIGHT,WALL LIGHT,LIGHT_FIXTURE | Wall Lights | Wall light | Wall lights | Wandleuchte,0.00,12.99,AMBIGUOUS,,,
Huttenlampen,398302756696,CCBKNWE53PK,,3 Stück LED Treiber DC Anschluss 5W Konstantstrom 300mA High Power,Möbel & Wohnen:Beleuchtung:Lampenteile,0.00,12.99,AMBIGUOUS,,,
Ledsone,164632543884,CRSF100BM+PHSH1BMTCO,E27 Holder pendant lights,E27 Holder pendant lights,Ceiling Lights & Chandeliers | Ceiling Pendant Lights | Indoor Wall Lights | LIGHT_BULB_SOCKET | LIGHT_FIXTURE | Lighting Fixtures | PRODUCT | Pendant Light | Pendant Lighting | Pendant light | Pendant_Holder | Pendant_Lamp_Lights | Pendant_Light | Pendelleuchten | Plug In Pendant | pendant lightss,0.00,12.89,AMBIGUOUS,,,
Sunsone,317835655150,CRFF100BM+LHNSE27BM,semi flush small light,semi flush small light,Ceiling Light Fixtures | Ceiling Lights | Ceiling Lights & Chandeliers | LIGHT_FIXTURE | Outdoor Wall Lights without Sensors (Mains-Powered) | Pendant Lighting,0.00,12.89,AMBIGUOUS,,,
Sunsone,318290572055,CRSF100BM+LHNSE27BM,Short Holder Ceiling Linght,Short Holder Ceiling Linght,Ceiling Lights | Deckenleuchte | LIGHT_FIXTURE,0.00,12.89,AMBIGUOUS,,,
ledsone uk de,164262284063,CBSF100-IDE,ceiling rose strap bracket,ceiling rose strap bracket,Deckenplatte_Halterung | Deckenrosetten Halterungen,95.59,12.80,AMBIGUOUS,,,
Huttenlampen,395260794528,CRFF108BY+WSSS70BY+SCRN70BA,,,Wandleuchten,88.41,12.63,AMBIGUOUS,,,
Huttenlampen,394709056898,SPSDP2BM-IDE,sku not assigneds,sku not assigneds,Andere | STORAGE_HOOK,95.09,12.08,AMBIGUOUS,,,
Ledsone,164245487939,PLWPBM,Black Brushed Silver Wall light,Black Brushed Silver Wall light,LIGHT_FIXTURE | Pipe Lights Parts | Pipe_Lamp_Lighting | Wall Light | Wall lights,0.00,11.99,AMBIGUOUS,,,
Electricalsone,266196441828,CRSF1202WH,Ceiling Rose Light Fitting,Ceiling Rose Light Fitting,"Accessory | Ceiling Rose | Ceiling Roses | Ceiling_rose | LIGHT_BULB_SOCKET | LIGHT_FIXTURE | Lamp shades, holders & accessories | Lighting Accessories | Multi_Outlet_Ceiling_Rose | Single_Outlet_Ceiling_Rose",0.00,11.98,AMBIGUOUS,,,
Sunsone,316699357052,COI9BBM2PK-IDE,,,,524.37,11.92,AMBIGUOUS,,,
Ledsone,165136827678,PHSF1AGRGB,sku not assigneds,sku not assigneds,Ceiling Lights & Chandeliers | Ceiling Pendant Lights | LIGHT_BULB_SOCKET | LIGHT_FIXTURE | PRODUCT | Pendant Light | Pendant Lighting | Pendant light | Pendant_Holder | Pendant_Lamp_Lights | Pendant_Light | Pendelleuchten | Plug In Pendant | pendant lightss,32.29,11.89,AMBIGUOUS,,,
Ledsone,164600646248,CRFF100BM+PHUP1PBRBM+CNT900BM,Umbrella Holder chain pendant,Umbrella Holder chain pendant,Ceiling Pendant Lights | LIGHT_FIXTURE | Pendant Light | Pendant Lighting | Pendant_Holder | Pendant_Lamp_Lights | Pendelleuchten,25.29,11.89,AMBIGUOUS,,,
Ledsone,166551357419,FCBSBA4APGPK,sku not assigneds,sku not assigneds,FILE_FOLDER | Files & document wallets | Newspaper & Magazine Holders | Zipper Clear Bag,0.00,11.89,AMBIGUOUS,,,
ledsone uk de,164465096689,CRSF1202BM+HK10BM2PK-IDE,Multi way ceiling rose with hook,Multi way ceiling rose with hook,,0.00,11.79,AMBIGUOUS,,,
Huttenlampen,397758474847,LHSHE27BA,sku not assigneds,sku not assigneds,"Downlight Lampholders | LAMP | LIGHT_BULB_SOCKET | Lamp Holder | Lamp Holders | Lamp shades, holders & accessories | Lamp_Holder",0.00,11.79,AMBIGUOUS,,,
ledsone de,405328533720,CRSF100BD-IDE,Side fitting ceiling rose,Side fitting ceiling rose,Deckenrosette,17.67,11.78,AMBIGUOUS,,,
Ledsone,164972872058,LLRO10W,square and round panel lights,square and round panel lights,Ceiling Lights | Ceiling Lights & Chandeliers | Ceiling Pendant Lights | Deckenleuchte | LED_Lights | LIGHT_FIXTURE | Panel Light | Recessed LED lights,0.00,11.78,AMBIGUOUS,,,
Sunsone,314045135882,CRFF108BM+LHTKE27BA,Vintage Retro Ceiling Light Modern Industrial Meta,Vintage Retro Ceiling Light Modern Industrial Meta,Ceiling Flush Lights | Ceiling Light | Ceiling Lights | Ceiling Lights & Chandeliers | HOME_LIGHTING_AND_LAMPS | LIGHT_FIXTURE | Lighting Accessories,0.00,11.49,AMBIGUOUS,,,
Ledsone,165308552900,CRFF100BM,10mm Front Fitting Single Pair,10mm Front Fitting Single Pair,"Ceiling Rose | Ceiling Roses | Ceiling_rose | LIGHT_BULB_SOCKET | LIGHT_FIXTURE | Lamp shades, holders & accessories | Lighting Accessories | Lighting Parts | Single_Outlet_Ceiling_Rose",8.97,11.48,AMBIGUOUS,,,
Ledsone,163332659154,HLLK100BM5PK,Door Knobs,Door Knobs,Cabinet Handles | Cabinet handles & hinges | HARDWARE_HANDLE,0.00,10.99,AMBIGUOUS,,,
Ledsone,166893262566,CKEC01BM,,,CLOCK | Clock | Colourful Wall Clock | Shabby Chic Wall Clock | Wall Clock | Wall clocks,0.00,10.99,AMBIGUOUS,,,
Sunsone,315414752966,CRSF100BM+SPUPBM+PHRYWP2RBM,sku not assigneds,sku not assigneds,Ceiling Pendant Lights | LIGHT_FIXTURE | Pendant Light | Pendant_Holder,0.00,10.99,AMBIGUOUS,,,
Sunsone,317947088002,HLCH128BM2PK,HLCH128BM-Handles,HLCH128BM-Handles,Cabinet Handles | Cabinet handles & hinges | HARDWARE_HANDLE | Handles | Pull Handle,0.00,10.99,AMBIGUOUS,,,
Ledsone,162889183073,CRFF100BM,sku not assigneds,sku not assigneds,"Ceiling Rose | Ceiling Roses | Ceiling_rose | ELECTRIC_LIGHT | HOME_LIGHTING_ACCESSORY | LIGHT_BULB_SOCKET | LIGHT_FIXTURE | Lamp shades, holders & accessories | Lighting Accessories | Lighting Fixtures | PRODUCT | Single_Outlet_Ceiling_Rose | TOOLS",10.98,10.98,AMBIGUOUS,,,
Ledsone,163275962180,CRFF100GB,,Vintage industrial Ceiling Rose Light Pendant Fitting Set for Fabric cables,Ceiling Roses | LIGHT_FIXTURE | Single_Outlet_Ceiling_Rose,0.00,10.98,AMBIGUOUS,,,
Sunsone,318488624214,TSKCBL,,,ADHESIVE_TAPES | Hardware & fixings | KNEE_PAD | Knee Guard | Knee Pads | Sports & fitness | knee pads,0.00,10.98,AMBIGUOUS,,,
Electricalsone,267527185215,TSLCQA10WH,sku not assigneds,sku not assigneds,HARDWARE | Home & Garden | Tile Spacer | Tile Spacers,0.00,10.98,AMBIGUOUS,,,
Sunsone,313970190865,CRFF108WH+WSST70WH,WSST70WH-Ceiling Lamp,WSST70WH-Ceiling Lamp,Wall lights | pendant lightss,0.00,10.89,AMBIGUOUS,,,
Sunsone,318623051554,PSDS2RBM,,,3_Core_Round_Cable | LIGHT_BULB_SOCKET | LIGHT_FIXTURE | Lamp Holders | POWER_CORD | POWER_STRIP | Plugin_Lighting,0.00,10.89,AMBIGUOUS,,,
Ledsone,168622074549,PCEL9020WHAPK,PAPCPCEL90_06V,PAPCPCEL90_06V,HOSE_PIPE_FITTING | Pipe & conduit fittings,0.00,10.79,AMBIGUOUS,,,
Ledsone,168604590135,PCTEL20WHAPK,,,HOSE_PIPE_FITTING | Pipe & conduit fittings,0.00,10.69,AMBIGUOUS,,,
Ledsone,168371657548,LHRTE27WH,IP44 Lamp Holder,IP44 Lamp Holder,"Downlight Lampholders | LAMP | LIGHT_BULB_SOCKET | Lamp Holders | Lamp shades, holders & accessories | Lamp_Holder | Lampenfassungen | Lighting Accessories",0.00,10.38,AMBIGUOUS,,,
Sunsone,313970190946,CRSF108CO+LHNSE27CO,Modern Industrial Vintage Ceiling Light Fittings,Modern Industrial Vintage Ceiling Light Fittings,Pendant Light,0.00,10.19,AMBIGUOUS,,,
Sunsone,314107145725,WCDCBM+RPR44WH,MODERN DIAMOND STYLE LIGHT LAMP CAGE CEILING,MODERN DIAMOND STYLE LIGHT LAMP CAGE CEILING,"Cages | Easy_Fit_Lamp_Shades | LAMPSHADE | LIGHT_FIXTURE | Lamp Shade | Lamp shades | Lamp shades, holders & accessories | Lampshade | Light Shades | Wire Cage | wire cage",0.00,10.19,AMBIGUOUS,,,
Electricalsone,267680107348,CRFF100BM+LHNSE27BM,Small flush light,Small flush light,Ceiling Light Fixtures | Ceiling Lights | Ceiling Lights & Chandeliers | LIGHT_FIXTURE | Outdoor Wall Lights without Sensors (Mains-Powered) | Pendant Lighting,0.00,10.13,AMBIGUOUS,,,
Ledsone,165616885018,LHC4E27WH,LHC4E27WH PCK,LHC4E27WH PCK,"Ceramic_Holders | Downlight Lampholders | LAMP | LIGHT_BULB_SOCKET | Lamp Holders | Lamp shades, holders & accessories | Lamp_Holder",52.61,9.99,AMBIGUOUS,,,
Ledsone,166544259793,FWS33637LG3PK,,,Flip Flop/ Slippers | Flip flop Slippers | Footwear,0.00,9.99,AMBIGUOUS,,,
Ledsone,167390266516,PLHTBM,1 / 2 / 3 Head wall lamp,1 / 2 / 3 Head wall lamp,LIGHT_FIXTURE | Pipe Lights Parts | Pipe_Lamp_Lighting | Wall Light | Wall lights | pipe-lighting,0.00,9.99,AMBIGUOUS,,,
Ledsone,167483357962,MABSFHBT,sku not assigneds,sku not assigneds,BATHTUB_SHOWER_MAT | Bath and Pedestal Mat | Shower curtains & bath mats,0.00,9.99,AMBIGUOUS,,,
Electricalsone,265660320111,PCRN3WC,BSP 3/4 Inch Joints Connectors,BSP 3/4 Inch Joints Connectors,Accessories | Conduit Lighting | HOSE_PIPE_FITTING | Lamp_Spares | Pipe & conduit fittings | Pipe Accessories | Pipe Fittings & Accessories | Pipe Lights Parts | Pipe_Lighting_Accessories | pipe Light Pats,0.00,9.98,AMBIGUOUS,,,
ledsone uk de,165124613211,LHC1E27WH-IDE,,,"Downlight Lampholders | Lamp Holders | Lamp shades, holders & accessories | Lampenfassung | Lampenfassung Keramik",143.89,9.92,AMBIGUOUS,,,
Electricalsone,266008271268,CO1210ACL5PK,3A - 60A 12Way Connector,3A - 60A 12Way Connector,12 way connectors | Connector | Connectors & junction boxes | Junction Boxes & Connectors | TERMINAL_BLOCK,40.83,9.89,AMBIGUOUS,,,
ledsone uk de,164143702225,CRSF100CH+WSLS155CH-IDE,E27 short holder wall light,E27 short holder wall light,Wandleuchten,0.00,9.85,AMBIGUOUS,,,
Ledsone,163107588062,CRSF100BD2PK,Multi colour Pendant lights,Multi colour Pendant lights,"Ceiling_rose | LIGHT_BULB_SOCKET | LIGHT_FIXTURE | Lamp shades, holders & accessories",3.89,9.78,AMBIGUOUS,,,
ledsone de,405328319922,SPSDP2BM-IDE,Hängelampenhaken,Hängelampenhaken,Andere | STORAGE_HOOK,0.00,9.38,AMBIGUOUS,,,
Ledsone,167579466380,CRFF100BM+PHUP1PBRBM,E27 Ceiling Rose Light Fitting Vintage Industrial,E27 Ceiling Rose Light Fitting Vintage Industrial,Ceiling Lights & Chandeliers | Pendant Lighting | Pendant_Holder | Pendant_Lamp_Lights,120.48,9.29,AMBIGUOUS,,,
Sunsone,316699359351,CBSF100-IDE,Decke Licht Riemen Deckenrosette Leuchte Halterung,Decke Licht Riemen Deckenrosette Leuchte Halterung,Deckenplatte_Halterung | Deckenrosetten Halterungen,30.83,9.22,AMBIGUOUS,,,
Ledsone,163431006089,WCBNBC,1.24E+11,1.24E+11,"Cages | Easy_Fit_Lamp_Shades | LAMPSHADE | LIGHT_FIXTURE | Lamp Shade | Lamp shades, holders & accessories | Lampenschirme | Lampshade | Light Shades | Wire Cage | cage | wire cage",0.00,8.99,AMBIGUOUS,,,
Ledsone,168500499712,LHSWPBB22CH,,,"Downlight Lampholders | LAMP | LIGHT_BULB_SOCKET | Lamp shades, holders & accessories | Lighting Accessories",0.00,8.99,AMBIGUOUS,,,
Electricalsone,266196182943,CRFF100BM+PHUP1PBRBM+CNT900BM,Vintage E27 Ceiling Rose Chain Pendant,Vintage E27 Ceiling Rose Chain Pendant,Ceiling Pendant Lights | LIGHT_FIXTURE | Pendant Light | Pendant Lighting | Pendant_Holder | Pendant_Lamp_Lights | Pendelleuchten,0.00,8.99,AMBIGUOUS,,,
Electricalsone,266196375896,LHBRE14BM3PK,LHBRE27- 3Pack Holders,LHBRE27- 3Pack Holders,"Downlight Lampholders | LIGHT_BULB_SOCKET | Lamp Holder | Lamp Holders | Lamp shades, holders & accessories | Lamp_Holder",0.00,8.99,AMBIGUOUS,,,
Ledsone,165543505783,CRFF108BM+LHTKE27BA,Bell Holder Semi Lamp,Bell Holder Semi Lamp,Ceiling Flush Lights | Ceiling Light | Ceiling Lights | Ceiling Lights & Chandeliers | HOME_LIGHTING_AND_LAMPS | LIGHT_FIXTURE | Lighting Accessories,36.56,8.89,AMBIGUOUS,,,
Ledsone,166921934617,CRSF100BM+LHTPE27JBM,sku not assigneds,sku not assigneds,Ceiling Light | Ceiling Lights | Ceiling Lights & Chandeliers | LIGHT_FIXTURE,0.00,8.89,AMBIGUOUS,,,
Ledsone,168687503354,PCUPVC1015WH5PK,sku not assigneds,sku not assigneds,CORD_MANAGEMENT_COVER | Pipe & conduit fittings,0.00,8.59,AMBIGUOUS,,,
ledsone uk de,167559598560,CRSF108BM,,,"Ceiling Rose | Ceiling Roses | Ceiling_rose | LIGHT_BULB_SOCKET | LIGHT_FIXTURE | Lamp shades, holders & accessories | PRODUCT | Single_Outlet_Ceiling_Rose | TOOLS",13.26,8.47,AMBIGUOUS,,,
Sunsone,316700704273,CRFF140BB-IDE,Deckenrosette Grip Klemmplatte für Choose Light,Deckenrosette Grip Klemmplatte für Choose Light,Deckenrosette,7.47,7.57,AMBIGUOUS,,,
Sunsone,317609967141,CSBEB6BL,Quick Release Buckle Military Trouser Belt,Quick Release Buckle Military Trouser Belt,Belts & wallets | Candy Colour Belt | Home & Garden > clothings > Besbet UK Ltd > Candy Colour Belt,0.00,7.49,AMBIGUOUS,,,
Sunsone,317637026250,RWWPSY0630YE,,,Fischer | Hardware & fixings | MECHANICAL_FASTENERS | Plumbing Repair Kits | SCREWS | Screw | Tile Levelling Kits,0.00,7.49,AMBIGUOUS,,,
Ledsone,166928254145,PSDS2BMB14BM,"Switch,E14 SES Black UK Plug Light","Switch,E14 SES Black UK Plug Light",Lamps,10.18,7.47,AMBIGUOUS,,,
ledsone uk de,165896288836,CRFF140BM+HK10BM-IDE,Deckenrosette,Deckenrosette,,7.41,7.41,AMBIGUOUS,,,
Electricalsone,267380697712,CRFF105BA-IDE,,,Deckenrosette,7.16,7.23,AMBIGUOUS,,,
Ledsone,162886370381,CRFF108CH+HK10CH,New ceiling rose,New ceiling rose,"Accessory | BUILDING_MATERIAL | Ceiling Rose | LIGHT_BULB_SOCKET | Lamp shades, holders & accessories | Lighting Accessories | Lighting Parts | PRODUCT | STORAGE_HOOK | Single_Outlet_Ceiling_Rose",53.46,6.99,AMBIGUOUS,,,
Ledsone,164002836768,CRSF1202BM,All colour Multii out let ceiling rose,All colour Multii out let ceiling rose,"Accessory | Ceiling Rose | Ceiling Roses | Ceiling_rose | ELECTRIC_LIGHT | HOME_ORGANIZERS_AND_STORAGE | LAMPSHADE | LIGHT_BULB_SOCKET | LIGHT_FIXTURE | Lamp shades, holders & accessories | Lamps | Lighting Accessories | MOUNT_BRACKET | Multi_Outlet_Ceiling_Rose | Single_Outlet_Ceiling_Rose | TOOLS ",0.00,6.99,AMBIGUOUS,,,
Ledsone,164928157646,LHC1E27WH,,,"Ceramic_Holders | LAMP | LIGHT_BULB_SOCKET | Lamp Holders | Lamp shades, holders & accessories | Lamp_Holder",0.00,6.99,AMBIGUOUS,,,
Ledsone,167903777538,CSBEB6BL,Quick Release Buckle Military Trouser Belt,Quick Release Buckle Military Trouser Belt,Belts & wallets | Candy Colour Belt | Home & Garden > clothings > Besbet UK Ltd > Candy Colour Belt,0.00,6.99,AMBIGUOUS,,,
Sunsone,317527029368,WBERT29BL2PK,sku not assigneds,sku not assigneds,ERASER | OFFICE_PRODUCTS | Whiteboards & clipboards,0.00,6.99,AMBIGUOUS,,,
Sunsone,317614302949,PCGZ20NL5PK,sku not assigneds,sku not assigneds,Conduit Lighting | HOME_LIGHTING_ACCESSORY | HOSE_PIPE_FITTING | Pipe & conduit fittings | Screw,0.00,6.99,AMBIGUOUS,,,
ledsone de,405918705002,CRSF1202BM,,,"Accessory | Ceiling Rose | Ceiling Roses | Ceiling_rose | ELECTRIC_LIGHT | HOME_ORGANIZERS_AND_STORAGE | LIGHT_BULB_SOCKET | LIGHT_FIXTURE | Lamp shades, holders & accessories | Lighting Accessories | MOUNT_BRACKET | Multi_Outlet_Ceiling_Rose | Single_Outlet_Ceiling_Rose",6.88,6.88,AMBIGUOUS,,,
Sunsone,315702425353,LHBBE27BA,Lamp Holder,Lamp Holder,"Downlight Lampholders | LAMP | LAMPSHADE | LIGHT_BULB_SOCKET | LIGHT_FIXTURE | Lamp Holder | Lamp Holders | Lamp shades, holders & accessories | Lamp_Holder | Lampenfassungen Metall | Light Bulbs | Lighting Accessories | PRODUCT",24.21,6.69,AMBIGUOUS,,,
Huttenlampen,394490764395,CBSF100-IDE,Deckenrosette Grundplatte,Deckenrosette Grundplatte,Deckenplatte_Halterung | Deckenrosetten Halterungen,7.08,6.58,AMBIGUOUS,,,
Electricalsone,266033235925,CGFLBMAPK,Cord Grip,Cord Grip,"CE_ACCESSORY | Cord grip | Cord_Grip_Hook_Ring | LAMP | LIGHT_BULB_SOCKET | Lamp shades, holders & accessories",6.63,6.49,AMBIGUOUS,,,
Electricalsone,266865743969,WSSS70BM,,,Lamp_Holder | Lighting Accessories | Wall Lamp | Wall Light | Wall lights,0.00,6.49,AMBIGUOUS,,,
Electricalsone,267006662272,LHSQE27BY,Vintage Lamp Holder,Vintage Lamp Holder,"LIGHT_BULB_SOCKET | Lamp Holders | Lamp shades, holders & accessories | Lamp_Holder | Lighting Accessories",0.00,6.49,AMBIGUOUS,,,
Ledsone,166594983989,TSTLRULRB,,,BUILDING_MATERIAL | Floor & Wall Tiles | Plumbing Repair Kits | RAW_MATERIALS | TOOLS | Tile Leveler | Tile Levelling Kits,29.32,6.39,AMBIGUOUS,,,
ledsone de,405328533726,CRSF108BM-IDE,108mm SF CR,108mm SF CR,,0.00,6.29,AMBIGUOUS,,,
Electricalsone,265660312611,CO1210ACL2PK,3A - 60A 12Way Connector,3A - 60A 12Way Connector,12 way connectors | Connector | Connectors & junction boxes | Junction Boxes & Connectors | TERMINAL_BLOCK,38.00,5.99,AMBIGUOUS,,,
Electricalsone,265973613329,CO1210ACL5PK,3A - 60A 12Way Connector,3A - 60A 12Way Connector,12 way connectors | Connector | Connectors & junction boxes | Junction Boxes & Connectors | TERMINAL_BLOCK,17.66,5.99,AMBIGUOUS,,,
Electricalsone,265660306929,CRSF10030BY,Ceiling Rose Light Fitting,Ceiling Rose Light Fitting,"Ceiling Rose | Ceiling Roses | Ceiling_rose | HOME_LIGHTING_ACCESSORY | LIGHT_BULB_SOCKET | LIGHT_FIXTURE | Lamp shades, holders & accessories | Lighting Accessories | PRODUCT | Single_Outlet_Ceiling_Rose | TOOLS",0.00,5.99,AMBIGUOUS,,,
Electricalsone,265739646270,CRSF100BD,Ceiling Rose Light Fitting,Ceiling Rose Light Fitting,"Ceiling Rose | Ceiling Roses | Ceiling_rose | Deckenrosette | HOME_LIGHTING_ACCESSORY | LIGHT_BULB_SOCKET | LIGHT_FIXTURE | Lamp shades, holders & accessories | Lighting Accessories | Single_Outlet_Ceiling_Rose | TOOLS",0.00,5.99,AMBIGUOUS,,,
Electricalsone,266196610405,WJB2,IP65 waterproof junction box,IP65 waterproof junction box,Connector | Connectors & junction boxes | ELECTRICAL_HOUSING | Junction Box | Junction Boxes & Connectors | Waterproof Junction Box,0.00,5.99,AMBIGUOUS,,,
Electricalsone,266200622810,WJB2,IP65 waterproof junction box,IP65 waterproof junction box,Connector | Connectors & junction boxes | ELECTRICAL_HOUSING | Junction Box | Junction Boxes & Connectors | Waterproof Junction Box,0.00,5.99,AMBIGUOUS,,,
Huttenlampen,393913666456,CBSF65-IDE,,65mm Montagehalterung Deckenleuchte Stahl Montageplatte mit Schrauben Muttern,Deckenrosetten Halterungen,0.00,5.99,AMBIGUOUS,,,
Huttenlampen,393918399946,CBSF703PK-IDE,,3er Decke Licht Riemen Deckenrosette Leuchte Halterung Platte mit Zubehör [70mm],Deckenplatte_Halterung,0.00,5.99,AMBIGUOUS,,,
Ledsone,164851186364,WJB2,junction boxes,junction boxes,Connector | Connectors & junction boxes | ELECTRICAL_HOUSING | Junction Box | Junction Boxes & Connectors | Waterproof Junction Box | Weatherproof Junction Boxes,0.00,5.89,AMBIGUOUS,,,
Ledsone,165638552259,CGMLAG,Standard Cord grips,Standard Cord grips,"Andere | Cord grip | LAMP | LIGHT_BULB_SOCKET | Lamp shades, holders & accessories | Wire terminals & connectors",0.00,5.89,AMBIGUOUS,,,
Ledsone,167960868816,TSLTRE,,Tile Leveling System Installation Tools Floor Pliers Tiling Renovation,BUILDING_MATERIAL | Plumbing Repair Kits | TOOLS | Tile Levelling Kits | Tile Spacer,0.00,5.79,AMBIGUOUS,,,
Electricalsone,265980763572,IMBLAPK,,,Injection_Module | LED Module | LED strips & modules | Strip Lights,0.00,5.79,AMBIGUOUS,,,
Ledsone,163527822125,LHSHE27BA,Switch Holders,Switch Holders,"Downlight Lampholders | LAMP | LIGHT_BULB_SOCKET | Lamp Holder | Lamp Holders | Lamp shades, holders & accessories | Lamp_Holder | Lampenfassungen Metall",50.76,5.49,AMBIGUOUS,,,
ledsone de,405328533716,CBSF100-IDE,Halterung Leuchtenplatte mit Zubehör,Halterung Leuchtenplatte mit Zubehör,Deckenplatte_Halterung | Deckenrosetten Halterungen,0.00,5.49,AMBIGUOUS,,,
ledsone de,405328319920,CNP1000BM-IDE,Lichterkette 32 mm x 17 mm,Lichterkette 32 mm x 17 mm,Andere,0.00,5.35,AMBIGUOUS,,,
Ledsone,163387606661,HLBK30GB,All Handle,All Handle,Cabinet Handles | Cabinet handles & hinges | Door Knobs & Handles | HARDWARE_HANDLE | Handles | Pull Handle,0.00,5.09,AMBIGUOUS,,,
Ledsone,168697172643,CENU4010WH,,,HOME_LIGHTING_ACCESSORY | Hardware & fixings,0.00,5.09,AMBIGUOUS,,,
Sunsone,317527110144,SPSDP1BM,SPSDP1,SPSDP1,"Cable Hooks | Cord_Grip_Hook_Ring | LIGHT_FIXTURE | Lamp shades, holders & accessories | Light_Hook | STORAGE_HOOK",0.00,5.09,AMBIGUOUS,,,
Electricalsone,266190431723,PCGZ105TP,"Threaded iron pipe threaded pipe - 3/4"" carbon","Threaded iron pipe threaded pipe - 3/4"" carbon",Conduit Lighting | HOSE_PIPE_FITTING | Lighting Accessories | Pipe & conduit fittings | Pipe Fittings & Accessories | Pipe_Lighting_Accessories | pipe Light Pats,0.00,4.99,AMBIGUOUS,,,
Electricalsone,266996236403,CODL232AGY,"22, 33, 26, 39 connectors","22, 33, 26, 39 connectors",Connector | Connectors & junction boxes | ELECTRONIC_COMPONENT_TERMINAL | Junction Boxes & Connectors | TERMINAL_BLOCK,0.00,4.94,AMBIGUOUS,,,
ledsone uk de,165718571275,SPUPBM-IDE,Spinnenlichtzubehör,Spinnenlichtzubehör,Andere | Deckenhaken,0.00,4.24,AMBIGUOUS,,,
ledsone de,405328319805,CBSF100-IDE,Deckenrosette-Bügel,Deckenrosette-Bügel,Deckenplatte_Halterung | Deckenrosetten Halterungen,14.48,3.29,AMBIGUOUS,,,
ledsone de,405992000064,LHC2E27WH,,,"Ceramic_Holders | Downlight Lampholders | LAMP | LIGHT_BULB_SOCKET | Lamp Holders | Lamp shades, holders & accessories | Lamp_Holder",0.00,3.29,AMBIGUOUS,,,
Electricalsone,265660323415,CBSF100-IDE,CBSF Halterung Platte mit Zubehör,CBSF Halterung Platte mit Zubehör,Deckenplatte_Halterung | Deckenrosetten Halterungen,0.00,2.76,AMBIGUOUS,,,
Electricalsone,265660320128,PCBM200TP,"Black iron pipe threaded pipe - 3/4"" 2.5cm_20cm","Black iron pipe threaded pipe - 3/4"" 2.5cm_20cm",Conduit Lighting | HOSE_PIPE_FITTING | Pipe & conduit fittings | Pipe Fittings & Accessories | pipe Light Pats,12.18,1.00,AMBIGUOUS,,,
Electricalsone,266151170239,CRSF100YE+PHCH1PWRSYE+LSCP150YE,INDUSTRIAL YELLOW PENDANT LIGHT HANGING LIGHT,INDUSTRIAL YELLOW PENDANT LIGHT HANGING LIGHT,Ceiling Lights | Ceiling Lights & Chandeliers | Ceiling Pendant Lights | LIGHT_FIXTURE | Pendant Light | Pendant Lighting | Pendant lighting | Pendant_Lamp_Lights | Pendant_Light | Pendelleuchten,1302.95,0.00,AMBIGUOUS,,,
Huttenlampen,395377969663,,,,,683.40,0.00,AMBIGUOUS,,,
Electricalsone,267156668445,CRSF100FG+PHRI1PBRFG+LSGD280AR,Industrial Amber Glass Ceiling Pendant Light E27,Industrial Amber Glass Ceiling Pendant Light E27,Ceiling Pendant Lights | Pendant Light | Pendant Lighting | Pendelleuchten,561.53,0.00,AMBIGUOUS,,,
Ledsone,166363704594,CRSF100CO+WSLS155CO+SCRN70CO+LSBG136AR,Glass Wall Light,Glass Wall Light,LIGHT_FIXTURE | Wall Light | Wall_Lamp_Lights | Wall_Lamp_Shades_Lighting | Wandleuchten,440.49,0.00,AMBIGUOUS,,,
Ledsone,166788750661,HBL4PLGY,,,Hanging Bag | Hanging wardrobe | LAUNDRY_HAMPER | SHELF | Storage & organisers,370.05,0.00,AMBIGUOUS,,,
Ledsone,165236116559,CRSF100BM+PHSH1PBRYB+LSSS300BL,Pendant Ceiling Light,Pendant Ceiling Light,Ceiling_Lamp_Lights | Pendant Lighting | Pendant_Lamp_Lights | hängelampe grün | pendant lightss,350.24,0.00,AMBIGUOUS,,,
ledsone de,405327169121,CRSF100BM+PHSH1PBRYB+LSSS300BI,,,Ceiling_Lamp_Lights | LIGHT_FIXTURE | Pendant Lighting | Pendant_Lamp_Lights | hängelampe grün | pendant lightss,347.14,0.00,AMBIGUOUS,,,
Ledsone,166958062604,,,,,344.16,0.00,AMBIGUOUS,,,
Ledsone,164492460457,PLHIBC,5 Head Light,5 Head Light,LIGHT_FIXTURE | Pendant Light | Pendant lighting | Pipe_Lamp_Lighting | pendant lights | pipe applique pendant set | pipe-lighting,320.26,0.00,AMBIGUOUS,,,
Electricalsone,267263012995,CRSF100BM+PHSH1PBRYB+SCRN70BM+LSDO210BI,Industrial Vintage Ceiling Pendant Light,Industrial Vintage Ceiling Pendant Light,"Hängelampen | LIGHT_FIXTURE | Pendant Lighting | Pendant_Lamp_Lights, Multi_Outlet_Lamp_Shades_Lighting",299.88,0.00,AMBIGUOUS,,,
Electricalsone,267255561116,CRSF100CO+PHIH1PBRCO+SCRN70BM+LSBG136AR,Vintage Amber Glass Ceiling Pendant Light,Vintage Amber Glass Ceiling Pendant Light,,281.85,0.00,AMBIGUOUS,,,
Huttenlampen,396334564985,,,,,243.42,0.00,AMBIGUOUS,,,
Sunsone,314364198291,CRFF5004BM+PHSH1PBRYB4PK+WCSLBM4PK,Cage Pendant Lights,Cage Pendant Lights,LIGHT_FIXTURE | pendant lightss,221.58,0.00,AMBIGUOUS,,,
Ledsone,164685078541,CRSF100BM+PHCH1BMRBM+LSCY290BI,Curvy Pendant Lamp,Curvy Pendant Lamp,Ceiling Pendant Lights | Ceiling_Lamp_Lights | LIGHT_FIXTURE | Pendant Lighting | Pendant_Lamp_Lights | Pendelleuchten | pendant light,218.90,0.00,AMBIGUOUS,,,
Ledsone,163163139150,LHC1E27WH,Porcelaine ES27 Holder,Porcelaine ES27 Holder,"Ceramic_Holders | Downlight Lampholders | LIGHT_BULB_SOCKET | Lamp Holders | Lamp shades, holders & accessories | Lamp_Holder | Lampenfassung Keramik",215.19,0.00,AMBIGUOUS,,,
Ledsone,165176015268,CRSF100BM+PHSH1PBRYB+LSMS320BI,32cm semi curvy,32cm semi curvy,Pendelleuchte,196.79,0.00,AMBIGUOUS,,,
ledsone uk de,167744668044,CRSF100BM+WSLS155BM+LSDO210BM,sku not assigneds,sku not assigneds,Wall Lighting | Wall Lights | Wall lights | Wandleuchten,196.44,0.00,AMBIGUOUS,,,
Ledsone,166313991836,WLFS220BM,Black Wall Sconce Lamp,Black Wall Sconce Lamp,Indoor Wall Lights | LIGHT_FIXTURE | PRODUCT | Pendantlight | Wall Light | Wall_Lamp_Lights | Wandleuchte | Wandleuchten,194.34,0.00,AMBIGUOUS,,,
Electricalsone,266726121290,LHSHE27BA,,,"Downlight Lampholders | LAMP | LIGHT_BULB_SOCKET | Lamp Holder | Lamp Holders | Lamp shades, holders & accessories | Lamp_Holder",192.37,0.00,AMBIGUOUS,,,
Ledsone,166349676565,CRSF100YB+LHNSE27YB+SCRN70YB+LSOL220YB,Yellow Brass Cone Lights,Yellow Brass Cone Lights,Ceiling Lights | Deckenleuchten | LIGHT_FIXTURE | Wall Light | Wandleuchten | pendant lightss,190.56,0.00,AMBIGUOUS,,,
ledsone de,406183429767,PHSF1AGTGB,E27 Holder pendant lights,E27 Holder pendant lights,Ceiling Lights & Chandeliers | Ceiling Pendant Lights | LIGHT_BULB_SOCKET | LIGHT_FIXTURE | PRODUCT | Pendant Light | Pendant Lighting | Pendant_Holder | Pendant_Lamp_Lights | Pendant_Light | Pendelleuchten | Plug In Pendant | pendant lightss,185.77,0.00,AMBIGUOUS,,,
Huttenlampen,395166294715,CRSF100BM+PHSH1PBRYB+LSSS300BB,sku not assigneds,sku not assigneds,Ceiling Lights & Chandeliers | LIGHT_FIXTURE | Pendant Lighting | Pendant_Lamp_Lights | hängelampe grün,185.13,0.00,AMBIGUOUS,,,
Ledsone,164230000739,CRSF100BM+WSLS155BM+SCRN70BM+LSTF40BM,Wall light,Wall light,Ceiling_Lamp_Lights | Indoor Wall Lights | LIGHT_FIXTURE | Wall Light | Wall Lights | Wall lights | Wall_Lamp_Lights | Wandleuchten,179.01,0.00,AMBIGUOUS,,,
Ledsone,165352316927,CRFF108BY+WSSS70BY+WCBLBM,Barrel cage Wall light,Barrel cage Wall light,LIGHT_FIXTURE | Wall Lighting | Wall lights,159.12,0.00,AMBIGUOUS,,,
Ledsone,166594959149,WLHSBMCY18,,,Indoor Wall Lights | LAMP | LIGHT_FIXTURE | Outdoor Wall Lights with Sensors (Mains-Powered) | Wall Light | Wandleuchten,158.45,0.00,AMBIGUOUS,,,
Ledsone,167697219536,CRSF2003BM+PHRI1PBRFG3PK+LSGG200AR3PK,Glass pendant light,Glass pendant light,LIGHT_FIXTURE,153.78,0.00,AMBIGUOUS,,,
Huttenlampen,395267851338,CRFF108BM+WSST70BM+WCLCBM+ICT185E2760-IDE,,,,153.37,0.00,AMBIGUOUS,,,
Electricalsone,266235244162,CRSF120YB+PHSH2PBRYB+SPUPBM+WCBNBC,INDUSTRIAL SPEDER CEILING PENDANT LIGHT E27 LAMP,INDUSTRIAL SPEDER CEILING PENDANT LIGHT E27 LAMP,LIGHT_FIXTURE | Spider Lights,152.50,0.00,AMBIGUOUS,,,
Ledsone,164980506176,CRFF4002BM+WCRNBM2PK,hemp rope light E27,hemp rope light E27,"Ceiling Lights & Chandeliers | Ceiling Pendant Lights | Ceiling_Lamp_Lights | Hemp_Rope_Lamp_Lighting | LIGHT_FIXTURE | Lamp shades, holders & accessories | Pendant Lighting | Pendant light | Pendent Light | Wire Cage | pendant lights",149.88,0.00,AMBIGUOUS,,,
Huttenlampen,394114450218,,,,,149.63,0.00,AMBIGUOUS,,,
ledsone de,405328319867,CRSF100BM+LHLFE27BM+LSDO210BB,21cm dome ceiling light,21cm dome ceiling light,Deckenleuchten | Unterputz-Lampe,148.03,0.00,AMBIGUOUS,,,
Sunsone,313576669087,HLCH128BM2PK,HLCH128BM-Handles,HLCH128BM-Handles,Cabinet Handles | Cabinet handles & hinges | HARDWARE_HANDLE | Handles | Pull Handle,140.75,0.00,AMBIGUOUS,,,
Huttenlampen,395357890543,CRSF100BM+LHNSE27BM-IDE,,,Deckenleuchte,139.59,0.00,AMBIGUOUS,,,
Sunsone,316700481929,CRSF100BB+PHCH1PBRBB+LSCY290BB-IDE,Brushed brass curvy pendant,Brushed brass curvy pendant,,139.12,0.00,AMBIGUOUS,,,
Huttenlampen,395311551202,,,,,138.38,0.00,AMBIGUOUS,,,
Ledsone,164881517114,CRFF5004BM+PHSH1PBRYB4PK+WCSLBM4PK,Small diamond cage pendant lights,Small diamond cage pendant lights,LIGHT_FIXTURE | pendant lightss,135.45,0.00,AMBIGUOUS,,,
Electricalsone,266707955061,WLRPE27BM,,,Außenleuchten | Garden Lights | LIGHT_FIXTURE | Wall Lamp Lights | Wall Light | Wall lights,134.55,0.00,AMBIGUOUS,,,
Electricalsone,265660357257,CRSF100BM+PHSH1PBRCO+LSSS300RR+ICST64E27-IFR,Barn Slotted Pendant light,Barn Slotted Pendant light,,133.56,0.00,AMBIGUOUS,,,
Huttenlampen,396240493245,ENC4838,Cone Pully Lights,Cone Pully Lights,Ceiling Lights & Chandeliers | Ceiling Pendant Lights | HOME | LIGHT_FIXTURE | PRODUCT | Pendant Lighting | Pendant Lights | Spider Lights,132.35,0.00,AMBIGUOUS,,,
Ledsone,163957630326,PHTT1PBR3BC+LSWT300BC,Wheel 3 Pendant light,Wheel 3 Pendant light,Ceiling Lights | Ceiling Lights & Chandeliers | Ceiling_Lamp_Lights | Easy_Fit_Lamp_Shades | LIGHT_FIXTURE | Pendant Light | Pendant Lighting | Pendant_Lamp_Lights | pendant lightss,130.82,0.00,AMBIGUOUS,,,
Electricalsone,267258876618,CRSF100BC+LHNSE27YB+SCRN70BC+LSWD360BC,sku not assigneds,sku not assigneds,Ceiling Flush Lights | Ceiling Lights | Ceiling Pendant Lights | Ceiling lights | Ceiling_Lamp_Lighting | Hängelampen | LIGHT_FIXTURE | Unterputz-Lampe,129.00,0.00,AMBIGUOUS,,,
Ledsone,164681103989,CRFF108BM+HK10BM,Hook Plate for 108mm,Hook Plate for 108mm,"Accessory | BUILDING_MATERIAL | Ceiling Rose | LIGHT_BULB_SOCKET | LIGHT_FIXTURE | Lamp shades, holders & accessories | Lighting Accessories | Lighting Parts | PRODUCT | STORAGE_HOOK | Single_Outlet_Ceiling_Rose",128.90,0.00,AMBIGUOUS,,,
Ledsone,165448760759,PSOS2RBMBY,,,LIGHT_BULB_SOCKET | LIGHT_FIXTURE | Pendant Lighting | Pendant_Holder | Plug In Pendant | pendant lightss,123.89,0.00,AMBIGUOUS,,,
ledsone de,405328319944,CRSF100BB+PHCH1PBRBB+ICST64E27-IDE,Industrielle Lampenfassung Deckenpendelleute,Industrielle Lampenfassung Deckenpendelleute,Pendelhalter,119.70,0.00,AMBIGUOUS,,,
Ledsone,163835706288,CRSF100BM+LHNSE27YB+SCRN70YB+LSOL220YB,Yellow Brass Light,Yellow Brass Light,Ceiling Lights & Chandeliers | Ceiling lights | Ceiling_Lamp_Lights | Deckenleuchten | Lamp_Shade | Wall Lights,119.34,0.00,AMBIGUOUS,,,
Sunsone,316700354684,CRFF140CH+WSNW170CH+LSOL220CH+ICST64E27-IDE,Retro Wandleuchte Edison Metall Lampe Vintage,Retro Wandleuchte Edison Metall Lampe Vintage,Wandleuchten,117.84,0.00,AMBIGUOUS,,,
Ledsone,164674219859,CRFF100BM+WSLS155YB+LSDO210BC,Half round wall sconces,Half round wall sconces,Wall Lighting | Wall lights | Wandleuchten,117.63,0.00,AMBIGUOUS,,,
ledsone uk de,165651037605,ENC3943-IDE,Pendelleuchte,Pendelleuchte,,116.10,0.00,AMBIGUOUS,,,
ledsone de,405328319947,PLWEBC+PHNW1RBC,Eisenrad Wandleuchte,Eisenrad Wandleuchte,LIGHT_FIXTURE | Pipe_Lamp_Lighting | Wall Light | Wall light | Wall lights | Wall_Lamp_Lights | Wall_Lamp_Shades_Lighting | Wandleuchten,114.48,0.00,AMBIGUOUS,,,
Ledsone,164081642789,CRFF500BM+PHRB1PBRPB3PK+LSDT130BM3PK,Pattern light 2,Pattern light 2,LIGHT_FIXTURE | Pendant Lighting | pendant lightss,113.67,0.00,AMBIGUOUS,,,
Huttenlampen,395609214586,WJB3-IDE,,,Andere,113.03,0.00,AMBIGUOUS,,,
Ledsone,163607087744,PHSF1AGRGB,2/1m Round / TwistedShort holder pendant set,2/1m Round / TwistedShort holder pendant set,Ceiling Pendant Lights | LIGHT_BULB_SOCKET | LIGHT_FIXTURE | Pendant Light | Pendant Lighting | Pendant light | Pendant_Holder | Pendant_Lamp_Lights | Pendelleuchten | Plug In Pendant | pendant lightss,110.01,0.00,AMBIGUOUS,,,
Huttenlampen,395514778744,CRSF100BD+PHHS1PWRBT+LSDO300BT+ICST64E27-IDE,,,,109.76,0.00,AMBIGUOUS,,,
Huttenlampen,396302219566,LHCCE27BL+CGMLBM,,,"Ceramic_Holders | Downlight Lampholders | LIGHT_BULB_SOCKET | Lamp Holders | Lamp shades, holders & accessories | Lamp_Holder | Lampenfassungen Metall | Lighting Parts | light holder",105.26,0.00,AMBIGUOUS,,,
Ledsone,165155873730,CRSF2003BM+PHRB1PBR40BM3PK+LSBS160BL3PK,Tear drop 3 head,Tear drop 3 head,Ceiling Light | Ceiling Lights | Ceiling Pendant Lights | LIGHT_FIXTURE | PRODUCT | Pendant Light | Pendant Lighting | Pendant_Lamp_Lights,104.67,0.00,AMBIGUOUS,,,
Ledsone,165670120809,CRSF100BL+PHRB1PBR40BM+LSBS160BL,Tear Drop Pendant light,Tear Drop Pendant light,Ceiling Pendant Lights | Pendant Light | Pendant lighting | Pendant_Lamp_Lights | Pendelleuchten | pendant lightss,102.55,0.00,AMBIGUOUS,,,
ledsone uk de,164269133824,CRSF100BM+PHHT1PBRBM+LSHM300HE-IDE,,Industrielampe Vintage Metall Hängeleuchte Retro Seil Pendelleuchte Deckenlampen,Pendelleuchten,101.37,0.00,AMBIGUOUS,,,
Ledsone,165383839290,NFRC24,Strip Light Remote,Strip Light Remote,LED Module | LED strips & modules | REMOTE_CONTROL,99.48,0.00,AMBIGUOUS,,,
Sunsone,316898564600,CRSF100BM+LHNSE27BM+SCRN70YB+LSMS320BT,,,Ceiling Flush Lights | Ceiling Lights | Ceiling lights | Deckenleuchten | LIGHT_FIXTURE | PRODUCT,96.95,0.00,AMBIGUOUS,,,
Ledsone,164886083918,CRSF1203BM+PHNW2RBC3PK+SPUPBM3PK,Nest Cage Pendant lights,Nest Cage Pendant lights,Ceiling Pendant Lights | LIGHT_FIXTURE | Spider Lights,93.78,0.00,AMBIGUOUS,,,
Huttenlampen,395405701499,CRSF100BM+PHSH1PBRBM+LSOL180BB+ICST64E27-IDE,sku not assigneds,sku not assigneds,,91.80,0.00,AMBIGUOUS,,,
Ledsone,165323759797,CRSF2003BM+PHCN1PBRBM3PK+LSFT220BG3PK,Triangle Holder Cone 3 way,Triangle Holder Cone 3 way,3 Head Pendant Light Fitting | Ceiling Pendant Lights | Hängelampen | LIGHT_FIXTURE | Pendant_Lamp_Lights | Pendent Light,91.78,0.00,AMBIGUOUS,,,
Ledsone,165633187193,CRSF100BM+PHTT2PBR5BM+SPUPBM+WCDC10BM,Diamond Cage Set,Diamond Cage Set,Spider Lights,91.78,0.00,AMBIGUOUS,,,
Ledsone,165618982940,PLPYBC,E27 Small wall light,E27 Small wall light,LIGHT_FIXTURE | Pipe_Lamp_Lighting | Wall Light | Wall Lighting | pipe-lighting,91.41,0.00,AMBIGUOUS,,,
Huttenlampen,395841338572,CRFF5004BM+PHHT1PBRBM4PK+WCLDBM4PK,Long Cage pendant lights Black,Long Cage pendant lights Black,Ceiling Pendant Lights | Ceiling_Lamp_Lights | LIGHT_FIXTURE | Pendant Lighting | pendant lightss,90.90,0.00,AMBIGUOUS,,,
ledsone de,405328533641,CBSF1003PK-IDE,CBSF- Lampenplatte,CBSF- Lampenplatte,Deckenplatte_Halterung | Deckenrosetten Halterungen | MOUNT_BRACKET | PICTURE_HANGER,89.95,0.00,AMBIGUOUS,,,
Ledsone,165246852770,ENC2324,White Chain Holder Curvy,White Chain Holder Curvy,LIGHT_FIXTURE | Pendant Lighting | Pendant lighting | Pendant_Light | pendant lights,89.67,0.00,AMBIGUOUS,,,
ledsone uk de,165994985681,ENC4590-IDE,,,Ceiling Lights & Chandeliers,89.04,0.00,AMBIGUOUS,,,
Sunsone,314136990401,CRFF500BM+PHSQ1PBRYB3PK+LSOL220SN3PK,Industrial Retro Hanging Ceiling Pendant Light,Industrial Retro Hanging Ceiling Pendant Light,LIGHT_FIXTURE,88.58,0.00,AMBIGUOUS,,,
Ledsone,164696307107,CRSF100BM+PHCH1PBRSBM+LSSS300BM,Black ceiling Pendant lights,Black ceiling Pendant lights,Ceiling_Lamp_Lights | LIGHT_FIXTURE | Pendant Lighting | Pendant lighting | Pendant_Lamp_Lights | pendant lightss,88.45,0.00,AMBIGUOUS,,,
ledsone de,405328533745,LHAHE27BM-IDE,Halter aus Aluminium,Halter aus Aluminium,"Downlight Lampholders | LAMP | Lamp Holders | Lamp shades, holders & accessories | Lamp_Holder | Lampenfassungen Metall",88.05,0.00,AMBIGUOUS,,,
ledsone uk de,164467478322,CRSF100BM+LHNSE27YB+LSDM220GS+ICST64E27-IDE,Ceiling Lamp,Ceiling Lamp,Unterputz-Lampe,86.90,0.00,AMBIGUOUS,,,
Ledsone,164789788626,CRSF100YB+PHSH1PBRYB+LSSS300YB,Yellow Brass Barn Slotted pendant lamp,Yellow Brass Barn Slotted pendant lamp,LIGHT_FIXTURE | Pendant_Lamp_Lights | pendant light,86.67,0.00,AMBIGUOUS,,,
Ledsone,164601152506,CRSF100BC+LHNSE27YB+SCRN70BC+LSWD360BC,Semi flush mount,Semi flush mount,Ceiling Flush Lights | Ceiling Lights | Ceiling Pendant Lights | Ceiling lights | Ceiling_Lamp_Lighting | Hängelampen | LIGHT_FIXTURE | Unterputz-Lampe,86.40,0.00,AMBIGUOUS,,,
Sunsone,313727472895,CRSF100BM+PHCHPBRCO+LSCY290CO,Curvy Pendant Lights,Curvy Pendant Lights,Ceiling Lights | Ceiling Pendant Lights | LIGHT_FIXTURE | Lamp_Holder | Pendant Light | Pendant Lighting | Pendant_Lamp_Lights | Pendelleuchte | Pendelleuchten,85.95,0.00,AMBIGUOUS,,,
Ledsone,165930641808,CRFF500BM+PHRI1PBRFG3PK+LSBG136AR3PK,3 Way pendant lights,3 Way pendant lights,3 Head Pendant Lighting | LIGHT_FIXTURE | Lighting | Lighting Fixtures,85.78,0.00,AMBIGUOUS,,,
Sunsone,316699366327,PHUH0.5HETBM+ICST64E27-IDE,E27 Vintage Retro Industrial Loft Hanfseil Eisen,E27 Vintage Retro Industrial Loft Hanfseil Eisen,LIGHT_FIXTURE | Pendelhalter,85.55,0.00,AMBIGUOUS,,,
Ledsone,165440640537,CRSF1202BM+WSFSBA2PK,2 way flush ceiling light,2 way flush ceiling light,Wall lights,82.70,0.00,AMBIGUOUS,,,
ledsone uk de,164854033378,CRSF100BM+WSLS155YB+SCRN70BM+LSFT220BG-IDE,22cm wall light,22cm wall light,LIGHT_FIXTURE | Wall Light | Wandleuchte | Wandleuchten,82.68,0.00,AMBIGUOUS,,,
ledsone uk de,167767268402,12DE2P10A-IDE,,,Adapter,81.46,0.00,AMBIGUOUS,,,
Ledsone,165494920294,PLDABC,Black Brushed Copper Pully Ball light,Black Brushed Copper Pully Ball light,Ceiling Lights & Chandeliers | Ceiling Pendant Lights | LIGHT_FIXTURE | PRODUCT | Pendant Lighting,81.33,0.00,AMBIGUOUS,,,
Sunsone,315430845592,WCB7BB+RPR44WH,,,"Cages | Easy_Fit_Lamp_Shades | LAMPSHADE | LIGHT_FIXTURE | Lamp Shade | Lamp shades, holders & accessories | Lampshade | Light Shades | Wire Cage",80.82,0.00,AMBIGUOUS,,,
Ledsone,163984077854,PLTFRR,Brushed Copper Table Lamp,Brushed Copper Table Lamp,LAMP | Rohr lampen | Table & bedside lamps | Table Lamp Lighting | Table Lighting | Table_Lamp_Lighting,80.67,0.00,AMBIGUOUS,,,
Ledsone,164500778155,WCDCRR+RPR44WH,Diamond Light Cages,Diamond Light Cages,"Cages | Easy_Fit_Lamp_Shades | LAMPSHADE | LIGHT_FIXTURE | Lamp Shade | Lamp shades | Lamp shades, holders & accessories | Lampshade | Light Shades | Wire Cage | wire cage",79.99,0.00,AMBIGUOUS,,,
Ledsone,164701431756,CRFF140BM+WSNW170BM+LSFT220BM,Vintage Wall Sconces,Vintage Wall Sconces,Indoor Wall Lights | LIGHT_FIXTURE | LIGHT_SOURCE | PRODUCT | Wall Light | Wall Lighting | Wall light | Wall lights | Wandleuchten,77.56,0.00,AMBIGUOUS,,,
ledsone uk de,164202317474,PLWEBC+PHNW1RBC,Wheel light Wall all colour,Wheel light Wall all colour,LIGHT_FIXTURE | Pipe_Lamp_Lighting | Wall Light | Wall light | Wall lights | Wall_Lamp_Lights | Wall_Lamp_Shades_Lighting | Wandleuchten,75.23,0.00,AMBIGUOUS,,,
ledsone uk de,166241161483,ENC3939,,,Pendant_Lamp_Lights | Pendelleuchte,74.98,0.00,AMBIGUOUS,,,
Ledsone,164176156205,WLFS220BM,,E27 Vintage Industrial Wall Light Metal Brushed Adjustable Wall Sconce Lamp,Indoor Wall Lights | LIGHT_FIXTURE | Pendantlight | Wall Light | Wall_Lamp_Lights | Wandleuchte | Wandleuchten,74.95,0.00,AMBIGUOUS,,,
Ledsone,165865897216,ENC1263,Amber Glass Pendant light,Amber Glass Pendant light,Pendant Lighting,74.67,0.00,AMBIGUOUS,,,
Electricalsone,265660324848,CBSF100-IDE,Deckenhalterungen,Deckenhalterungen,Deckenplatte_Halterung | Deckenrosetten Halterungen,74.66,0.00,AMBIGUOUS,,,
Electricalsone,267398209270,CRFF500BM+PHSQ1PBRYB3PK+LSFT220BB3PK,Industrial 3-Light Pendant Ceiling Light E27,Industrial 3-Light Pendant Ceiling Light E27,,73.98,0.00,AMBIGUOUS,,,
Huttenlampen,396333652644,LHTHE27BN,,,"LAMP | LIGHT_BULB_SOCKET | Lamp Holders | Lamp shades, holders & accessories | Lamp_Holder | Lampenfassungen Metall | Light Bulbs",73.20,0.00,AMBIGUOUS,,,
Electricalsone,267159248624,CRSF2003CO+PHHN1PBRCO3PK+LSGG200AR3PK,Industrial Pendant Light Suspended,Industrial Pendant Light Suspended,Ceiling Lights & Chandeliers | LIGHT_FIXTURE | Pendant Lighting | Pendant_Lamp_Lights | Pendelleuchten,72.89,0.00,AMBIGUOUS,,,
Huttenlampen,395298191344,CRSF100BM+PHOP1PBRBM+LSDO300BI-IDE,sku not assigneds,sku not assigneds,Ceiling_Lamp_Lights | Hängelampen,72.42,0.00,AMBIGUOUS,,,
Ledsone,165236128485,PLWLBB,,Retro Vintage Industrial Wall Sconce Pipe Light Loft Rustic Lamp Light Fixture,LIGHT_FIXTURE | Wall Light | Wall lights,72.28,0.00,AMBIGUOUS,,,
Ledsone,163976559894,PLDMBM,Double Mount wall light,Double Mount wall light,LIGHT_FIXTURE | Pipe lighting | Pipe_Lamp_Lighting | Wall Light,71.96,0.00,AMBIGUOUS,,,
Ledsone,164872020382,CRSF100BM+WSST70BM+WCBNBM,Balloon cage wall light,Balloon cage wall light,LIGHT_FIXTURE | Wall Light | Wall Lights | Wall lights,71.78,0.00,AMBIGUOUS,,,
Ledsone,165512192022,ENC3535,2/3 Way Head Pendant Ceiling Light Lamps,2/3 Way Head Pendant Ceiling Light Lamps,Ceiling Pendant Lights | LIGHT_FIXTURE | Pendant Lighting | Pendant lighting | Pendelleuchte | Spider Lights,71.78,0.00,AMBIGUOUS,,,
Ledsone,164890029211,CRSF100CO+PHCHPBRCO+LSCY290CO,,LED Modern Ceiling Light Pendant Hanging Vintage Industrial Copper Pendant Lamp,Ceiling Pendant Lights | LIGHT_FIXTURE | Pendant Lighting | Pendelleuchten,71.67,0.00,AMBIGUOUS,,,
ledsone de,405395554368,CRSF100CO+PHSH1PBRCO+LSDM220CO,LSSS300-Copper pendant light,LSSS300-Copper pendant light,Ceiling Pendant Lights | LIGHT_FIXTURE | Pendant Light | Pendant Lighting | Pendant lighting | Pendant_Lamp_Lights | Pendelleuchte | Pendelleuchten,71.44,0.00,AMBIGUOUS,,,
Electricalsone,265660318470,PLWEBC+PHNW1RBC,PLWE- PL Wheel Lamp,PLWE- PL Wheel Lamp,LIGHT_FIXTURE | Pipe_Lamp_Lighting | Wall Light | Wall light | Wall lights | Wall_Lamp_Lights | Wall_Lamp_Shades_Lighting | Wandleuchten,71.29,0.00,AMBIGUOUS,,,
ledsone uk de,166102334942,CRSF100BM+WSHR135BM+LSLC180BC+ICST64E27-IDE,,,,71.16,0.00,AMBIGUOUS,,,
Ledsone,166241368032,CRSF100BM+WSST70BM+LSCY290BI,Flush Mount Ceiling light,Flush Mount Ceiling light,Ceiling Lights & Chandeliers | LIGHT_FIXTURE | Wall lights,70.67,0.00,AMBIGUOUS,,,
Ledsone,165904745310,CRFF4002BM+PHTT1PBR5BM2PK,2 way full thin chandelier,2 way full thin chandelier,Pendant Lighting,70.56,0.00,AMBIGUOUS,,,
Ledsone,165494980028,ENC6132,,6-Head Industrial Hemp Rope Spider Pendant Light Adjustable Hanging E27,LIGHT_FIXTURE | Pendelleuchte | Spider Lights,70.00,0.00,AMBIGUOUS,,,
Electricalsone,265644229620,PLHCBC+LSFT220BC3PK,Industrial 3 Light Ceiling Pendant Hanging Light,Industrial 3 Light Ceiling Pendant Hanging Light,LIGHT_FIXTURE | Pendant Lighting | Pipe_Lamp_Lighting | pipe-lighting,69.90,0.00,AMBIGUOUS,,,
Sunsone,316699480315,CRSF100BB-IDE,CRSF100- Single Outlet Ceiling Rose,CRSF100- Single Outlet Ceiling Rose,Deckenrosette | HOME_ORGANIZERS_AND_STORAGE,69.89,0.00,AMBIGUOUS,,,
Huttenlampen,394838903948,CRSF100BM+LHNSE27GB+LSHH240BM+ICST64E27-IDE,,,Ceiling Lights & Chandeliers | Pendelleuchten,69.21,0.00,AMBIGUOUS,,,
Electricalsone,267318750554,CRSF100FG+PHRI1PBRFG+LSGD280AR,,,Pendant Light | Pendelleuchten,69.10,0.00,AMBIGUOUS,,,
ledsone uk de,167633083532,CRSF100BM+PHSH1PBRYB+SCRN70BM+LSFT220GY,Grey Pendant lights,Grey Pendant lights,Ceiling Lights & Chandeliers | Ceiling Pendant Lights | LIGHT_FIXTURE | PRODUCT | Pendant Light | Pendant Lighting | Pendant lighting | Pendant_Lamp_Lights | Pendant_Light | pendant lightss,66.88,0.00,AMBIGUOUS,,,
Electricalsone,265768509380,CRFF500BM+PHHRE2HETHE3PK+CO123PCL,Industrial Vintage Hemp Rope 3 Head Pendant Light,Industrial Vintage Hemp Rope 3 Head Pendant Light,,65.78,0.00,AMBIGUOUS,,,
Ledsone,164123887758,CRSF100CH+WSST70CH+LSDM220CH,Polishied ceiling light,Polishied ceiling light,Ceiling lights | Ceiling_Lamp_Lights | LIGHT_FIXTURE | Wall lights,65.63,0.00,AMBIGUOUS,,,
Huttenlampen,396517146399,,,,,65.08,0.00,AMBIGUOUS,,,
Electricalsone,266190383109,,,,,64.14,0.00,AMBIGUOUS,,,
ledsone de,405328319825,CRSF100BD2PK-IDE,Baldachin Deckenrosette,Baldachin Deckenrosette,,64.02,0.00,AMBIGUOUS,,,
Ledsone,166910354431,,,,,63.55,0.00,AMBIGUOUS,,,
Huttenlampen,394894339778,WLFSWRHE-IDE,,Antike Industrielle Holz Wandleuchte Wandleuchte Vintage Licht,Wandleuchten,63.50,0.00,AMBIGUOUS,,,
ledsone uk de,164822107546,LHC1E27WH-IDE,Keramikfassung,Keramikfassung,Lampenfassung | Lampenfassung Keramik,63.12,0.00,AMBIGUOUS,,,
Ledsone,167576261060,CRFF4002BM+CO122PCL2PK+LHTTAGU10EBM2PK+LDGU10WD52PK,sku not assigneds,sku not assigneds,Ceiling Light | Deckenleuchte,61.58,0.00,AMBIGUOUS,,,
Huttenlampen,393835988680,,,,,59.92,0.00,AMBIGUOUS,,,
Huttenlampen,395289736147,ENC6201-IDE,sku not assigneds,sku not assigneds,,59.78,0.00,AMBIGUOUS,,,
Sunsone,313758623967,CRSF100BM+PHRI1PBRGB+LSDM220GB,LSDM220- pendant light,LSDM220- pendant light,Ceiling Lights | Ceiling Pendant Lights | LIGHT_FIXTURE | Pendant Lighting | Pendant_Lamp_Lights,58.47,0.00,AMBIGUOUS,,,
Electricalsone,267162408072,CRSF100BM+PHSH1PBRBM+LSCY210BG,LSFT220-Yellow Pendant Light,LSFT220-Yellow Pendant Light,LIGHT_FIXTURE | Pendant Lighting | Pendant_Lamp_Lights | Pendelleuchte,58.17,0.00,AMBIGUOUS,,,
Electricalsone,266269587478,CRSF100SN+WSLS155SN+LSCY290SN,,,Wall lights,57.78,0.00,AMBIGUOUS,,,
Sunsone,316699608948,CRSF100BB+PHCH1PBRBB,E27 Lampenfassung Deckenpendelleuchte,E27 Lampenfassung Deckenpendelleuchte,Pendant Lighting | Pendant_Holder,57.55,0.00,AMBIGUOUS,,,
Sunsone,313649255412,CRSF100CO+PHSH1PBRCO+LSDM220CO,LSSS300-Copper pendant light,LSSS300-Copper pendant light,Ceiling Pendant Lights | LIGHT_FIXTURE | Pendant Light | Pendant Lighting | Pendant lighting | Pendant_Lamp_Lights | Pendelleuchten,56.67,0.00,AMBIGUOUS,,,
ledsone de,405328533710,CRSF100BM+LHNSE27BM+SCRN70YB+LSMS320BI,Flush mount ceiling lights 32cm,Flush mount ceiling lights 32cm,Ceiling Flush Lights | Ceiling Lights | Ceiling lights | Deckenleuchten | LIGHT_FIXTURE | PRODUCT,56.36,0.00,AMBIGUOUS,,,
Sunsone,317042068157,CRSF100BM+WSST70BM+LSCY290BI,,,Ceiling Lights & Chandeliers | LIGHT_FIXTURE | Wall lights,56.10,0.00,AMBIGUOUS,,,
Huttenlampen,394844573967,,,,,56.08,0.00,AMBIGUOUS,,,
Ledsone,164940783970,WSBWBS,Brushed Silver Wall lights,Brushed Silver Wall lights,LIGHT_FIXTURE | Wall Light Fixtures | Wall Lighting | Wall light | Wall lights | Wandleuchten,55.78,0.00,AMBIGUOUS,,,
Ledsone,166918437222,CRFF2008BM+PHBL2PBRBM8PK+SPUPBM8PK,sku not assigneds,sku not assigneds,Pendant Lighting | Spider Lights,55.74,0.00,AMBIGUOUS,,,
Ledsone,166385104621,CRFF100CO+PHSH1PBRCO+WCFWROCO,Cage Pendant Light,Cage Pendant Light,LIGHT_FIXTURE | PRODUCT | pendent light,54.78,0.00,AMBIGUOUS,,,
ledsone uk de,165959776679,LHAHE27BM,Lampenfassung,Lampenfassung,"Bulb Socket Lamp Holder | Downlight Lampholders | LAMP | LIGHT_BULB_SOCKET | Lamp Holder | Lamp Holders | Lamp shades, holders & accessories | Lamp_Holder | Lampenfassungen | Lampenfassungen Metall",54.63,0.00,AMBIGUOUS,,,
Electricalsone,266125228909,CRSF100BM+PHSH1PBRYB+LSCY290BI,Industrial Black Metal Vintage Pendant Light,Industrial Black Metal Vintage Pendant Light,LIGHT_FIXTURE | Pendant Lighting,54.49,0.00,AMBIGUOUS,,,
Sunsone,313983309883,CRFF140BM+WSNW170BM+LSSS300BM+ICST64E27,Modern Wall Light Vintage Retro Industrial Rustic,Modern Wall Light Vintage Retro Industrial Rustic,Wall Light | Wall Light Fixtures | Wall Lighting | Wall Lights | Wall lights | Wall_Lamp_Shades_Lighting,53.67,0.00,AMBIGUOUS,,,
ledsone uk de,164581955215,CRSF1202BM-IDE,Multi out let ceiling rose,Multi out let ceiling rose,Deckenrosette | LIGHT_FIXTURE | TOOLS,53.59,0.00,AMBIGUOUS,,,
Sunsone,315355780596,ENC6041,,,Pendant Lighting | Pendant_Lamp_Lights,53.34,0.00,AMBIGUOUS,,,
Sunsone,313970190858,CRSF100BM2PK,SFCR100,SFCR100,"Ceiling_rose | LIGHT_BULB_SOCKET | LIGHT_FIXTURE | Lamp shades, holders & accessories",52.80,0.00,AMBIGUOUS,,,
Huttenlampen,394007105810,CRSF100BM+LHHTE27BM+WCDCBM+ICST64E27-IDE,diamont cage,diamont cage,Ceiling Lights & Chandeliers | Hängelampen | Wandleuchten,52.55,0.00,AMBIGUOUS,,,
Ledsone,167002697052,ENC5166,sku not assigneds,sku not assigneds,Ceiling Light | Ceiling Lights | Ceiling Pendant Lights | Flush Mount Ceiling Light | HOME | LIGHT_FIXTURE | Pendant Light | Pendant Lighting,51.38,0.00,AMBIGUOUS,,,
Sunsone,313970196187,,,,,50.97,0.00,AMBIGUOUS,,,
Ledsone,162577818724,CO1210ACL,12WAYCRWE - All connectors,12WAYCRWE - All connectors,12 way connectors | Connector | Connectors & junction boxes | Junction Boxes & Connectors | TERMINAL_BLOCK,49.44,0.00,AMBIGUOUS,,,
Electricalsone,266196406700,CRFF4002BM+WCRNBM2PK,Pendant Light Retro Loft Style 1/3 Head,Pendant Light Retro Loft Style 1/3 Head,"Ceiling Lights & Chandeliers | Ceiling Pendant Lights | Ceiling_Lamp_Lights | Hemp_Rope_Lamp_Lighting | LIGHT_FIXTURE | Lamp shades, holders & accessories | Pendant Lighting | Pendant light | Pendent Light | Wire Cage | pendant lights",49.29,0.00,AMBIGUOUS,,,
Ledsone,166971786043,,,,,48.92,0.00,AMBIGUOUS,,,
Ledsone,166743634839,TPCL20820AG,sku not assigneds,sku not assigneds,LAMP | PRODUCT | Table & bedside lamps | Table Lamp Lighting | Table Lighting | Table Lights (Mains-Powered) | home-applications,48.78,0.00,AMBIGUOUS,,,
Ledsone,165375198791,ENC2946,,,Ceiling Pendant Lights | LIGHT_FIXTURE | Pendant Lighting,48.18,0.00,AMBIGUOUS,,,
Ledsone,167531209658,CRSF100BD2PK,Ceiling Rose light Fitting,Ceiling Rose light Fitting,"Ceiling_rose | LIGHT_BULB_SOCKET | LIGHT_FIXTURE | Lamp shades, holders & accessories",47.94,0.00,AMBIGUOUS,,,
Huttenlampen,396360774158,CRSF100BM+WSCH135BM+LSCY210BC,,,Wall lights | Wall_Lamp_Shades_Lighting,47.60,0.00,AMBIGUOUS,,,
Sunsone,315614673166,CRFF100BM+PHUP1PBRBM+CNT900BM,,,Ceiling Pendant Lights | LIGHT_FIXTURE | Pendant Light | Pendant Lighting | Pendant_Holder | Pendant_Lamp_Lights | Pendelleuchten,47.56,0.00,AMBIGUOUS,,,
ledsone de,405328319961,PLHLBC+ICST64E272PK-IDE,,,Wandleuchten,47.44,0.00,AMBIGUOUS,,,
Sunsone,316699367155,CRSF108BM+HK10BM-IDE,CRSF108+HK10-IDE,CRSF108+HK10-IDE,Deckenrosette | HOME_ORGANIZERS_AND_STORAGE,47.29,0.00,AMBIGUOUS,,,
Ledsone,166397455703,CRFF500BM+WCFS1SEBM3PK,,,"Ceiling Pendant Lights | LIGHT_FIXTURE | Lamp shades, holders & accessories | Pendant Light | Pendant Lighting | Pendant_Lamp_Lights | Wire Cage | pendant lightss | pendent light",45.89,0.00,AMBIGUOUS,,,
Sunsone,315139610309,ENC685,3 Way Pipe Pendant Lights,3 Way Pipe Pendant Lights,Ceiling Pendant Lights | LIGHT_FIXTURE | Pendant Lighting | Pipe_Lamp_Lighting | pipe-lighting,45.89,0.00,AMBIGUOUS,,,
ledsone uk de,165665327565,CRFF500BM-IDE,Deckenrosette,Deckenrosette,Deckenrosette,45.87,0.00,AMBIGUOUS,,,
Ledsone,164780863231,PCGZ3WC3PK,"3/4"" BLACK MALLEABLE Pipe Fitting","3/4"" BLACK MALLEABLE Pipe Fitting",Accessories | Conduit Lighting | HOSE_PIPE_FITTING | Lamp_Spares | MOUNT_BRACKET | PLUMBING_FIXTURE | Pipe & conduit fittings | Pipe Fittings & Accessories | Pipe Lights Parts | Pipe_Lighting_Accessories | Threaded Fittings | pipe Light Pats,45.64,0.00,AMBIGUOUS,,,
Ledsone,167220868180,ENC8012,Wall sconce holder set,Wall sconce holder set,LIGHT_FIXTURE | Wall Light | Wall Lighting | Wall lights,45.58,0.00,AMBIGUOUS,,,
Electricalsone,266049573453,CRFF500WH+PHCH1PWRSBL3PK+LSDO210BL3PK,Industrial Ceiling Pendant Lights Metal Light E27,Industrial Ceiling Pendant Lights Metal Light E27,Pendant_Holder | pendent holder,45.49,0.00,AMBIGUOUS,,,
Ledsone,164525181294,PLADBC+LSCY210BC3PK,Pipe lighting 3way lights,Pipe lighting 3way lights,Ceiling Pendant Lights | LIGHT_FIXTURE | Pendant Light | Pendant Lighting | Pendelleuchte | Pipe_Lamp_Lighting | pipe-lighting,45.29,0.00,AMBIGUOUS,,,
Ledsone,164365308720,CRFF500WH+PHRB1PWR40WH3PK+LSBS160BL3PK,Colour rectangle light,Colour rectangle light,,44.89,0.00,AMBIGUOUS,,,
Ledsone,167517548283,LHPOE27BM,Threat Holder 3 colour,Threat Holder 3 colour,"Conduit Lighting | Downlight Lampholders | LIGHT_BULB_SOCKET | Lamp Holder | Lamp shades, holders & accessories | Lampenfassung",44.84,0.00,AMBIGUOUS,,,
Electricalsone,266649992634,WCWDBM+RPR44WH,,,"Cages | Easy_Fit_Lamp_Shades | LAMPSHADE | Lamp Shade | Lamp shades, holders & accessories | wire cage",44.45,0.00,AMBIGUOUS,,,
ledsone uk de,164787072720,CRSF100RR+PHCH1PBRRR+LSCY290RR-IDE,Rustic Red Pendant lights,Rustic Red Pendant lights,LIGHT_FIXTURE,44.08,0.00,AMBIGUOUS,,,
Ledsone,164933897353,ENC4125,,3 Way Vintage Industrial Pendant Light Hanging Retro Lamp LED Ceiling Lights,3 Head pendant Light | LIGHT_FIXTURE | Pendant Lighting,43.99,0.00,AMBIGUOUS,,,
Ledsone,165944189724,CRSF100BM+PHHT2PBRBM+SPUPBM+LSSS300BI,Barn Sloted BI Spider,Barn Sloted BI Spider,Ceiling Lights & Chandeliers | Pendelleuchte | Spider Lights,43.78,0.00,AMBIGUOUS,,,
Electricalsone,265660317580,LHSHE27BA,Pendelleuchte E27,Pendelleuchte E27,"Downlight Lampholders | LAMP | LIGHT_BULB_SOCKET | Lamp Holder | Lamp Holders | Lamp shades, holders & accessories | Lamp_Holder | Lampenfassungen Metall | Pendelhalter",43.68,0.00,AMBIGUOUS,,,
Ledsone,164789430077,PCRN100TP,BLACK PIPE,BLACK PIPE,Conduit Lighting | HOSE_PIPE_FITTING | Pipe & conduit fittings | Pipe Fittings & Accessories | pipe Light Pats,43.25,0.00,AMBIGUOUS,,,
Ledsone,165861201948,ENC2050,Double Head Small Curvy,Double Head Small Curvy,Ceiling Pendant Lights | LIGHT_FIXTURE | Pendant Lighting | Pendelleuchte,42.88,0.00,AMBIGUOUS,,,
Ledsone,166612383020,CKDCF331BM,sku not assigneds,sku not assigneds,3D Wall Clock | CLOCK | Clock | Clocks | Wall Clock | Wall Clocks | Wall clocks | clock,42.67,0.00,AMBIGUOUS,,,
Electricalsone,267208149293,CRFF500BC+PHSW2HETBM3PK+LSUL220BC3PK,Hemp Pendant Curvy 3 head,Hemp Pendant Curvy 3 head,Ceiling Lights & Chandeliers | LIGHT_FIXTURE | Pendant Lighting,41.64,0.00,AMBIGUOUS,,,
Ledsone,164803248556,ENC1310,Metal Colours,Metal Colours,Indoor Wall Lights | LIGHT_FIXTURE | Wall Light | Wall Lighting | Wall Lights | Wall lights,41.38,0.00,AMBIGUOUS,,,
Ledsone,166073272686,ENC4838,Cone Pully Lights,Cone Pully Lights,Ceiling Lights & Chandeliers | Ceiling Pendant Lights | HOME | LIGHT_FIXTURE | PRODUCT | Pendant Lighting | Pendant Lights | Spider Lights,40.78,0.00,AMBIGUOUS,,,
Huttenlampen,396195209649,CRSF100BM+PHCH1PBRSBM+LSSS300BM,Black Pendant Lamps,Black Pendant Lamps,Ceiling_Lamp_Lights | LIGHT_FIXTURE | Pendant Lighting | Pendant lighting | Pendant_Lamp_Lights | pendant lightss,40.60,0.00,AMBIGUOUS,,,
Electricalsone,265694421500,CRSF100BD2PK,Ceiling Rose light Fitting,Ceiling Rose light Fitting,"Ceiling_rose | LIGHT_BULB_SOCKET | LIGHT_FIXTURE | Lamp shades, holders & accessories",40.59,0.00,AMBIGUOUS,,,
Electricalsone,267063308921,CRSF100BM+WSLS155GB+LSCY290BL,Edison Industrial Vintage Ceiling wall Light,Edison Industrial Vintage Ceiling wall Light,LIGHT_FIXTURE | PRODUCT | Wall Light | Wall light | Wall lights | Wandleuchten,40.52,0.00,AMBIGUOUS,,,
Sunsone,314078198823,CRFF100BM+PHUP1PBRBM,E27 Ceiling Rose Light Fitting Vintage Industrial,E27 Ceiling Rose Light Fitting Vintage Industrial,Ceiling Lights & Chandeliers | Pendant Lighting | Pendant_Holder | Pendant_Lamp_Lights,40.45,0.00,AMBIGUOUS,,,
Huttenlampen,396360057431,CRSF100CH+PHMU1PBRCH+LSDM220CH,Metal pendant light Bowl shape,Metal pendant light Bowl shape,Ceiling Lights | Ceiling Lights & Chandeliers | Ceiling Pendant Lights | LIGHT_FIXTURE | Pendant Lighting | Pendant_Lamp_Lights,40.30,0.00,AMBIGUOUS,,,
Electricalsone,266976392693,LHSHE27BA,2M Easy Fit Ceiling Rose Pendant Fabric Flex,2M Easy Fit Ceiling Rose Pendant Fabric Flex,"Ceiling Lights & Chandeliers | Ceiling Pendant Lights | Downlight Lampholders | LAMP | LIGHT_BULB_SOCKET | LIGHT_FIXTURE | Lamp Holder | Lamp Holders | Lamp shades, holders & accessories | Lamp_Holder | Lampenfassungen Metall | Pendant Lighting | Pendant_Holder | Pendant_Lamp_Lights | Pendelleuchten",40.20,0.00,AMBIGUOUS,,,
Ledsone,165932316607,CRSF100BL+LHLTE27BL+WCGSBL,Diamond Cage Ceiling Light,Diamond Cage Ceiling Light,Pendant light | cage light,39.78,0.00,AMBIGUOUS,,,
Ledsone,167662565144,CRSF1202BM+PHHT2PBRBM2PK+SPUPBM2PK,Spider light,Spider light,Ceiling Lights & Chandeliers | Spider Lights,39.78,0.00,AMBIGUOUS,,,
Huttenlampen,394525618338,CRFF500BM-IDE,Lampenfußplatte 500 mm 3,Lampenfußplatte 500 mm 3,Deckenrosette,39.56,0.00,AMBIGUOUS,,,
Ledsone,165211187092,ENC2213,Double head Cone pendant,Double head Cone pendant,Ceiling Lights & Chandeliers | Ceiling Pendant Lights | LIGHT_FIXTURE | Multi_Outlet_Spider_Lamp_Lighting | Multi_Outlet_Spider_Lamp_Lighting_Ads | PRODUCT | Pendant Light | Pendant Lighting | Pendant lighting | Pendelleuchten | Spider Lights | Spinnenlampe,38.89,0.00,AMBIGUOUS,,,
Ledsone,165544975647,CRFF108BM+WSST70BM+LSSS300BB,barn slotted flush light,barn slotted flush light,Ceiling Lights & Chandeliers | Ceiling lights | LIGHT_FIXTURE | Wall lights,38.78,0.00,AMBIGUOUS,,,
Electricalsone,266345647618,WLWP1S3WBM,,3W Modern LED Down Exterior Wall Light Outdoor/Indoor Wall Lighting Fixture IP54,LIGHT_FIXTURE | Outdoor Wall Lights without Sensors (Mains-Powered) | Wall Light | Wall Lighting | Wandleuchte,38.67,0.00,AMBIGUOUS,,,
Electricalsone,266190729656,CRFF500WH+PHRB1PWR40WH3PK+LSBS160BU3PK,Industrial 3 Head Ceiling Pendant Light,Industrial 3 Head Ceiling Pendant Light,LIGHT_FIXTURE | Multi_Outlet_Lamp_Shades_Lighting | Pendant Light | Pendant Lighting | Pendant_Lamp_Lights,38.35,0.00,AMBIGUOUS,,,
Electricalsone,266196102494,CRFF500WH+PHRB1PWR40WH3PK+LSBS160GY3PK,3 Way Ceiling Pendant Cluster Light Vintage,3 Way Ceiling Pendant Cluster Light Vintage,LIGHT_FIXTURE | Pendant Lighting | Pendant_Lamp_Lights,38.35,0.00,AMBIGUOUS,,,
Electricalsone,267319867084,ENC5203,3Way Industrial Style Ceiling Light,3Way Industrial Style Ceiling Light,LIGHT_FIXTURE,38.30,0.00,AMBIGUOUS,,,
Electricalsone,266196360366,WCDCBC+RPR44WH,Contemporary Bird Cage Metal Basket,Contemporary Bird Cage Metal Basket,"Cages | Easy_Fit_Lamp_Shades | LAMPSHADE | LIGHT_FIXTURE | Lamp Shade | Lamp shade | Lamp shades | Lamp shades, holders & accessories | Lampenschirme | Lampshade | Light Shades | Wire Cage | wire cage",38.26,0.00,AMBIGUOUS,,,
Ledsone,163990252923,CRSF1206BM+PHBL2PBRBM6PK+SPUPBM6PK,,6 Head  Black Spider Pendant Ceiling Chandelier Light  Multiple Hanging Lamp,Spider Lights,37.99,0.00,AMBIGUOUS,,,
Ledsone,167385782393,CRFF140BM+WSNW170BM+LSDO210BM,Adjustable Lamp Retro Wall Light Sconce Vintage,Adjustable Lamp Retro Wall Light Sconce Vintage,LIGHT_FIXTURE | Wall Light | Wall Lighting | Wall Lights | Wall lights | Wandleuchten,37.98,0.00,AMBIGUOUS,,,
Electricalsone,267284292289,CRSF2003YB+PHRI1PBRYB3PK+LSFG210AR3PK,Pendant Light,Pendant Light,LIGHT_FIXTURE | Pendant_Lamp_Lights | pendant lightss,37.89,0.00,AMBIGUOUS,,,
Sunsone,314806244686,TPOSBDBM,,Resin Lucky Bird Raven Desk lamp  Night Light Bedside Table Lamp Kit E27 UK,Bird Table Lamp | LAMP | LIGHT_FIXTURE | PRODUCT | Table & bedside lamps | Table Lamp | Table Lighting | Table Lights (USB-Chargeable),37.78,0.00,AMBIGUOUS,,,
Electricalsone,265842215744,CRSF100BM+WSBA145BM+LSCP150BA,Wall Lights,Wall Lights,Wall lights,37.78,0.00,AMBIGUOUS,,,
Sunsone,314090149351,CRSF2003BB+PHCH1PBRBB3PK+WCB1BB3PK,3 Way Lamp Cage Pendant Chandelier Modern Vintage,3 Way Lamp Cage Pendant Chandelier Modern Vintage,LIGHT_FIXTURE | Multi_Outlet_Lamp_Shades_Lighting | Pendant Lighting | Pendant_Light,37.75,0.00,AMBIGUOUS,,,
Sunsone,317031837303,CRSF100BM+WSLS155YB+WCWDBM,,,LIGHT_FIXTURE,37.58,0.00,AMBIGUOUS,,,
Huttenlampen,394011913121,CNT900BM2PK-IDE,Licht Kette 32mm x 17mm Für Beleuchtun,Licht Kette 32mm x 17mm Für Beleuchtun,,37.45,0.00,AMBIGUOUS,,,
Electricalsone,265660326879,LHC1E27WH-IDE,LHC Lampenfassung LED Sock,LHC Lampenfassung LED Sock,Lampenfassung | Lampenfassung Keramik,37.32,0.00,AMBIGUOUS,,,
ledsone de,405365242170,CRFF108WH+WSST70WH+ICST64E2760-IDE,,,LIGHT_FIXTURE | Wall Lighting | Wall Lights | Wall lights,37.29,0.00,AMBIGUOUS,,,
Huttenlampen,394916097823,,,,,37.18,0.00,AMBIGUOUS,,,
Electricalsone,266190385983,,,,,37.03,0.00,AMBIGUOUS,,,
ledsone uk de,165342715788,CRSF100WH+PHHT1PWRWH+LSCY290WH+ICST64E27-IDE,,,,36.78,0.00,AMBIGUOUS,,,
Ledsone,167744690372,PLBXBC+PLTABC,Water pipe wall light,Water pipe wall light,Indoor Wall Lights | LIGHT_FIXTURE | Wall Lighting | Wall Lights,36.78,0.00,AMBIGUOUS,,,
Ledsone,166070821918,CRFF500BM+PHSQ1PBRYB3PK+LSFT220BB3PK,3 Head Pendant Light,3 Head Pendant Light,,36.29,0.00,AMBIGUOUS,,,
ledsone de,405328319927,PHSF1BMRBM+ICST64E27-IDE,,,Pendelhalter,36.05,0.00,AMBIGUOUS,,,
Ledsone,166561885604,STAS505BM3PK,sku not assigneds,sku not assigneds,ADHESIVE_TAPES | Anti Slip Tape | Mounting Tapes,34.95,0.00,AMBIGUOUS,,,
Sunsone,313970196214,CRSF100BM+LHHTE27BM+WCDCBM,Metal Wall Sconce,Metal Wall Sconce,Ceiling Flush Lights | Ceiling Pendant Lights | Ceiling lights | Deckenleuchten | LIGHT_FIXTURE | Wall Lighting | Wall Lights | Wall lights,34.78,0.00,AMBIGUOUS,,,
Electricalsone,267192693105,PHSF1BMTBM,sku not assigneds,sku not assigneds,Ceiling Pendant Lights | LIGHT_BULB_SOCKET | LIGHT_FIXTURE | Light Shades | Pendant Light | Pendant light | Pendant_Holder | Pendant_Lamp_Lights | Pendant_Light | Pendelleuchten | Plug In Pendant | pendant lightss,34.76,0.00,AMBIGUOUS,,,
Ledsone,165771989122,CRSF100BM+WSTR135BM+LSFT220BL,wall light,wall light,Wall Light | Wall Lighting | Wall lights | Wall_Lamp_Shades_Lighting | Wandleuchten,33.78,0.00,AMBIGUOUS,,,
Ledsone,166030794449,CRFF140GL+WSWH135BM+LSDO210BB,21cm Dome wall light,21cm Dome wall light,Indoor Wall Lights | LIGHT_FIXTURE | PRODUCT | Wall Light | Wall Lighting | Wall Lights | Wall lights | Wall_Lamp_Shades_Lighting | Wandleuchte | Wandleuchten,33.78,0.00,AMBIGUOUS,,,
Ledsone,163813220956,CRSF1202CO,Copper Multi Outlet ceiling rose,Copper Multi Outlet ceiling rose,"Accessory | Ceiling Rose | Ceiling Roses | Ceiling_rose | LIGHT_BULB_SOCKET | LIGHT_FIXTURE | Lamp shades, holders & accessories | Lighting Accessories | Multi_Outlet_Ceiling_Rose | Single_Outlet_Ceiling_Rose | TOOLS",33.75,0.00,AMBIGUOUS,,,
Ledsone,167544520294,CRFF140GL+WSWH135BM+LSDO210BG,,,Indoor Wall Lights | LIGHT_FIXTURE | Wall Light | Wall Lighting | Wall lights | Wall_Lamp_Shades_Lighting | Wandleuchte | Wandleuchten,33.58,0.00,AMBIGUOUS,,,
Huttenlampen,395606901130,ENC5310-IDE,,,Ceiling Lights & Chandeliers | LIGHT_FIXTURE | Pendant Lighting | Pendelleuchten,33.57,0.00,AMBIGUOUS,,,
Huttenlampen,395653816142,CRSF100GB+LHNSE27GB+LSDM220GB+LDMST64E274-IDE,,,Unterputz-Lampe,33.38,0.00,AMBIGUOUS,,,
Sunsone,316703471314,CRSF100BM+PHSH1PBRYB+SCRN70BM+LSTL260BB-IDE,Pendelleuchte,Pendelleuchte,,33.28,0.00,AMBIGUOUS,,,
Sunsone,316699473579,CRSF100BM+WSLS155BM+SCRN70BA+LSFT220BM-IDE,,Retro Wandlampe Wandleuchte Innen Wandlampe Vintage Wandleuchte E27 Wandspot,Möbel & Wohnen:Beleuchtung:Wandleuchten,33.08,0.00,AMBIGUOUS,,,
Ledsone,165871570842,CRFF500BM+PHUP1PBRBM3PK+WCDCBM3PK,Diamond cage umbrella holder,Diamond cage umbrella holder,LIGHT_FIXTURE,32.88,0.00,AMBIGUOUS,,,
Sunsone,316559190193,CRFF500CH+PHMU1PBRCH3PK+LSDM220CH3PK,22cm Bowl 3 head pendant light,22cm Bowl 3 head pendant light,Ceiling Lights | Ceiling Lights & Chandeliers | Ceiling Pendant Lights | HOME | LIGHT_FIXTURE | Pendant Lighting | Pendant_Lamp_Lights,32.81,0.00,AMBIGUOUS,,,
Ledsone,166807115473,PMSJ0063BIV,,,Home & Garden | Kitchen gadgets & tools | MORTAR_AND_PESTLE_SET | Pestle and Mortar,32.67,0.00,AMBIGUOUS,,,
Ledsone,166875854713,LBT3500BL,sku not assigneds,sku not assigneds,LAUNDRY_HAMPER | Laundry Storage | Laundry bag | Laundry bags & baskets | home-applications | laundry bag,32.67,0.00,AMBIGUOUS,,,
Electricalsone,267295981796,CRFF75BA+LHAHE27BM+HK10BM,,,Lighting Accessories,32.40,0.00,AMBIGUOUS,,,
Huttenlampen,394450679713,CRFF105BA2PK+HK10BM2PK-IDE,Vintage Lampenbaldachin,Vintage Lampenbaldachin,,32.36,0.00,AMBIGUOUS,,,
Ledsone,163886797500,CRSF100YB+LHNSE27YB+SCRN70YB+LSOL220YB,,Vintage Ceiling Light Flush Mount Lamp Living room Bedroom E27 Base Easy Fit,Ceiling Lights | Deckenleuchten | LIGHT_FIXTURE,31.36,0.00,AMBIGUOUS,,,
Ledsone,164753190977,CRSF100RO+PHRI1PBRRO+WCBNRO,Rose Gold Pendant lights,Rose Gold Pendant lights,,31.18,0.00,AMBIGUOUS,,,
Ledsone,164598588455,CRFF100BM+LHNSE27YB+SCRN70BM+LSTF40BG,,,Ceiling Fan Lights | Ceiling Flush Lights | Ceiling Flush Mount Light | Ceiling Light Fixtures | Ceiling Lights | Ceiling lights | Ceiling_Lamp_Lights | Deckenleuchte | LIGHT_FIXTURE | Pendant Lighting | Pendant lighting,31.14,0.00,AMBIGUOUS,,,
Ledsone,164139424313,CRFF108BM+WSST70BM+WCLCBM,Long cage wall light,Long cage wall light,LIGHT_FIXTURE | Wall Light | Wall lights | Wall_Lamp_Lights | wall sconces,29.89,0.00,AMBIGUOUS,,,
Ledsone,165176210170,PLHLBC,PIpe Wall Light,PIpe Wall Light,Indoor Wall Lights | LIGHT_FIXTURE | Pipe_Lamp_Lighting | Wall Light | pipe-lighting,29.89,0.00,AMBIGUOUS,,,
Electricalsone,266190448500,PLWEBC+PHNW1RBC,wall light,wall light,LIGHT_FIXTURE | Pipe_Lamp_Lighting | Wall Light | Wall light | Wall lights | Wall_Lamp_Lights | Wall_Lamp_Shades_Lighting | Wandleuchten,29.89,0.00,AMBIGUOUS,,,
Ledsone,163629667444,CRFF100BM+PHHH1BMTBM,Handle Holder pendant set,Handle Holder pendant set,,29.84,0.00,AMBIGUOUS,,,
Sunsone,315445625710,TPFC160BU+LDCWE279,sku not assigneds,sku not assigneds,,29.78,0.00,AMBIGUOUS,,,
Ledsone,166279867858,WCWODSBM+RPR44WH,Cage + Hemp,Cage + Hemp,"LAMPSHADE | LIGHT_FIXTURE | Lamp Shade | Lamp shades, holders & accessories | Light Shades | Wall Light | Wire Cage",29.67,0.00,AMBIGUOUS,,,
Ledsone,166572381503,SUHFF120GRAP,,Shower Curtain Mould Proof Mildew Resistant Bathroom EVA Fabric Curtain,CURTAIN | Shower Curtain | Shower Curtains | Shower curtains & bath mats,29.67,0.00,AMBIGUOUS,,,
Huttenlampen,396485138213,COY9BBM,,,Andere | Connector | Connectors & junction boxes | Water Proof Junction Box | Waterproof Connector,29.32,0.00,AMBIGUOUS,,,
Electricalsone,265660405706,LHAHE27BM,E27 Pendant Holder,E27 Pendant Holder,"Downlight Lampholders | LAMP | LAMPSHADE | LIGHT_BULB_SOCKET | LIGHT_FIXTURE | Lamp Holder | Lamp Holders | Lamp shades, holders & accessories | Lamp_Holder | Lampenfassungen Metall | Light Bulbs | Lighting Accessories",29.16,0.00,AMBIGUOUS,,,
Ledsone,164361729504,CRSF2003BM+WCSC1BM3PK,Sqare / Triangle,Sqare / Triangle,LIGHT_FIXTURE | Pendant Lighting | Pendant lamp kit | Pendelleuchte | Pendelleuchten,28.19,0.00,AMBIGUOUS,,,
Ledsone,164836515096,ENC1440,Wood Industrial table Lamp,Wood Industrial table Lamp,Table & bedside lamps,27.89,0.00,AMBIGUOUS,,,
ledsone de,405328533686,CRFF100BM+PHDO1PBRBM+LSMS320BI,,,Pendant_Lamp_Lights | Pendelleuchte,27.59,0.00,AMBIGUOUS,,,
Ledsone,167531319462,CRSF100HBM+WSWR1PFTBM+PSDS4RBM+RD30+WR+LDG95E274,sku not assigneds,sku not assigneds,LIGHT_FIXTURE | Wall Light | Wall Lights | Wall lights,27.38,0.00,AMBIGUOUS,,,
Electricalsone,265543194034,CRSF100BM+WSNW170BM+SCRN70BM+LSTF40BM,Wall Light Lamp Fitting Fixture,Wall Light Lamp Fitting Fixture,Indoor Wall Lights | LIGHT_FIXTURE | Wall Light | Wall light | Wall lightng | Wall lights | Wandleuchten,27.28,0.00,AMBIGUOUS,,,
Huttenlampen,394848731895,PHCD1PBRBW+LSMS320BT-IDE,sku not assigneds,sku not assigneds,,26.55,0.00,AMBIGUOUS,,,
ledsone de,405374061349,ENC4838,Cone Pully Lights,Cone Pully Lights,Ceiling Lights & Chandeliers | Ceiling Pendant Lights | HOME | LIGHT_FIXTURE | PRODUCT | Pendant Lighting | Pendant Lights | Spider Lights,26.33,0.00,AMBIGUOUS,,,
Ledsone,165913305704,CRSF100HBM+WSTR135BM+PSDS4BPB+WCBNBM,Swan Neck rotary Switch wall sconces,Swan Neck rotary Switch wall sconces,LIGHT_FIXTURE | Wall Light | Wall lights,25.89,0.00,AMBIGUOUS,,,
Sunsone,314422671489,ENC9175,E27 pendant lamp vintage industrial lamp hanging,E27 pendant lamp vintage industrial lamp hanging,,25.89,0.00,AMBIGUOUS,,,
Electricalsone,266187916836,WCB6BB+RPR44WH,WCB-Easy Fit3,WCB-Easy Fit3,"Cages | Easy_Fit_Lamp_Shades | LAMPSHADE | LIGHT_FIXTURE | Lamp Shade | Lamp shades, holders & accessories | Lampshade | Light Shades | Wire Cage",25.77,0.00,AMBIGUOUS,,,
Ledsone,167561353106,CRSF100BM+PHHC1BMRBM,,,Pendant Light | Pendant Lighting,25.58,0.00,AMBIGUOUS,,,
Huttenlampen,395246946360,HLCH128BM-IDE,,,Andere | Cabinet handles & hinges | HARDWARE_HANDLE | Handles | Pull Handle,25.00,0.00,AMBIGUOUS,,,
Ledsone,166204671523,CRFF100BM+PHDO1PBRBM+LSMS320BI,32cm Semi curved pendant light,32cm Semi curved pendant light,,24.89,0.00,AMBIGUOUS,,,
Ledsone,166259600377,LSFSPBR1BM,Fisherman Pendant Light Hanging,Fisherman Pendant Light Hanging,LIGHT_FIXTURE | Pendant Lighting | Pendant_Lamp_Lights | Vintage_Lamp_Lights,24.89,0.00,AMBIGUOUS,,,
Ledsone,166882192347,WSFTBM,,,Indoor Wall Lights | LIGHT_FIXTURE | Wall Lights | Wall lights,24.87,0.00,AMBIGUOUS,,,
Sunsone,314652309209,SPSDP2BM,sku not assigneds,sku not assigneds,"Cable Hook | Cable Hooks | LIGHT_FIXTURE | Lamp shades, holders & accessories | Light_Hook | PICTURE_HANGER | STORAGE_HOOK",24.87,0.00,AMBIGUOUS,,,
Electricalsone,265660312617,CRFF100BM+WSLS155YB+SCRN70BM+LSOL180BM,Wall Light Lamp Fitting Fixture,Wall Light Lamp Fitting Fixture,LIGHT_FIXTURE,24.29,0.00,AMBIGUOUS,,,
Huttenlampen,395315929607,,,,,24.22,0.00,AMBIGUOUS,,,
Electricalsone,265660306899,CO1210ACL,12 Way Connector,12 Way Connector,12 way connectors | Connector | Connectors & junction boxes | Junction Boxes & Connectors | TERMINAL_BLOCK,24.15,0.00,AMBIGUOUS,,,
ledsone de,405949308288,CRSF100BM+LHNSE27BM+SCRN70YB+LSMS320GY,sku not assigneds,sku not assigneds,Ceiling Flush Lights | Ceiling lights | Deckenleuchten | LIGHT_FIXTURE | PRODUCT,24.08,0.00,AMBIGUOUS,,,
Sunsone,316700365557,CRSF100RR+PLOTRR+WCBNRR+LDMT130E274,Wasserrohr Hängelampe Pendelleuchte Retro Rohr,Wasserrohr Hängelampe Pendelleuchte Retro Rohr,,23.98,0.00,AMBIGUOUS,,,
Ledsone,165663674508,PLTTRR+LSDO210RR,Rustic Red Table Lamp,Rustic Red Table Lamp,LAMP | Table & bedside lamps | Table Lamp Lighting | Table Lighting,23.89,0.00,AMBIGUOUS,,,
Ledsone,166299490605,CRSF100HBM+TPWDWO+PHNW1RBM+PSDS2BPB,Wood Wall Sconce,Wood Wall Sconce,LIGHT_FIXTURE | Wall Light | Wall lights,23.88,0.00,AMBIGUOUS,,,
Huttenlampen,395062621998,PHSF1PBR20WH+LSWE315BM+ICST64E27-IDE,sku not assigneds,sku not assigneds,Pendelleuchten,23.76,0.00,AMBIGUOUS,,,
ledsone uk de,167808755408,LHCCE27BL+CGMLBM,,,"Ceramic_Holders | Downlight Lampholders | Lamp Holders | Lamp shades, holders & accessories | Lamp_Holder | Lampenfassungen Metall | Lighting Parts | light holder",23.60,0.00,AMBIGUOUS,,,
Ledsone,163311232011,CRSF108BM,,,"Ceiling Rose | Ceiling Roses | Ceiling_rose | LED_Lights | LIGHT_BULB_SOCKET | LIGHT_FIXTURE | Lamp shades, holders & accessories | Lamp_Holder | Lampshades & Lightshades | PRODUCT | Single_Outlet_Ceiling_Rose | Wall Light | cage light | home-applications | mail bag",23.56,0.00,AMBIGUOUS,,,
Ledsone,164914116662,IMBLCPK,SMD Module,SMD Module,Injection_Module | LED Module | LED strips & modules,23.38,0.00,AMBIGUOUS,,,
Ledsone,166895328122,CRSF100HBM+PSDS2RBM+WSCH135BM+LSDO210BM,21cm Black Dome Wall lamp,21cm Black Dome Wall lamp,LIGHT_FIXTURE | Wall Light | Wall lights,22.88,0.00,AMBIGUOUS,,,
Huttenlampen,395386886223,LSOL180BB-IDE,,,,22.78,0.00,AMBIGUOUS,,,
Ledsone,163606153752,CRSFDUMMYSKU,Threat Holder 3 colour,Threat Holder 3 colour,"Downlight Lampholders | LAMP | LED_Lights | LIGHT_BULB_SOCKET | Lamp Holder | Lamp Holders | Lamp shades, holders & accessories | Lamp_Holder | Lampshades & Lightshades | Wall Light | cage light | home-applications | mail bag",22.77,0.00,AMBIGUOUS,,,
ledsone uk de,166941367010,LHSHE27BA,sku not assigned,sku not assigned,"Downlight Lampholders | LAMP | LIGHT_BULB_SOCKET | Lamp Holder | Lamp Holders | Lamp shades, holders & accessories | Lamp_Holder",22.55,0.00,AMBIGUOUS,,,
Sunsone,316699425241,WJB2-IDE,Junction box,Junction box,Andere | Connector | Connectors & junction boxes | ELECTRICAL_HOUSING | Electronics Component Connectors | Junction Box | Junction Boxes & Connectors | Weatherproof Junction Boxes,22.13,0.00,AMBIGUOUS,,,
Ledsone,166992701793,,,,,22.00,0.00,AMBIGUOUS,,,
Ledsone,164113957179,CRSF100BM+PHTT1PBR1BM+ICST64E27,Cluster light set,Cluster light set,Pendant Lighting,21.99,0.00,AMBIGUOUS,,,
Ledsone,164653477195,CRSF100BL+PHCH1PWRSBL+LSCY290BL,Curvy pendant lights,Curvy pendant lights,Ceiling Pendant Lights | LIGHT_FIXTURE | Lighting Fixtures | Pendant Lighting | Pendant lighting | Pendelleuchten,21.89,0.00,AMBIGUOUS,,,
Ledsone,165587678306,PSOS5TBRGB,PSOS5TBRGB _Kit,PSOS5TBRGB _Kit,Pendant Lighting,21.89,0.00,AMBIGUOUS,,,
Ledsone,165818964753,CRSF100HBM+WSLS155YB+PSDS2BPB+WCMSBM,,Modern Industrial Vintage Retro Rustic Sconce Wall Light Lamp Fitting Fixture UK,LIGHT_FIXTURE | Wall Light,21.89,0.00,AMBIGUOUS,,,
Electricalsone,266395345896,TPHTTF2PBRBM+WCDSBM,,,LAMP | Table & bedside lamps | Table Lighting | Table Lights (Mains-Powered) | Vintage_Lamp_Lights,21.89,0.00,AMBIGUOUS,,,
ledsone de,405328319908,CRSF100BM+PHCH1BMRBM+SCRN70BM+LSTF40BM-IDE,22cm Flat Pendant,22cm Flat Pendant,Hängelampen,21.89,0.00,AMBIGUOUS,,,
Huttenlampen,394964274592,CRSF100BM+PHHT1PBRBM+LSHQ150BM+ICST64E27-IDE,sku not assigneds,sku not assigneds,Pendant Lighting | Pendelleuchte,21.66,0.00,AMBIGUOUS,,,
ledsone uk de,164790232818,CRSF100BM+PHCH1BMRBM+LSFT220BI,22cm Cone Pendant,22cm Cone Pendant,Hängelampen | LIGHT_FIXTURE | Pendant_Lamp_Lights | Pendelleuchten,21.58,0.00,AMBIGUOUS,,,
ledsone uk de,165236132424,CRFF108BM+WSSS70BM+SCRN70BM,Wall Loft Retro Lamp Light,Wall Loft Retro Lamp Light,LIGHT_FIXTURE | Wall Light | Wall Lighting | Wall Mount Sconces | Wall lights,21.20,0.00,AMBIGUOUS,,,
Electricalsone,265807523660,PHDH1HETHE+ICST64E272PK,CRFF100BM+PHCH1BMRBM+WCDCBM,CRFF100BM+PHCH1BMRBM+WCDCBM,Ceiling Lights & Chandeliers | Ceiling Pendant Lights | LIGHT_FIXTURE | Pendant_Lamp_Lights | Pendelhalter | Pendelleuchten,21.00,0.00,AMBIGUOUS,,,
Electricalsone,266166358456,WCB4BB+RPR44WH,,,"Cages | Easy_Fit_Lamp_Shades | LAMPSHADE | LIGHT_FIXTURE | Lamp Shade | Lamp shades, holders & accessories | Lampshade | Light Shades | Wire Cage",20.94,0.00,AMBIGUOUS,,,
Ledsone,167670911904,CRSF108FG2PK+WSAT105FG2PK,Wall sconce holder set,Wall sconce holder set,Wall Lighting | Wall lights,20.89,0.00,AMBIGUOUS,,,
ledsone de,405348565633,,,,,20.88,0.00,AMBIGUOUS,,,
Huttenlampen,394850798747,,,,,20.75,0.00,AMBIGUOUS,,,
Electricalsone,265823697424,PLTEBC,Pipe Light Steampunk Desk Table Lamp Light,Pipe Light Steampunk Desk Table Lamp Light,LAMP | Pipe_Lamp_Lighting | Table & bedside lamps | Table Lamp | Table Lighting,20.59,0.00,AMBIGUOUS,,,
Huttenlampen,394784618800,ENC48-IDE,sku not assigneds,sku not assigneds,Hängelampen | LIGHT_FIXTURE | Pendant Lighting | Pendant_Lamp_Lights | Pendelleuchte | pendant lights,20.52,0.00,AMBIGUOUS,,,
Electricalsone,267132965517,CRSF100BM+PHUP1PBRBM+LSH3325HE,sku not assigneds,sku not assigneds,Ceiling Pendant Lights | Ceiling_Lamp_Lights | Hemp Rope Pendant Light | Hängelampen | LIGHT_FIXTURE | Pendant Light | Pendant Lighting | Pendant lighting | Pendant_Lamp_Lights | Pendelleuchte | Pendelleuchten | pendant lights,20.49,0.00,AMBIGUOUS,,,
Sunsone,314169932307,CRSF100BM+LHNSE27YB+SCRN70BM+LSFT220GS,Vintage Ceiling Light Retro Industrial,Vintage Ceiling Light Retro Industrial,Ceiling Flush Lights | Ceiling Lights | Ceiling Lights & Chandeliers | LIGHT_FIXTURE,19.89,0.00,AMBIGUOUS,,,
ledsone de,405328533722,PLHABC+ICST64E27,Wasserrohr-Industrielampe,Wasserrohr-Industrielampe,LIGHT_FIXTURE | Pipe Light | Wall Light | Wandleuchten,19.89,0.00,AMBIGUOUS,,,
Ledsone,166903834118,ENC863,B22 Lighting Kit,B22 Lighting Kit,LAMP | PRODUCT | Table & bedside lamps,19.88,0.00,AMBIGUOUS,,,
ledsone uk de,164012695391,LHC1E27WH-IDE,Keramikfassung,Keramikfassung,Lampenfassung | Lampenfassung Keramik,19.82,0.00,AMBIGUOUS,,,
Ledsone,163701571679,ENC1933,,Vintage Retro Industrial Flush Mount Farmhouse Rustic Ceiling Light E27 Holder,Ceiling Flush Mount Light | Ceiling Lights | LIGHT_FIXTURE,19.80,0.00,AMBIGUOUS,,,
Electricalsone,266022759154,CRFF100BM+LHLFE27BM+WCDTBM,Celling light,Celling light,Ceiling Lights | Wall Lights,19.59,0.00,AMBIGUOUS,,,
ledsone uk de,167590546778,,,,,19.53,0.00,AMBIGUOUS,,,
Ledsone,164917056077,PLTYBC+WCBNBC,Cage Table Lamp,Cage Table Lamp,Table & bedside lamps | Table Lamp Lighting | Table Lighting,19.49,0.00,AMBIGUOUS,,,
Ledsone,164935208596,CRSF100BM+LHLFE275BM+WCBNBM,Cage Lights,Cage Lights,Ceiling_Lamp_Lighting | LIGHT_FIXTURE,19.39,0.00,AMBIGUOUS,,,
Ledsone,166920005750,CKTBDBBM,,,Alarm & table clocks | Alarm Clock | CLOCK | Clock | Clocks | Twin Bell Alarm Clock,19.38,0.00,AMBIGUOUS,,,
Electricalsone,265660326882,CRFF140BM+LHLFE27BM+LSSS300BI+ICST64E27-IDE,CRFF140BM+LHLFE27BM+LSSS300-Ceiling Light,CRFF140BM+LHLFE27BM+LSSS300-Ceiling Light,Deckenleuchte | Hängelampen | LIGHT_FIXTURE,19.21,0.00,AMBIGUOUS,,,
Sunsone,317012633924,CRFF100CH+LHNSE27CH+SCRN70BM+LSFT220CH,,,Ceiling Flush Lights | Ceiling Lights | Ceiling lights | Ceiling_Lamp_Lighting | Ceiling_Lamp_Lights | Deckenleuchte | Deckenleuchten | LIGHT_FIXTURE,19.18,0.00,AMBIGUOUS,,,
ledsone uk de,167306173862,12DE2P10A-IDE,DE Power Adapter,DE Power Adapter,Adapter,19.05,0.00,AMBIGUOUS,,,
Electricalsone,267408816295,ENC4838,Cone Pully Lights,Cone Pully Lights,Ceiling Lights & Chandeliers | Ceiling Pendant Lights | HOME | LIGHT_FIXTURE | PRODUCT | Pendant Lighting | Pendant Lights | Spider Lights,18.89,0.00,AMBIGUOUS,,,
Electricalsone,265660326885,CNP1000BM-IDE,Light Chain,Light Chain,Andere,18.82,0.00,AMBIGUOUS,,,
Ledsone,165902689439,CRSF100BM+LHNSE27YB+SCRN70YB+LSFT220BI,Colour Ceiling lights,Colour Ceiling lights,Ceiling Light | Ceiling Lights | Ceiling Lights & Chandeliers | Ceiling Pendant Lights | Ceiling_Lamp_Lights | LIGHT_FIXTURE | PRODUCT,18.79,0.00,AMBIGUOUS,,,
Ledsone,167609987624,CRSF100BM+PHHT2PBRBM+SPUPBM+LSSS300BI,1 Head Spider Pendant Light,1 Head Spider Pendant Light,Ceiling Lights & Chandeliers | Pendelleuchte | Spider Lights,18.79,0.00,AMBIGUOUS,,,
ledsone de,405899375943,CRSF100SN+LHNSE27SN+SCRN70SN+LSOL220SN,sku not assigneds,sku not assigneds,Ceiling Lights | Ceiling lights | Ceiling_Lamp_Lights | Deckenleuchten | LIGHT_FIXTURE,18.55,0.00,AMBIGUOUS,,,
Electricalsone,265660317587,CRSF1202BM-IDE,Multi Outlet Fitting Vintage Industrielampe,Multi Outlet Fitting Vintage Industrielampe,Deckenrosette | LIGHT_FIXTURE | TOOLS,18.54,0.00,AMBIGUOUS,,,
Ledsone,166157272999,ENC5166,3 way ceiling light New,3 way ceiling light New,Ceiling Light | Ceiling Lights | Ceiling Pendant Lights | Flush Mount Ceiling Light | HOME | LIGHT_FIXTURE | Pendant Light | Pendant Lighting,18.49,0.00,AMBIGUOUS,,,
Ledsone,164761552376,CRSF100BM+LHHTE27BM+WCBLBM,Cage Flush light,Cage Flush light,Ceiling Flush Lights | Ceiling lights | Ceiling_Lamp_Lights | Deckenleuchte | Deckenleuchten | LIGHT_FIXTURE,18.19,0.00,AMBIGUOUS,,,
Electricalsone,265660310941,PHSF1BRTCO+LSCY290RR,Pendant Light Vintage Style Light Fitting Metal,Pendant Light Vintage Style Light Fitting Metal,,18.06,0.00,AMBIGUOUS,,,
ledsone uk de,164788538051,CRFF100CH+PHRB1PWRPW+LSDW100WH-IDE,Pendant Lights,Pendant Lights,Ceiling Lights & Chandeliers | Ceiling Pendant Lights | Ceiling_Lamp_Lights | Deckenleuchten | Dekorative Glühbirnen | Hängelampen | LIGHT_FIXTURE | Lampenschirme | Light Bulbs | Pendant Light | Pendant Lighting | Pendant lighting | Pendant_Lamp_Lights | Pendelleuchten | pendant lightss,17.95,0.00,AMBIGUOUS,,,
Ledsone,163851380903,PLBXBM+PLWFBO+SCRN70BM+LSUL220BM,Wall lights Water pipe,Wall lights Water pipe,LIGHT_FIXTURE | Lighting Accessories | Pipe Light | Pipe_Lamp_Lighting | Wall Light | Wall lights | Wall_Lamp_Lights | Wandleuchten | pipe-lighting,17.89,0.00,AMBIGUOUS,,,
Ledsone,167531380282,CKCP38382T1,,,Animal Painting Wall Clock | Art Painting Wall Clock | CLOCK | Clock | Painting Frame Wall Clock | Wall Clock | Wall clocks,17.89,0.00,AMBIGUOUS,,,
Huttenlampen,394129351483,,,,,17.79,0.00,AMBIGUOUS,,,
Sunsone,316699406782,CRSF100BM+PHSH1PBRYB+LSMS320BI+ICST64E27-IDE,Pendelleuchte Vintage Industrielampe Hängeleuchte,Pendelleuchte Vintage Industrielampe Hängeleuchte,Hängelampen,17.65,0.00,AMBIGUOUS,,,
Ledsone,165730487665,CSHOT1,Hair ornaments,Hair ornaments,HAIR_CLIP | HAIR_COMB | Hair accessories,17.56,0.00,AMBIGUOUS,,,
ledsone de,405924105907,COY9BBM,sku not assigneds,sku not assigneds,Andere | Connector | Connectors & junction boxes | Water Proof Junction Box | Waterproof Connector,17.55,0.00,AMBIGUOUS,,,
Ledsone,166054214336,PHSF1PBRYB+LSCY290BB,Brushed Brass pendant light,Brushed Brass pendant light,LIGHT_FIXTURE | Pendant Lighting,17.49,0.00,AMBIGUOUS,,,
Huttenlampen,395324551395,,,,,17.49,0.00,AMBIGUOUS,,,
ledsone uk de,167662555272,CRFF140SN+WSNW170SN+LSMS320BI,,,Indoor Wall Lights | LIGHT_FIXTURE | PRODUCT | Wall Light | Wall Lighting | Wall Lights | Wall_Lamp_Lights | Wall_Lamp_Shades_Lighting | Wandleuchten,17.37,0.00,AMBIGUOUS,,,
Electricalsone,267238101789,CRSF100BM+LHNSE27YB+SCRN70BM+LSFT220GS,Vintage Ceiling Light Retro Industrial,Vintage Ceiling Light Retro Industrial,Ceiling Flush Lights | Ceiling Lights | Ceiling Lights & Chandeliers | LIGHT_FIXTURE,17.36,0.00,AMBIGUOUS,,,
Electricalsone,265660316537,CRSF100CH-IDE,Multi out lassen Deckenverkleidung,Multi out lassen Deckenverkleidung,Deckenrosette | TOOLS,17.31,0.00,AMBIGUOUS,,,
ledsone uk de,164659887091,WJB2-IDE,IP65 Junction Box,IP65 Junction Box,Andere | Electronics Component Connectors,17.29,0.00,AMBIGUOUS,,,
Ledsone,164272664239,WSDM240BM+WCBNBM2PK+LDMT45E2742PK,,Industrial Wall Light Metal Cage Sconce Adjustable Double Head Retro Lamp E27,Wall lights | Wandleuchten | wall sconces,17.00,0.00,AMBIGUOUS,,,
Sunsone,315398542328,LSGF85BL,,,Indoor Wall Lights | LIGHT_FIXTURE | Pendant Lighting | Pendant_Lamp_Lights,16.99,0.00,AMBIGUOUS,,,
Ledsone,163764298952,LHPVE27BM,Backlight Lamp Holder E27,Backlight Lamp Holder E27,"Downlight Lampholders | LIGHT_BULB_SOCKET | Lamp Holders | Lamp shades, holders & accessories | Lamp_Holder | Light Bulbs",16.89,0.00,AMBIGUOUS,,,
Ledsone,164446123420,CRFF108BM+WSHR135BM+LSFT220BM,Mug Holder Swan wall lamp,Mug Holder Swan wall lamp,Wall lights,16.89,0.00,AMBIGUOUS,,,
Ledsone,167565894448,CRSF100BM+WSLS155YB+LSCP150BA,,,LIGHT_FIXTURE | Wall Light | Wall lights | Wandleuchte | Wandleuchten,16.89,0.00,AMBIGUOUS,,,
Ledsone,165142028561,CRFF500BM+PHOP1PBRBM3PK+LSDO210BM3PK,21cm Dome HPT Pendant,21cm Dome HPT Pendant,Ceiling_Lamp_Lights | Pendant Lighting,16.88,0.00,AMBIGUOUS,,,
ledsone uk de,166956182009,PLHABM,Vintage Modern Tap Industrial Rustic,Vintage Modern Tap Industrial Rustic,LIGHT_FIXTURE | Lighting Accessories | Pipe Light | Pipe Lights Parts | Pipe_Lamp_Lighting | Wall Light | Wall lights | Wandleuchten | pipe-lighting,16.84,0.00,AMBIGUOUS,,,
Electricalsone,265660357319,CRSF100BM+WSLS155CO+SCRN70BM+LSFT220BB-IFR,22cm Cone Wall lamps,22cm Cone Wall lamps,,16.83,0.00,AMBIGUOUS,,,
Ledsone,163679979131,CRFF108BM+WSHR135BM+SCRN70BM+LSOL180BB,Cone Wall Sconces black brass,Cone Wall Sconces black brass,Wall Light | Wall lights | Wall_Lamp_Lights | Wall_Lamp_Shades_Lighting | Wandleuchten,16.79,0.00,AMBIGUOUS,,,
Ledsone,163943703012,WCFRBM,Nest cage pendant light,Nest cage pendant light,"Ceiling Lights & Chandeliers | Ceiling Pendant Lights | LIGHT_FIXTURE | Lamp shades, holders & accessories | Pendant Lighting | Wire Cage",16.77,0.00,AMBIGUOUS,,,
Ledsone,163685092981,CRSF100BM+PHCH1BMRBM+LSSS300BM,Barn Slotted Pendant Lights,Barn Slotted Pendant Lights,LIGHT_FIXTURE | Pendant Lighting,16.69,0.00,AMBIGUOUS,,,
Ledsone,163682932168,CRSF100BM+WCSC1BM+ICST64E27,SQUARE TRIANGLE SHAPE PENDANT,SQUARE TRIANGLE SHAPE PENDANT,Pendant Lighting | Pendelleuchte,16.58,0.00,AMBIGUOUS,,,
Huttenlampen,394779845077,LHBPE27BM+CGMLBM,,,"Downlight Lampholders | LIGHT_BULB_SOCKET | Lamp Holders | Lamp shades, holders & accessories | Lamp_Holder | Lampenfassungen Metall | Light Bulbs",16.55,0.00,AMBIGUOUS,,,
Electricalsone,265660326873,CRSF100BM+PHCH1BMRBM+LSCY290BL-IDE,CRSF100BM+PHCH1BMRBM+LSCY290 kurviger Schatten,CRSF100BM+PHCH1BMRBM+LSCY290 kurviger Schatten,Pendelleuchten,16.40,0.00,AMBIGUOUS,,,
Electricalsone,267222103937,CRSF100BM+WSCH135BM+LSDO210BL,Wandlampe Rustikales industrielles Wohnzimmer,Wandlampe Rustikales industrielles Wohnzimmer,LIGHT_FIXTURE | Wall Light | Wall lights | Wandleuchten,16.40,0.00,AMBIGUOUS,,,
Ledsone,165098456161,CO1210ACL,12Way connector,12Way connector,12 way connectors | Connector | Connectors & junction boxes | Junction Boxes & Connectors | TERMINAL_BLOCK,16.38,0.00,AMBIGUOUS,,,
Sunsone,313970196192,CRSF100BM+WSLS155YB+LSDO210BL,Industrial Style Glossy Wall Sconce WallLight Lamp,Industrial Style Glossy Wall Sconce WallLight Lamp,HOME_LIGHTING_ACCESSORY | LIGHT_FIXTURE | PRODUCT | Wall Light | Wall_Lamp_Shades_Lighting | Wandleuchten,16.29,0.00,AMBIGUOUS,,,
Electricalsone,266190308948,WCDCBC+RPR44WH,Contemporary Bird Cage Metal Basket,Contemporary Bird Cage Metal Basket,"Cages | Easy_Fit_Lamp_Shades | LAMPSHADE | LIGHT_FIXTURE | Lamp Shade | Lamp shades | Lamp shades, holders & accessories | Lampshade | Light Shades | Wire Cage | wire cage",16.23,0.00,AMBIGUOUS,,,
ledsone de,405328533756,CBSF100-IDE,Deckenrosette Grundplatte,Deckenrosette Grundplatte,Deckenplatte_Halterung | Deckenrosetten Halterungen,15.99,0.00,AMBIGUOUS,,,
Sunsone,313614825864,CRSF100BM+PHHT1PBRBC+CNT900BM,CS-MGHR,CS-MGHR,LIGHT_FIXTURE | Pendant_Holder,15.89,0.00,AMBIGUOUS,,,
Ledsone,163911185558,CRSF100BM+WSLS155YB+WCBLBM,Tube cage wall light,Tube cage wall light,LIGHT_FIXTURE | Wandleuchte,15.69,0.00,AMBIGUOUS,,,
Sunsone,313501407886,CRSF1202BM+PHCH1BMRBM2PK,E27 Holder pendant Light,E27 Holder pendant Light,Ceiling Lights & Chandeliers,15.43,0.00,AMBIGUOUS,,,
Sunsone,313614826049,CRSF100BM+WSST70BM+WCBNBM,Sconce Lamp Light,Sconce Lamp Light,LIGHT_FIXTURE | Wall Light | Wall Lights | Wall lights,15.27,0.00,AMBIGUOUS,,,
Sunsone,313598579991,LPWZCW5W,5W Round Panel light,5W Round Panel light,Ceiling Lights | LED_Lights | LIGHT_FIXTURE | Panel Light,15.12,0.00,AMBIGUOUS,,,
Electricalsone,265660312608,CL3TBKY,3C-Twist,3C-Twist,,15.00,0.00,AMBIGUOUS,,,
Ledsone,164234143635,PLWPBM,,Industrial Retro Black Iron Water Pipe Wall Light Vintage Lamp,LIGHT_FIXTURE | Pipe Lights Parts | Pipe_Lamp_Lighting | Wall Light | Wall lights,14.97,0.00,AMBIGUOUS,,,
Ledsone,163930070773,ENC58,wheel pendant light,wheel pendant light,Ceiling Lights & Chandeliers | Ceiling Pendant Lights | Ceiling_Lamp_Lights | LIGHT_FIXTURE | Vintage_Lamp_Lights,14.89,0.00,AMBIGUOUS,,,
Ledsone,167544489620,WLWCRO7WBM,,,Indoor Wall Lights | LIGHT_FIXTURE | Wall Light | Wandleuchte,14.89,0.00,AMBIGUOUS,,,
Sunsone,314564292125,CSBE4WLBR,,,APPAREL_BELT | Belts | Belts & wallets,14.89,0.00,AMBIGUOUS,,,
ledsone uk de,165558035419,CRSF100BB-IDE,Deckenbaldachin,Deckenbaldachin,Deckenrosette | HOME_ORGANIZERS_AND_STORAGE,14.82,0.00,AMBIGUOUS,,,
Ledsone,166875928195,SWPLGD,,,ELECTRONIC_SWITCH | Pull chain switch,13.99,0.00,AMBIGUOUS,,,
Ledsone,165877859095,LHPHE27BN,Plain Holder,Plain Holder,"Downlight Lampholders | LAMPSHADE | LIGHT_BULB_SOCKET | Lamp Holders | Lamp shades, holders & accessories | Lamp_Holder",13.98,0.00,AMBIGUOUS,,,
Electricalsone,266263552527,LHAHE27BM,,,"Downlight Lampholders | LAMP | LIGHT_BULB_SOCKET | Lamp Holders | Lamp shades, holders & accessories | Lamp_Holder",13.94,0.00,AMBIGUOUS,,,
Sunsone,317016158017,CRFF100BM+WSLS155YB+LSDO210BG,,,Wall Lighting | Wall lights | Wandleuchten,13.93,0.00,AMBIGUOUS,,,
Ledsone,167653088824,CRFF140BM+PHAH2RBMBM+SPSDP2BM,E27 Holder Pendant light,E27 Holder Pendant light,Ceiling Lights & Chandeliers | Ceiling Pendant Lights | LIGHT_FIXTURE | Pendant Lights,13.89,0.00,AMBIGUOUS,,,
Sunsone,313970190817,LHDHE27BN2PK,LHDHE27-2 Rings Holder,LHDHE27-2 Rings Holder,"LAMP | LAMPSHADE | LIGHT_BULB_SOCKET | Lamp Holder | Lamp shades, holders & accessories",13.78,0.00,AMBIGUOUS,,,
Electricalsone,266301737284,SPSDP1BM3PK,,,"Cable Hook | Cable Hooks | Hooks and Rings | LIGHT_FIXTURE | Lamp shades, holders & accessories | PICTURE_HANGER | STORAGE_HOOK",13.66,0.00,AMBIGUOUS,,,
Electricalsone,265660316499,CRFF105CH-IDE,CRFF105RO+HK10RO-IDE-ISINGLE OUTLET CEILING ROSE,CRFF105RO+HK10RO-IDE-ISINGLE OUTLET CEILING ROSE,Deckenrosette,13.62,0.00,AMBIGUOUS,,,
Electricalsone,266191646003,PHSH1HETYB,E27 Industrial Pendant Retro Vintage,E27 Industrial Pendant Retro Vintage,Ceiling_Lamp_Lights | LIGHT_FIXTURE | Pendant Light | Pendelleuchten | pendant lightss,13.36,0.00,AMBIGUOUS,,,
ledsone uk de,165436031025,PCBI25TP-IDE,,,Andere,13.26,0.00,AMBIGUOUS,,,
Ledsone,167565936547,PCGZFF2PK+PCGZ20TP2PK+PCGZCP2PK,Chandelier hook plate accessories,Chandelier hook plate accessories,STORAGE_HOOK,13.19,0.00,AMBIGUOUS,,,
Ledsone,166595263079,CENU19150BM,,,CABLE_TIE | Cable Tie | Cable Ties | Hardware & fixings | LED_Lights | Lamp_Holder | Lampshades & Lightshades | Plumbing Repair Kits | Releasable Zip Ties | Wall Light | cage light | home-applications | mail bag,12.89,0.00,AMBIGUOUS,,,
Ledsone,164846271255,CRSF1202BM,All colour Multii out let ceiling rose,All colour Multii out let ceiling rose,"Accessory | Ceiling Rose | Ceiling Roses | Ceiling_rose | ELECTRIC_LIGHT | HOME_ORGANIZERS_AND_STORAGE | LAMPSHADE | LIGHT_BULB_SOCKET | LIGHT_FIXTURE | Lamp shades, holders & accessories | Lamps | Lighting Accessories | MOUNT_BRACKET | Multi_Outlet_Ceiling_Rose | Single_Outlet_Ceiling_Rose | TOOLS ",12.78,0.00,AMBIGUOUS,,,
ledsone uk de,165401327957,WCDCBC+RPR44WH,,,"Easy_Fit_Lamp_Shades | LAMPSHADE | Lamp shades, holders & accessories | Lampenschirme | Lampshade | wire cage",12.41,0.00,AMBIGUOUS,,,
Sunsone,314106028341,,,,,11.99,0.00,AMBIGUOUS,,,
Ledsone,163309082713,PHSF1AGRGB+SCRN70BM,Pendant Lamp Holder,Pendant Lamp Holder,Pendant_Holder,11.89,0.00,AMBIGUOUS,,,
Electricalsone,266196611795,CRFF108CH+HK10CH,ceiling rose hook plate,ceiling rose hook plate,"Accessory | BUILDING_MATERIAL | Ceiling Rose | LIGHT_BULB_SOCKET | Lamp shades, holders & accessories | Lighting Accessories | Lighting Parts | PRODUCT | STORAGE_HOOK | Single_Outlet_Ceiling_Rose",11.88,0.00,AMBIGUOUS,,,
Huttenlampen,396395949528,CRSF100BM+WSLS155BM,Wall Sconce E27,Wall Sconce E27,LIGHT_FIXTURE | Wall Light | Wall Lighting | Wall Lights | Wall light | Wall lights | Wall_Lamp_Lights,11.69,0.00,AMBIGUOUS,,,
Ledsone,163197072493,LHSQE27BY,Vintage Lamp Holder,Vintage Lamp Holder,"LIGHT_BULB_SOCKET | Lamp Holders | Lamp shades, holders & accessories | Lamp_Holder | Lighting Accessories",11.56,0.00,AMBIGUOUS,,,
Electricalsone,265668181915,LHCCE27BL+CGMLBM,LHCCE27,LHCCE27,"Ceramic_Holders | Downlight Lampholders | Lamp Holders | Lamp shades, holders & accessories | Lamp_Holder | Lampenfassungen Metall | Lighting Parts | light holder",11.54,0.00,AMBIGUOUS,,,
Huttenlampen,394666119412,CRSF100YE2PK-IDE,sku not assigneds,sku not assigneds,,11.50,0.00,AMBIGUOUS,,,
Huttenlampen,394182414680,LHAHE27BM,E27/ES Fassung-Aluminium,E27/ES Fassung-Aluminium,"Downlight Lampholders | LAMP | LIGHT_BULB_SOCKET | Lamp Holder | Lamp Holders | Lamp shades, holders & accessories | Lamp_Holder | Lampenfassungen Metall",11.38,0.00,AMBIGUOUS,,,
Huttenlampen,395547539623,,,,,11.10,0.00,AMBIGUOUS,,,
Sunsone,315910562009,CRFF100BM+LHNSE27BM,sku not assigneds,sku not assigneds,Ceiling Lights | Ceiling Lights & Chandeliers | LIGHT_FIXTURE | Outdoor Wall Lights without Sensors (Mains-Powered) | Pendant Lighting,10.99,0.00,AMBIGUOUS,,,
Electricalsone,266191637071,PHHR1HETHE,Ceiling Rose Hemp Rope Hanging Pendant,Ceiling Rose Hemp Rope Hanging Pendant,Ceiling Lights & Chandeliers | Ceiling Pendant Lights | LIGHT_FIXTURE | Pendant Lights | Pendant light | Pendant_Lamp_Lights | Pendelleuchten,10.92,0.00,AMBIGUOUS,,,
Ledsone,165627014502,WCDCRR+RPR44WH,Diamond Cage Colour,Diamond Cage Colour,"Cages | Easy_Fit_Lamp_Shades | LAMPSHADE | LIGHT_FIXTURE | Lamp Shade | Lamp shades | Lamp shades, holders & accessories | Lampenschirme | Lampshade | Light Shades | Wire Cage | wire cage",10.89,0.00,AMBIGUOUS,,,
Ledsone,166872810291,APDPSBW,,,APRON | Apron | Aprons,10.89,0.00,AMBIGUOUS,,,
Sunsone,313970190876,HLCH128BM,Pull Handle Black Bird Cage Kitchen Cabinet Vintag,Pull Handle Black Bird Cage Kitchen Cabinet Vintag,Cabinet Handles | Cabinet handles & hinges | HARDWARE_HANDLE | Handles | Pull Handle,10.89,0.00,AMBIGUOUS,,,
Sunsone,315472137580,CKEC03BM,,,CLOCK | Clock | Colourful Number Wall Clock | Painting Cartoon Table Clock | Painting Cartoon Wall Clock | Shabby Chic Wall Clock | Wall Clock | Wall Clocks | Wall clocks,10.89,0.00,AMBIGUOUS,,,
Ledsone,166551046790,CKB29243BM,wall clock,wall clock,CLOCK | Clock | Wall Clock | Wall clocks,10.88,0.00,AMBIGUOUS,,,
Electricalsone,266276261054,LHBBE27BN-IDE,ls lamp holder,ls lamp holder,"Bulb Socket Lamp Holder | Downlight Lampholders | LIGHT_BULB_SOCKET | Lamp Holder | Lamp Holders | Lamp shades, holders & accessories | Lamp_Holder | Lampenfassung | Lampenfassung Keramik | Lampenfassungen | Lampenfassungen Metall",10.71,0.00,AMBIGUOUS,,,
Sunsone,316700275412,CNP1000YB-IDE,CN Chain,CN Chain,Andere,10.13,0.00,AMBIGUOUS,,,
Sunsone,317197327727,,,,,9.99,0.00,AMBIGUOUS,,,
Ledsone,166874282912,LSCO335WH+RPR44WH2PK,sku not assigneds,sku not assigneds,,9.89,0.00,AMBIGUOUS,,,
Electricalsone,266937882921,COI9BBL-IDE,,,Andere,9.87,0.00,AMBIGUOUS,,,
Ledsone,166554263247,CKA12SC343BBM,sku not assigneds,sku not assigneds,CLOCK | Clock | Colorful Wall Clock | Colourful Number Wall Clock | Colourful Wall Clock | Painting Cartoon Table Clock | Painting Cartoon Wall Clock | Shabby Chic Wall Clock | Wall Clock | Wall Clocks | Wall clocks,9.80,0.00,AMBIGUOUS,,,
Electricalsone,265660314739,CRSF100BM,Ceiling Rose Light Fitting,Ceiling Rose Light Fitting,"Ceiling Rose | Ceiling Roses | Ceiling_rose | Deckenrosette | HOME_LIGHTING_ACCESSORY | LIGHT_BULB_SOCKET | LIGHT_FIXTURE | Lamp shades, holders & accessories | Lighting Accessories | Single_Outlet_Ceiling_Rose | TOOLS",9.58,0.00,AMBIGUOUS,,,
Sunsone,317111834260,COI9BBL,SUNSONE jun-box,SUNSONE jun-box,Connector | Connectors & junction boxes | ELECTRICAL_HOUSING | Junction Box | Junction Boxes & Connectors | Water Proof Junction Box,9.46,0.00,AMBIGUOUS,,,
Electricalsone,266197990345,WCDCBC+RPR44WH,Contemporary Bird Cage Metal Basket,Contemporary Bird Cage Metal Basket,"Cages | Easy_Fit_Lamp_Shades | LAMPSHADE | LIGHT_FIXTURE | Lamp Shade | Lamp shades | Lamp shades, holders & accessories | Lampshade | Light Shades | Wire Cage | wire cage",9.10,0.00,AMBIGUOUS,,,
Ledsone,165471464097,CRSF100BM+PHTT1PBR1BM,TS Holder Set,TS Holder Set,Ceiling Light Fixtures | Ceiling Pendant Lights | Ceiling_Lamp_Lights | LIGHT_FIXTURE | Pendant Lamp | Pendant Lighting | Pendant_Holder,8.99,0.00,AMBIGUOUS,,,
ledsone uk de,165443510372,LHCCE27BL+CGMLBM,,,"Ceramic_Holders | Downlight Lampholders | Lamp Holders | Lamp shades, holders & accessories | Lamp_Holder | Lampenfassungen Metall | Lighting Parts | light holder",8.89,0.00,AMBIGUOUS,,,
Electricalsone,266191598333,CRSF100BM+PHHT1PBRBC,E27 New Holder,E27 New Holder,Ceiling Lights & Chandeliers | Ceiling Pendant Lights | LIGHT_FIXTURE | Pendant Lighting | Pendant light | Pendant_Holder | Pendelleuchten,8.89,0.00,AMBIGUOUS,,,
Ledsone,164917382938,WCBNBM,Black Light Cages,Black Light Cages,"Cages | Easy_Fit_Lamp_Shades | LAMPSHADE | LIGHT_FIXTURE | Lamp Shade | Lamp shades, holders & accessories | Lampenschirme | Lampshade | Lampshades & Lightshades | Light Shades | Wire Cage | cage | cage shade | pendant lightss | wire cage",8.88,0.00,AMBIGUOUS,,,
Ledsone,166814131457,WBLP2030WH,sku not assigneds,sku not assigneds,WRITING_BOARD | White Board | Whiteboards & clipboards | home-applications,8.87,0.00,AMBIGUOUS,,,
Sunsone,315232509026,WCVCBC+RPR44WH,Lamp Cage,Lamp Cage,"Cages | Easy_Fit_Lamp_Shades | LAMP | LAMPSHADE | Lamp Shade | Lamp shades, holders & accessories | Lampenschirme | Lampshade | Light Shades | wire cage",8.79,0.00,AMBIGUOUS,,,
Huttenlampen,394418749943,,,,,8.78,0.00,AMBIGUOUS,,,
ledsone uk de,164985524250,CBSF100-IDE,ceiling rose strap bracket,ceiling rose strap bracket,Deckenplatte_Halterung | Deckenrosetten Halterungen,8.74,0.00,AMBIGUOUS,,,
Sunsone,315530823303,CKBYBC,,,Alarm & table clocks | Alarm Clock | Alarm clock | Bicycle Alarm Clock | CLOCK | Clock | Clocks | Trumpet Alarm Clock | Violin Alarm Clock,8.69,0.00,AMBIGUOUS,,,
ledsone uk de,167712962276,LHNSE27BM-IDE,E27 Vintage Lampensockelhalter,E27 Vintage Lampensockelhalter,Lampenfassungen Metall,8.68,0.00,AMBIGUOUS,,,
Ledsone,163126352418,CL3RBW,CL3RRH,CL3RRH,Cable | Cables | Cables & LED drivers | ELECTRONIC_WIRE | Electrical Wires & Cable | LED_Lights | Lamp_Holder | Lampshades & Lightshades | Multi-Core Cables | Textilkabel 3-adrig Gedreht | Vintage_Cables | Wall Light | cable | cage light | home-applications | mail bag,8.67,0.00,AMBIGUOUS,,,
Sunsone,313970190917,CRSF100BM+PHHT1PBRBC,Pendant Lamp Light Fabric,Pendant Lamp Light Fabric,Ceiling Lights & Chandeliers | Ceiling Pendant Lights | LIGHT_FIXTURE | Pendant Lighting | Pendant light | Pendant_Holder | Pendelleuchten,8.31,0.00,AMBIGUOUS,,,
Electricalsone,266279896298,PCBI100TP,Pipe Fitting BLACK Painted STEAM,Pipe Fitting BLACK Painted STEAM,Conduit Lighting | HOSE_PIPE_FITTING | Pipe & conduit fittings | Pipe Accessories | Pipe Fittings & Accessories | pipe Light Pats,7.98,0.00,AMBIGUOUS,,,
Electricalsone,267348871284,12DE2P10A-IDE,,,Adapter,7.77,0.00,AMBIGUOUS,,,
ledsone de,405328533785,CBSF403PK-IDE,Deckenrosette-Bügel,Deckenrosette-Bügel,Deckenplatte_Halterung | Deckenrosetten Halterungen,7.59,0.00,AMBIGUOUS,,,
ledsone uk de,167777171647,CRFF100BM+PHUP1PBRBM,,,Ceiling Lights & Chandeliers | Pendant_Holder,7.55,0.00,AMBIGUOUS,,,
Electricalsone,265660362859,LHSHE27BM-IFR,LHSHE27-Lamp Holders FR,LHSHE27-Lamp Holders FR,,7.08,0.00,AMBIGUOUS,,,
Electricalsone,266190383260,CO1210ACL3PK,3A - 60A 12Way Connector,3A - 60A 12Way Connector,Connector | Connectors & junction boxes | TERMINAL_BLOCK,7.03,0.00,AMBIGUOUS,,,
Sunsone,316883841261,CRSF1202CO,sku not assigneds,sku not assigneds,"Accessory | Ceiling Rose | Ceiling Roses | Ceiling_rose | LIGHT_BULB_SOCKET | LIGHT_FIXTURE | Lamp shades, holders & accessories | Lighting Accessories | Multi_Outlet_Ceiling_Rose | Single_Outlet_Ceiling_Rose | TOOLS",6.91,0.00,AMBIGUOUS,,,
Ledsone,164772034650,CRSF1202SN,Satin Nickel,Satin Nickel,"Ceiling Rose | Ceiling Roses | Ceiling_rose | LED_Lights | LIGHT_BULB_SOCKET | LIGHT_FIXTURE | Lamp shades, holders & accessories | Lamp_Holder | Lampshades & Lightshades | Lighting Accessories | Multi_Outlet_Ceiling_Rose | Single_Outlet_Ceiling_Rose | Wall Light | cage light | home-applications | m",6.89,0.00,AMBIGUOUS,,,
ledsone de,405328319810,CRFF140BC-IDE,Deckenrosette,Deckenrosette,Deckenrosette,6.89,0.00,AMBIGUOUS,,,
ledsone de,405328319897,,,,,6.89,0.00,AMBIGUOUS,,,
ledsone uk de,166971112011,CODL232AGY,"22, 33, 26, 39 connectors","22, 33, 26, 39 connectors",Connector | Connectors & junction boxes | ELECTRONIC_COMPONENT_TERMINAL | Junction Boxes & Connectors | TERMINAL_BLOCK,6.66,0.00,AMBIGUOUS,,,
Ledsone,163922491737,CRFF108BM+HK10BM,Hook Plate for 108mm,Hook Plate for 108mm,"Accessory | BUILDING_MATERIAL | Ceiling Rose | LIGHT_BULB_SOCKET | LIGHT_FIXTURE | Lamp shades, holders & accessories | Lighting Accessories | Lighting Parts | PRODUCT | STORAGE_HOOK | Single_Outlet_Ceiling_Rose",6.59,0.00,AMBIGUOUS,,,
Electricalsone,266002820113,CSHCT5BL,,,HAIR_CLIP | Hair accessories,6.54,0.00,AMBIGUOUS,,,
Ledsone,165074764473,LLRO10W,LED Moisture Proof Lamp,LED Moisture Proof Lamp,Ceiling Lights | Deckenleuchte | LED_Lights | LIGHT_FIXTURE | Panel Light,6.41,0.00,AMBIGUOUS,,,
Electricalsone,266190357625,LHDHE27BN,LHDHE27-2 Rings Holder,LHDHE27-2 Rings Holder,"LAMPSHADE | LIGHT_BULB_SOCKET | Lamp Holder | Lamp Holders | Lamp shades, holders & accessories | Lamp_Holder",6.39,0.00,AMBIGUOUS,,,
Huttenlampen,395360085607,,,,,6.37,0.00,AMBIGUOUS,,,
Electricalsone,265660320120,PCRN100TP,"Rust iron pipe threaded pipe - 3/4"" 2.5cm_20cm","Rust iron pipe threaded pipe - 3/4"" 2.5cm_20cm",Conduit Lighting | HOSE_PIPE_FITTING | Pipe & conduit fittings | Pipe Fittings & Accessories | pipe Light Pats,5.99,0.00,AMBIGUOUS,,,
Ledsone,163528768043,LHC2E27WH,Ceramic Holder Normal,Ceramic Holder Normal,"Ceramic_Holders | Downlight Lampholders | LAMP | LIGHT_BULB_SOCKET | Lamp Holders | Lamp shades, holders & accessories | Lamp_Holder",5.89,0.00,AMBIGUOUS,,,
Electricalsone,266196510796,LHCCE27BL+CGMLBM,LHCCE27- Colour Lamp Holder,LHCCE27- Colour Lamp Holder,"Ceramic_Holders | Downlight Lampholders | Lamp Holders | Lamp shades, holders & accessories | Lamp_Holder | Lampenfassungen Metall | Lighting Parts | light holder",5.89,0.00,AMBIGUOUS,,,
ledsone de,405328319896,CRSF1202BM-IDE,Deckenbaldachin aus Metall,Deckenbaldachin aus Metall,Deckenrosette | LIGHT_FIXTURE | TOOLS,5.89,0.00,AMBIGUOUS,,,
Electricalsone,265660323475,CBSF100-IDE,CBSF Halterung Platte mit Zubehör,CBSF Halterung Platte mit Zubehör,Deckenplatte_Halterung | Deckenrosetten Halterungen,5.88,0.00,AMBIGUOUS,,,
Ledsone,163785430298,HLCH128BM,Black Hanndles,Black Hanndles,Cabinet Handles | Cabinet handles & hinges | Door Knobs & Handles | HARDWARE_HANDLE | Handles | Pull Handle,5.78,0.00,AMBIGUOUS,,,
Ledsone,163702404352,CRSF100BM,100x25mm Ceiling rose,100x25mm Ceiling rose,"Ceiling Rose | Ceiling Roses | Ceiling_rose | Deckenrosette | HOME_LIGHTING_ACCESSORY | LIGHT_BULB_SOCKET | LIGHT_FIXTURE | Lamp shades, holders & accessories | Lighting Accessories | Single_Outlet_Ceiling_Rose | TOOLS",5.68,0.00,AMBIGUOUS,,,
Electricalsone,266203491309,WCDCBC+RPR44WH,Contemporary Bird Cage Metal Basket,Contemporary Bird Cage Metal Basket,"Cages | Easy_Fit_Lamp_Shades | LAMPSHADE | LIGHT_FIXTURE | Lamp Shade | Lamp shades | Lamp shades, holders & accessories | Lampshade | Light Shades | Wire Cage | wire cage",5.41,0.00,AMBIGUOUS,,,
Huttenlampen,394834385080,CNP1000BM2PK-IDE,sku not assigneds,sku not assigneds,,5.20,0.00,AMBIGUOUS,,,
Ledsone,164956220405,LHTTE27BL,Colour Holder,Colour Holder,"Lamp Holder | Lamp Holders | Lamp shades, holders & accessories | Lamp_Holder | Light Bulbs",5.09,0.00,AMBIGUOUS,,,
Ledsone,164509916531,CRSF100BB,Rustic Colour ceiling rose,Rustic Colour ceiling rose,"Ceiling Rose | Ceiling Roses | Ceiling_rose | Deckenrosette | LIGHT_BULB_SOCKET | LIGHT_FIXTURE | Lamp shades, holders & accessories | Lighting Accessories | Single_Outlet_Ceiling_Rose | TOOLS",5.00,0.00,AMBIGUOUS,,,
Electricalsone,264003181832,HLHG120CH3PK,,3 X Soft Close Kitchen Cupboard Cabinet Door Hinges Slow Shut Full overlay 35mm,Cabinet handles & hinges | HARDWARE_HINGE,4.88,0.00,AMBIGUOUS,,,
ledsone uk de,167681894044,LHBPE27BM+CGMLBM,sku not assigneds,sku not assigneds,"Downlight Lampholders | LIGHT_BULB_SOCKET | Lamp Holders | Lamp shades, holders & accessories | Lamp_Holder | Lampenfassungen Metall | Light Bulbs",4.80,0.00,AMBIGUOUS,,,
Electricalsone,266190382929,CRSF1202WH,Ceiling Rose Light Fitting,Ceiling Rose Light Fitting,"Accessory | Ceiling Rose | Ceiling Roses | Ceiling_rose | LIGHT_BULB_SOCKET | LIGHT_FIXTURE | Lamp shades, holders & accessories | Lighting Accessories | Multi_Outlet_Ceiling_Rose | Single_Outlet_Ceiling_Rose",4.79,0.00,AMBIGUOUS,,,
Electricalsone,265660318536,CRFF140BB-IDE,CRFF140 Single Point Ceiling Rose,CRFF140 Single Point Ceiling Rose,Deckenrosette,4.49,0.00,AMBIGUOUS,,,
Sunsone,316995608541,HLSC128BM,Door Handles Bird Cage,Door Handles Bird Cage,Cabinet Handles | Cabinet handles & hinges | HARDWARE_HANDLE | Handles | Pull Handle,2.89,0.00,AMBIGUOUS,,,
Electricalsone,265723431778,CNP1000BM-IDE,CNP1000 Kronleuchter Lichterkette,CNP1000 Kronleuchter Lichterkette,Andere,2.82,0.00,AMBIGUOUS,,,
ledsone de,405328533696,HK10BM-IDE,Haken und Ringe für Deckenrosetten,Haken und Ringe für Deckenrosetten,Deckenhaken,2.59,0.00,AMBIGUOUS,,,
Electricalsone,266196406638,SDP100DC,Sandpapers,Sandpapers,ABRASIVE_WHEELS | Hardware & fixings | Lighting Accessories | Sand_Papers | Sanding Disc,1.21,0.00,AMBIGUOUS,,,
Huttenlampen,394444713965,12IP20100-IDE,AC- DC 5V 12V 24V LED Netzteil Trafo,AC- DC 5V 12V 24V LED Netzteil Trafo,Constant Voltage Transformer | DC 12V Transformer | DC 5V Transformer | ELECTRIC_LIGHT | LED_Transformers | POWER_SUPPLY | Power Supply | Stromwandler | TRANSFORMER | Transformator | Transformatoren & Netzteile | Transformer | Transformers,3521.27,2118.98,LIKELY EXCLUDE,,,
Electricalsone,267073162939,LDMA60B224CW,LED E27 Bulbs,LED E27 Bulbs,B22 Base Bulb B | B22 Base LED Bulb | B22_Base_Bulb | Bulb | Bulb_B22_Base | Bulb_B22_Base B | Bulb_E14_Base | Bulb_E27_Base | Dekorative Glühbirnen | E14_Base_Bulb | E27 Base Bulb B | E27 Bulb | E27_Base_Bulb | Glühbirne B22 | Glühbirne E27 | LED | LED Bulb | LED Bulbs | LED Light Bulb | LED bulbs ,1875.00,1331.57,LIKELY EXCLUDE,,,
Ledsone,163585361443,12IP6710,IP67 LED Driver Power supply Transformer,IP67 LED Driver Power supply Transformer,Cables & LED drivers | Constant Voltage Transformer | DC 5V Transformer | LED_Transformers | TRANSFORMER | Transformatoren & Netzteile | Transformer | Transformer_LED | Transformers | Waterproof Transformers,1297.13,1190.08,LIKELY EXCLUDE,,,
Ledsone,164261730528,12BO100,BLUE AND ORANGE LED DRIVER,BLUE AND ORANGE LED DRIVER,Cables & LED drivers | Constant Voltage Transformer | LED_Transformers | POWER_SUPPLY | TRANSFORMER | Transformer_Constant_Voltage | Transformers,434.77,837.23,LIKELY EXCLUDE,,,
Electricalsone,267121715682,12IP6710,sku not assigneds,sku not assigneds,Cables & LED drivers | Constant Voltage Transformer | DC 12V Transformer | DC 5V Transformer | LED_Transformers | TRANSFORMER | Transformatoren & Netzteile | Transformer | Transformer_LED | Transformers | Waterproof Transformers,1147.05,800.70,LIKELY EXCLUDE,,,
Ledsone,162799417330,12IP20100,Metal LED Driver IP20,Metal LED Driver IP20,Cables & LED drivers | Constant Voltage Transformer | DC 12V Transformer | DC 24V Transformer | DC 5V Transformer | ELECTRIC_LIGHT | LED_Lights | LED_Transformers | Lamp_Holder | Lampshades & Lightshades | POWER_SUPPLY | PRODUCT | Power Supply | SYSTEM_POWER_DEVICE | Switching Power Supply | TRANSFO,317.90,757.17,LIKELY EXCLUDE,,,
Ledsone,162553025729,CRSFDUMMYSKU,Vintage LED Light Bulbs,Vintage LED Light Bulbs,B22_Base_Bulb | Bulb | Bulb_B22_Base B | Bulb_E14_Base | Bulb_E27_Base | Dekorative Glühbirnen | E14_Base_Bulb | E27 Base Bulb B | E27 Bulb | E27_Base_Bulb | Glühbirne E27 | LED | LED Bulb | LED Bulbs | LED Light Bulb | LED bulbs | LED_Bulbs | LED_Lights | LIGHT_BULB | Lamp_Holder | Lampshades & Lig,21.78,712.43,LIKELY EXCLUDE,,,
Electricalsone,266742973079,CL3TAG,,,Cable | Cable Ties | Cables | Cables & LED drivers | ELECTRONIC_WIRE | Electrical Wires & Cable | Flexible Conduit Lengths | HOME | Multi-Core Cables | Textilkabel 3-adrig Gedreht | Vintage Cable | Vintage_3Core_Twisted_Cable | Vintage_Cables | cable,162.00,640.86,LIKELY EXCLUDE,,,
Electricalsone,267068731282,12IP6710,sku not assigneds,sku not assigneds,Cables & LED drivers | Constant Voltage Transformer | DC 5V Transformer | LED_Transformers | TRANSFORMER | Transformatoren & Netzteile | Transformer | Transformer_LED | Transformers | Waterproof Transformers,946.49,562.49,LIKELY EXCLUDE,,,
Huttenlampen,394458014499,12IP6710-IDE,DC12V/24V LED Trafo Transformator,DC12V/24V LED Trafo Transformator,Cables & LED drivers | Constant Voltage Transformer | Dc 12V Transformator | LED_Transformers | TRANSFORMER | Transformatoren & Netzteile | Transformer_LED | Transformers,944.02,560.49,LIKELY EXCLUDE,,,
ledsone de,406134612911,12IP20100,Metal LED Driver IP20,Metal LED Driver IP20,Cables & LED drivers | Constant Voltage Transformer | DC 12V Transformer | DC 24V Transformer | DC 5V Transformer | ELECTRIC_LIGHT | LED_Transformers | POWER_SUPPLY | PRODUCT | Power Supply | SYSTEM_POWER_DEVICE | Switching Power Supply | TRANSFORMER | Transformatoren & Netzteile | Transformer | Tra,361.79,512.48,LIKELY EXCLUDE,,,
Ledsone,162975561793,CL3TAG,CL3TBTAPK,CL3TBTAPK,Cable | Cable Ties | Cables | Cables & LED drivers | ELECTRONIC_WIRE | Electrical Wires & Cable | Flexible Conduit Lengths | Multi-Core Cables | Vintage Cable | Vintage_3Core_Twisted_Cable | Vintage_Cables | cable,31.58,468.58,LIKELY EXCLUDE,,,
ledsone de,405328533678,12IP20100-IDE,DC 5V 12V 24V LED Netzteil Trafo,DC 5V 12V 24V LED Netzteil Trafo,Cables & LED drivers | Constant Voltage Transformer | DC 5V Transformer | LED_Transformers | POWER_SUPPLY | Power Supply | Stromwandler | TRANSFORMER | Transformatoren & Netzteile | Transformer | Transformers,0.00,463.07,LIKELY EXCLUDE,,,
Huttenlampen,394417592862,CCBKNWE12-IDE,Trafo 3W 7W 12W 18W 25W 36W 50W 300mA DE,Trafo 3W 7W 12W 18W 25W 36W 50W 300mA DE,Cables & LED drivers | Constant Voltage Transformer | DC 24V Transformer | Konstantstrom-Transformatoren | Lighting Parts | TRANSFORMER,492.13,462.52,LIKELY EXCLUDE,,,
Sunsone,316699359122,12DE2P10A-IDE,DC12V Netzteil Adapterstecker 2A 3A 5A 6A 8A !0A,DC12V Netzteil Adapterstecker 2A 3A 5A 6A 8A !0A,Adapter,202.06,448.21,LIKELY EXCLUDE,,,
Ledsone,165405860182,CL2TAG5PK,CL2TRW5PK,CL2TRW5PK,Cable | Cables | Cables & LED drivers | ELECTRONIC_WIRE | Electic cable | Electrical Wires & Cable | Light Bulbs (Appliance) | Lighting Parts | Multi-Core Cables | Vintage_3Core_Twisted_Cable | Vintage_Cables | cable,545.90,434.25,LIKELY EXCLUDE,,,
Ledsone,165709660426,PHSF1AGTGB,Fabric Cable pendant set,Fabric Cable pendant set,Ceiling Lights & Chandeliers | Ceiling Pendant Lights | LIGHT_BULB_SOCKET | LIGHT_FIXTURE | Light Shades | Lighting Fixtures | PRODUCT | Pendant Light | Pendant Lighting | Pendant light | Pendant_Holder | Pendant_Lamp_Lights | Pendant_Light | Pendelhalter | Pendelleuchten | Plug In Pendant | pendant,96.23,428.87,LIKELY EXCLUDE,,,
Electricalsone,266200630518,12SIP67100,12SIP67-Slim Transformer,12SIP67-Slim Transformer,Cables & LED drivers | LED_Transformers | Power Supply | TRANSFORMER | Transformatoren & Netzteile | Transformers | Waterproof Transformers,13.30,418.60,LIKELY EXCLUDE,,,
Ledsone,162562112782,12IP20100,Metal LED Driver IP20,Metal LED Driver IP20,Cables & LED drivers | Constant Voltage Transformer | DC 12V Transformer | DC 24V Transformer | DC 5V Transformer | ELECTRIC_LIGHT | LED_Transformers | POWER_SUPPLY | PRODUCT | Power Supply | SYSTEM_POWER_DEVICE | Switching Power Supply | TRANSFORMER | Transformatoren & Netzteile | Transformer | Tra,299.33,408.27,LIKELY EXCLUDE,,,
Ledsone,163964665683,12UK3P10A,UK Power Supply Plug,UK Power Supply Plug,CHARGING_ADAPTER | Cables & LED drivers | Netzteiladapter | PRODUCT | Power_Supply_Adapter | Transformers,363.38,382.23,LIKELY EXCLUDE,,,
Ledsone,164725952794,CRFF100BM+PHUP1PBRBM,,,Ceiling Lights & Chandeliers | LIGHT_BULB_SOCKET | LIGHT_FIXTURE | LIGHT_SOURCE | Pendant Lighting | Pendant_Holder | Pendant_Lamp_Lights,741.54,367.16,LIKELY EXCLUDE,,,
Huttenlampen,394441845203,12BO100-IDE,18/28/48/72/100 W LED Trafo Transformator,18/28/48/72/100 W LED Trafo Transformator,Cables & LED drivers | TRANSFORMER | Transformatoren & Netzteile,1355.10,363.71,LIKELY EXCLUDE,,,
Sunsone,313614826178,CL2TBL5PK,Fabric Cable,Fabric Cable,Cable | Cables | Cables & LED drivers | ELECTRONIC_WIRE | Electic cable | Electrical Wires & Cable | Light Bulbs (Appliance) | Multi-Core Cables | Vintage_3Core_Twisted_Cable | Vintage_Cables | cable,0.00,350.61,LIKELY EXCLUDE,,,
Huttenlampen,397695063556,12IP20100-IDE,LED Driver IP20,LED Driver IP20,Constant Voltage Transformer | DC 5V Transformer | LED_Transformers | POWER_SUPPLY | Power Supply | Stromwandler | TRANSFORMER | Transformator | Transformatoren & Netzteile,0.00,348.69,LIKELY EXCLUDE,,,
Ledsone,161782384942,12UK3P1A,5A 3Pin UK Adapter,5A 3Pin UK Adapter,CHARGING_ADAPTER | Cables & LED drivers | Connectors & junction boxes | Netzteiladapter | Other Surveillance Parts & Accessories | Power_Supply_Adapter | Transformers,1195.47,332.93,LIKELY EXCLUDE,,,
ledsone uk de,164496630596,12IP20100-IDE,LED Driver IP20,LED Driver IP20,Constant Voltage Transformer | DC 5V Transformer | LED_Transformers | POWER_SUPPLY | Power Supply | Stromwandler | TRANSFORMER | Transformator | Transformatoren & Netzteile,679.83,294.65,LIKELY EXCLUDE,,,
Ledsone,166839718006,12IP20100,,,Cables & LED drivers | Constant Voltage Transformer | DC 12V Transformer | DC 24V Transformer | DC 5V Transformer | ELECTRIC_LIGHT | LED_Transformers | POWER_SUPPLY | PRODUCT | Power Supply | SYSTEM_POWER_DEVICE | Switching Power Supply | TRANSFORMER | Transformatoren & Netzteile | Transformer | Tra,7.93,258.27,LIKELY EXCLUDE,,,
ledsone uk de,163956259736,12IP6710-IDE,Water proof IP67 LED Driver,Water proof IP67 LED Driver,Cables & LED drivers | Constant Voltage Transformer | Dc 12V Transformator | LED_Transformers | TRANSFORMER | Transformatoren & Netzteile | Transformer_LED | Transformers,72.57,253.75,LIKELY EXCLUDE,,,
Ledsone,163008902707,12IP6710,12V Waterproof IP67 Small LED Driver,12V Waterproof IP67 Small LED Driver,Cables & LED drivers | Constant Voltage Transformer | LED_Transformers | TRANSFORMER | Transformer | Transformers | Waterproof Transformers,552.68,252.74,LIKELY EXCLUDE,,,
ledsone de,405328319903,LDMA60E274-IDE,,,Bulb | Bulb_B22_Base B | Bulb_E27_Base | Dekorative Glühbirnen | E27 Base Bulb B | E27 Bulb | E27_Base_Bulb | Glühbirne E27 | LED | LED Bulb | LED Glühbirnen | LED Light Bulb | LED bulbs | LED_Bulbs | LIGHT_BULB | Light Bulbs | Light Bulbs (General-Purpose) | PRODUCT,763.79,251.12,LIKELY EXCLUDE,,,
Electricalsone,267213906251,CCBKNWE12,sku not assigneds,sku not assigneds,Cables & LED drivers | Constant Current Transformer | Constant Voltage Transformer | Konstantstrom-Transformatoren | LED_Transformers | Lighting Parts | STRING_LIGHT | TRANSFORMER | Transformer | Transformers,29.20,250.12,LIKELY EXCLUDE,,,
Ledsone,165094836684,CRSFDUMMYSKU,E27 Bulb Holder,E27 Bulb Holder,"Downlight Lampholders | LAMP | LED_Lights | LIGHT_BULB_SOCKET | Lamp Holder | Lamp Holders | Lamp shades, holders & accessories | Lamp_Holder | Lampenfassungen Metall | Lampshades & Lightshades | Wall Light | cage light | home-applications | mail bag",181.50,247.05,LIKELY EXCLUDE,,,
ledsone de,407138554685,12IP20400,,,Cables & LED drivers | Constant Voltage Transformer | DC 12V Transformer | DC 5V Transformer | LED_Transformers | POWER_SUPPLY | PRODUCT | Power Supply | TRANSFORMER | Transformatoren & Netzteile | Transformer | Transformers,0.00,239.92,LIKELY EXCLUDE,,,
Sunsone,317044593962,12IP6710,,,Cables & LED drivers | Constant Voltage Transformer | DC 5V Transformer | LED_Transformers | TRANSFORMER | Transformatoren & Netzteile | Transformer | Transformer_LED | Transformers | Waterproof Transformers,183.40,236.82,LIKELY EXCLUDE,,,
Ledsone,162276028284,12IP6710,sku not assigneds,sku not assigneds,Cables & LED drivers | Constant Voltage Transformer | LED_Transformers | Power Supply | TRANSFORMER | Transformatoren & Netzteile | Transformer_LED | Transformers | Waterproof Transformers,441.88,229.86,LIKELY EXCLUDE,,,
Ledsone,165201467647,12IP20100,12V IP20 Drivers,12V IP20 Drivers,Cables & LED drivers | Constant Voltage Transformer | DC 12V Transformer | ELECTRIC_LIGHT | LED_Transformers | POWER_SUPPLY | PRODUCT | Power Supply | SYSTEM_POWER_DEVICE | TRANSFORMER | Transformatoren & Netzteile | Transformer | Transformer_LED | Transformers,163.01,220.42,LIKELY EXCLUDE,,,
ledsone de,405328319937,12DE2P10A,DC12V Netzteil 2A/5A/10A 3Pin AC-DC,DC12V Netzteil 2A/5A/10A 3Pin AC-DC,Adapters | CHARGING_ADAPTER,0.00,218.83,LIKELY EXCLUDE,,,
Electricalsone,266190312605,CL2TBL5PK,2/3 Core Twisted Cable,2/3 Core Twisted Cable,Cable | Cable Ties | Cables | Cables & LED drivers | ELECTRONIC_WIRE | Electrical Wires & Cable | Flexible Conduit Lengths | Light Bulbs (Appliance) | Multi-Core Cables | THREAD_CORD | Vintage Cable | Vintage_3Core_Twisted_Cable | Vintage_Cables | cable,160.24,216.13,LIKELY EXCLUDE,,,
Ledsone,165397658552,CRSF100BM+CL3TBM+LHSHE27BA,Short Holder Manual Pendant,Short Holder Manual Pendant,Ceiling Rose | Ceiling Rose/ Bulb Holder/ Fibric Cable | LIGHT_BULB_SOCKET | Lamp Holders,449.28,209.31,LIKELY EXCLUDE,,,
ledsone uk de,167759627127,12IP6710,IP67 LED Driver Power supply Transformer,IP67 LED Driver Power supply Transformer,Cables & LED drivers | Constant Voltage Transformer | DC 5V Transformer | LED_Transformers | TRANSFORMER | Transformatoren & Netzteile | Transformer | Transformer_LED | Transformers | Waterproof Transformers,38.32,204.52,LIKELY EXCLUDE,,,
ledsone de,405527005632,12IP20100,sku not assigneds,sku not assigneds,Cables & LED drivers | Constant Voltage Transformer | DC 12V Transformer | ELECTRIC_LIGHT | LED_Transformers | POWER_SUPPLY | PRODUCT | Power Supply | SYSTEM_POWER_DEVICE | TRANSFORMER | Transformatoren & Netzteile | Transformer | Transformer_LED | Transformers,49.49,197.05,LIKELY EXCLUDE,,,
ledsone uk de,164933404983,12IP20100-IDE,IP20 LED Transformer,IP20 LED Transformer,Constant Voltage Transformer | DC 24V Transformer | DC 5V Transformer | LED_Transformers | POWER_SUPPLY | Power Supply | Stromwandler | TOOLS | TRANSFORMER | Transformator | Transformatoren & Netzteile | Transformer_IP20_Constant_Voltage,455.43,179.32,LIKELY EXCLUDE,,,
Huttenlampen,394418832707,12IP20100-IDE,DC12V LED 3-720 Netzteil Trafo,DC12V LED 3-720 Netzteil Trafo,POWER_SUPPLY | TRANSFORMER | Transformator | Transformatoren & Netzteile,72.08,177.05,LIKELY EXCLUDE,,,
Ledsone,167943417300,CL2RAG,CL2RRO5PK,CL2RRO5PK,2_Core_Round_Cable | Cable | Cables | Cables & LED drivers | ELECTRONIC_WIRE | Electric round cable | Electrical Wires & Cable | Multi-Core Cables | Textilkabel 2-adrig Rund | Vintage_2Core_Round_Cable | Vintage_Cables | cable | cables,0.00,167.90,LIKELY EXCLUDE,,,
ledsone de,405328533638,LDMG125E278-IDE,,,Bulb | Dekorative Glühbirnen | E27_Base_Bulb | LED Bulbs | LED Glühbirnen | LED bulbs | LED_Bulbs | LIGHT_BULB | Light Bulbs | Light Bulbs (General-Purpose),54.81,167.11,LIKELY EXCLUDE,,,
Ledsone,164925289077,LDMG125B228,Vintage LED Light Bulbs,Vintage LED Light Bulbs,B22 Base Bulb B | B22 Base LED Bulb | B22_Base_Bulb | Bulb | Bulb_B22_Base | Bulb_B22_Base B | Bulb_E27_Base | Dekorative Glühbirnen | E27 Base Bulb B | E27 Bulb | E27_Base_Bulb | Glühbirne B22 | Glühbirne E27 | LED | LED Bulb | LED Bulbs | LED Light Bulb | LED bulbs | LED_Bulbs | LIGHT_BULB | Light,235.66,162.04,LIKELY EXCLUDE,,,
Ledsone,163181575288,HRE2738BM2PK,E27/E14 Light Bulb Bakelite Holder,E27/E14 Light Bulb Bakelite Holder,"LAMPSHADE | LIGHT_BULB_SOCKET | Lamp Holder | Lamp Holders | Lamp shades, holders & accessories | Lamp_Holder | Light Fittings | Lighting Fixtures",0.00,158.69,LIKELY EXCLUDE,,,
Ledsone,164080607921,LDMST64E2746PK,Vintage dimmable led st64,Vintage dimmable led st64,Bulb | Bulb_E27_Base | E27 Base Bulb B | LED | LED Bulb | LED Bulbs | LED bulbs | LED_Bulbs | LIGHT_BULB | Light Bulbs (General-Purpose),0.00,158.13,LIKELY EXCLUDE,,,
Electricalsone,264858274643,CL2RHE2PK-IDE,2/3 core Hemp Silk Braided,2/3 core Hemp Silk Braided,Textilkabel 2-adrig Rund | Textilkabel 3-adrig Gedreht | cable,215.81,152.80,LIKELY EXCLUDE,,,
Ledsone,164942250673,CL2RAG,CL3RLG,CL3RLG,2_Core_Round_Cable | Cable | Cable Ties | Cables | Cables & LED drivers | ELECTRONIC_WIRE | Electic cable | Electric round cable | Electrical Wires & Cable | Lighting Parts | Multi-Core Cables | Textilkabel 2-adrig Rund | Textilkabel 3-adrig Gedreht | Twisted Vintage fabric Cable | Vintage Cable | V,162.91,152.77,LIKELY EXCLUDE,,,
ledsone uk de,163935836148,12IP20100-IDE,12V LED Drivers de,12V LED Drivers de,DC 5V Transformer | POWER_SUPPLY | Stromwandler | TRANSFORMER | Transformator | Transformatoren & Netzteile,57.44,150.04,LIKELY EXCLUDE,,,
ledsone uk de,164725781515,12IP6710-IDE,IP67 LED Driver Power supply Transformer,IP67 LED Driver Power supply Transformer,Cables & LED drivers | Constant Voltage Transformer | Dc 12V Transformator | Gleichstrom-Netzteile | LED_Transformers | TRANSFORMER | Transformatoren & Netzteile | Transformers,1317.21,149.55,LIKELY EXCLUDE,,,
Electricalsone,266957628295,LDMST64E274,,,Bulb | Bulb_E27_Base | Dekorative Glühbirnen | E27 Base Bulb B | E27_Base_Bulb | Glühbirne E27 | LED | LED Bulb | LED Bulbs | LED Light Bulb | LED bulbs | LED_Bulbs | LIGHT_BULB | Light Bulbs (Appliance) | Light Bulbs (General-Purpose),51.07,148.63,LIKELY EXCLUDE,,,
Ledsone,164636015985,12IP20100,Non Water proof LED Transformer,Non Water proof LED Transformer,Cables & LED drivers | Constant Voltage Transformer | DC 12V Transformer | DC 24V Transformer | DC 5V Transformer | ELECTRIC_LIGHT | LED_Lights | LED_Transformers | Lamp_Holder | Lampshades & Lightshades | POWER_SUPPLY | PRODUCT | Power Supply | SYSTEM_POWER_DEVICE | Switching Power Supply | TRANSFO,384.01,148.43,LIKELY EXCLUDE,,,
ledsone de,406106454704,12IP6710,IP67 LED Driver Power supply Transformer,IP67 LED Driver Power supply Transformer,Cables & LED drivers | Constant Voltage Transformer | DC 5V Transformer | LED_Transformers | TRANSFORMER | Transformatoren & Netzteile | Transformer | Transformer_LED | Transformers | Waterproof Transformers,398.07,143.98,LIKELY EXCLUDE,,,
ledsone de,405328533644,CCBKNWE12-IDE,Trafo 3W 7W 12W 18W 25W 36W 50W,Trafo 3W 7W 12W 18W 25W 36W 50W,Cables & LED drivers | Constant Voltage Transformer | DC 24V Transformer | Konstantstrom-Transformatoren | Lighting Parts | TRANSFORMER,11.47,142.25,LIKELY EXCLUDE,,,
Ledsone,161801433078,ICC35E1460,Vintage Bulbs,Vintage Bulbs,Bulb | Bulb_B22_Base B | Bulb_E14_Base | Bulb_E27_Base | Dekorative Glühbirnen | E14 Base Bulb B | E14_Base_Bulb | E26_Base_Bulb | E27 Base Bulb B | E27 Bulb | E27_Base_Bulb | Glühbirne E27 | Incandescent_Bulb | LED Bulb | LED Bulbs | LED Glühbirnen | LED Light Bulb | LED Light Bulbs | LED bulbs | L,8.89,142.10,LIKELY EXCLUDE,,,
Ledsone,162529601899,LDA60B224WW,LED Filament 2W/4W/6W/8W,LED Filament 2W/4W/6W/8W,B22 Base Bulb | Bulb | Bulb_B22_Base B | Bulb_E14_Base | Bulb_E27_Base | Dekorative Glühbirnen | E14_Base_Bulb | E27 Base Bulb B | E27 Bulb | E27_Base_Bulb | Glühbirne E27 | LED | LED Bulb | LED Bulbs | LED Light Bulb | LED bulbs | LED_Bulbs | LIGHT_BULB | Light Bulbs (Appliance) | Light Bulbs (Gene,4.94,141.18,LIKELY EXCLUDE,,,
Ledsone,165131453892,LDSG125E274,LED Bulbs,LED Bulbs,Bulb | Bulb_E27_Base | Dekorative Glühbirnen | E27 Base Bulb B | E27 Bulb | E27_Base_Bulb | Glühbirne E27 | LED Bulb | LED Bulbs | LED Glühbirnen | LED Light Bulb | LED Light Bulbs | LED bulbs | LED_Bulbs | LIGHT_BULB | Light Bulbs | Light Bulbs (General-Purpose),10.99,140.27,LIKELY EXCLUDE,,,
Ledsone,164492030061,CL2TAG,CL3TLP,CL3TLP,Cable | Cable Ties | Cables | Cables & LED drivers | ELECTRONIC_WIRE | Electic cable | Electrical Wires & Cable | Lighting Parts | Multi-Core Cables | Textilkabel 3-adrig Gedreht | Twisted Vintage fabric Cable | Vintage_3Core_Twisted_Cable | Vintage_Cables | cable,861.57,139.35,LIKELY EXCLUDE,,,
Electricalsone,267580330684,CL2RBMAPK,CL2RAG,CL2RAG,Cable | Cables | Cables & LED drivers | ELECTRONIC_WIRE | Electic cable | Electrical Wires & Cable | Multi-Core Cables | THREAD_CORD | Textilkabel 2-adrig Rund | Vintage Cable | Vintage_Cables | cable,0.00,136.14,LIKELY EXCLUDE,,,
Electricalsone,265683898768,LDMG125E278,E27 E14 LED Vintage Light A+ Filament Decorative,E27 E14 LED Vintage Light A+ Filament Decorative,Bulb | Bulb_B22_Base B | Bulb_E27_Base | Dekorative Glühbirnen | E27 Base Bulb B | E27 Bulb | E27_Base_Bulb | Glühbirne E27 | LED | LED Bulb | LED Bulbs | LED Light Bulb | LED bulbs | LED_Bulbs | LIGHT_BULB | Light Bulbs (Appliance) | Light Bulbs (General-Purpose) | PRODUCT,69.78,135.89,LIKELY EXCLUDE,,,
Ledsone,164004516812,LDA60E274,E27 Light Bulbs,E27 Light Bulbs,B22_Base_Bulb | Bulb | Bulb_B22_Base | Bulb_B22_Base B | Bulb_E14_Base | Bulb_E27_Base | Dekorative Glühbirnen | E14_Base_Bulb | E27 Base Bulb B | E27 Bulb | E27_Base_Bulb | Glühbirne E27 | LED | LED Bulb | LED Bulbs | LED Light Bulb | LED bulbs | LED_Bulbs | LIGHT_BULB | Light Bulbs (Appliance) | L,336.18,132.08,LIKELY EXCLUDE,,,
Ledsone,163816542391,CRSF100BM+LHHTE27BM+WCDCBM,Diamond Cage Wall Ceiling Pendant light,Diamond Cage Wall Ceiling Pendant light,Ceiling Flush Lights | Ceiling Pendant Lights | Ceiling lights | Deckenleuchten | LIGHT_FIXTURE | Pendant Lamp | Wall Lighting | Wall Lights | Wall lights | wire cage pendant light,0.00,126.77,LIKELY EXCLUDE,,,
Ledsone,162949535147,LDMG80B224,E27/B22 4W Edison Retro Filament LED Bulb,E27/B22 4W Edison Retro Filament LED Bulb,B22 Base LED Bulb | B22_Base_Bulb | Bulb | Bulb_B22_Base B | Dekorative Glühbirnen | E27 Base Bulb B | E27_Base_Bulb | LED Bulb | LED Light Bulb | LED bulbs | LED_Bulbs | LIGHT_BULB | Light Bulbs (General-Purpose) | PRODUCT,120.60,126.27,LIKELY EXCLUDE,,,
Ledsone,164267913779,CCBC12,Constant current Transformers,Constant current Transformers,Cables & LED drivers | Constant Current Transformer | Konstantstrom_Transformator | LED_Transformers | TRANSFORMER | Transformatoren & Netzteile | Transformers,0.00,125.60,LIKELY EXCLUDE,,,
Ledsone,162711487073,CL3TBK,CL3RRO,CL3RRO,Cable | Cable Ties | Cables | Cables & LED drivers | ELECTRONIC_WIRE | Electrical Wires & Cable | Multi-Core Cables | Vintage_3Core_Twisted_Cable | Vintage_Cables | cable,0.00,125.58,LIKELY EXCLUDE,,,
Ledsone,163103895742,CRSFDUMMYSKU,Dimmable LED Bulbs,Dimmable LED Bulbs,B22 Base Bulb B | B22 Base LED Bulb | B22_Base_Bulb | Bulb | Bulb_B22_Base | Bulb_B22_Base B | Bulb_E27_Base | Dekorative Glühbirnen | E27 Base Bulb B | E27 Bulb | E27_Base_Bulb | Glühbirne B22 | Glühbirne E27 | LED | LED Bulb | LED Bulbs | LED Light Bulb | LED bulbs | LED_Bulbs | LED_Lights | LIGHT,274.30,124.23,LIKELY EXCLUDE,,,
Sunsone,314148529895,12UK3P10A+CODCCR,UK Power Supply Safety Charger For LED Strip CCTV,UK Power Supply Safety Charger For LED Strip CCTV,Cables & LED drivers | Netzteiladapter | Other Surveillance Parts & Accessories | Power_Supply_Adapter,23.67,121.39,LIKELY EXCLUDE,,,
Ledsone,164266047124,LDMA60B228CW,Dimmable LED Bulbs,Dimmable LED Bulbs,B22 Base Bulb B | B22 Base LED Bulb | B22_Base_Bulb | Bulb | Bulb_B22_Base | Bulb_B22_Base B | Bulb_E27_Base | Dekorative Glühbirnen | E27 Base Bulb B | E27 Bulb | E27_Base_Bulb | Glühbirne B22 | Glühbirne E27 | LED | LED Bulb | LED Light Bulb | LED bulbs | LED_Bulbs | LIGHT_BULB | Light Bulbs | Lig,22.89,120.93,LIKELY EXCLUDE,,,
Ledsone,168220068458,CRSF100BM+PHHR2HETHE+SPSDCSBM,Hemp Rope E27,Hemp Rope E27,Ceiling Lights & Chandeliers | Ceiling Pendant Lights | Hemp_Rope_Lamp_Lighting | LIGHT_BULB_SOCKET | LIGHT_FIXTURE | Lighting Accessories | Pendant Holder | Pendant Lighting | Pendant Lights | Pendant light | Pendant lighting | Pendant_Holder | Pendant_Lamp_Lights | Pendelleuchten | Vintage_Lamp_Li,0.00,119.27,LIKELY EXCLUDE,,,
Sunsone,315562857938,CCGNNSWE48,,48W LED Transformer Driver Power Supply  AC 240V-DC 54- 100V 600mA Power Supply,Cables & LED drivers | Constant Current Transformer | LED_Transformers | Transformers,0.00,118.90,LIKELY EXCLUDE,,,
ledsone uk de,163935831038,12BO100-IDE,12BO Blue and orange drivers,12BO Blue and orange drivers,TRANSFORMER | Transformatoren & Netzteile,43.81,117.12,LIKELY EXCLUDE,,,
Electricalsone,265660312527,PSDS2RBL,3Pin Plug with Switch 3C Cable,3Pin Plug with Switch 3C Cable,3_Core_Round_Cable | LIGHT_BULB_SOCKET | LIGHT_FIXTURE | Lamp Holders | POWER_CORD | POWER_STRIP | Plugin_Lighting,309.20,116.75,LIKELY EXCLUDE,,,
Ledsone,164588867720,LDMC35E144,LDMC35E144Bulbs,LDMC35E144Bulbs,Bulb | Bulb_E14_Base | E14_Base_Bulb | LED Bulb | LED bulbs | LIGHT_BULB,4.89,115.94,LIKELY EXCLUDE,,,
ledsone de,405328319971,CCBC12-IDE,LED Trafo Transformator 3W-36W,LED Trafo Transformator 3W-36W,Konstantstrom_Transformator | TRANSFORMER,0.00,114.76,LIKELY EXCLUDE,,,
Ledsone,164485938840,12IP20100,Metal LED Driver IP20,Metal LED Driver IP20,Cables & LED drivers | Constant Voltage Transformer | DC 12V Transformer | DC 24V Transformer | DC 5V Transformer | ELECTRIC_LIGHT | LED_Lights | LED_Transformers | Lamp_Holder | Lampshades & Lightshades | POWER_SUPPLY | PRODUCT | Power Supply | SYSTEM_POWER_DEVICE | Switching Power Supply | TRANSFO,198.85,112.35,LIKELY EXCLUDE,,,
Electricalsone,266196534830,WCDEBC,Edison Lamp Bulb Cage Bar Cafe Lampshade UK,Edison Lamp Bulb Cage Bar Cafe Lampshade UK,"Easy_Fit_Lamp_Shades | LAMPSHADE | Lamp shades, holders & accessories",0.00,110.28,LIKELY EXCLUDE,,,
Sunsone,315379102143,LDMC35E144,Light Bulbs,Light Bulbs,B22 Base Bulb B | B22 Base LED Bulb | B22_Base_Bulb | Bulb | Bulb_B22_Base | Bulb_B22_Base B | Bulb_E14_Base | Bulb_E27_Base | Dekorative Glühbirnen | E14_Base_Bulb | E27 Base Bulb B | E27 Bulb | E27_Base_Bulb | Glühbirne B22 | Glühbirne E27 | LED | LED Bulb | LED Bulbs | LED Light Bulb | LED bulbs ,526.45,110.26,LIKELY EXCLUDE,,,
Ledsone,164244059825,LHAHE27AM,threaded lamp bulb holder,threaded lamp bulb holder,"Downlight Lampholders | LAMP | LIGHT_BULB_SOCKET | Lamp Holders | Lamp shades, holders & accessories | Lamp_Holder",38.17,109.80,LIKELY EXCLUDE,,,
Electricalsone,266785504818,CL2TBK,,,Cable | Cables | Cables & LED drivers | ELECTRONIC_WIRE | Electrical Wires & Cable | Light Bulbs (Appliance) | Multi-Core Cables | Twisted Vintage fabric Cable | Vintage_Cables | cable,5.59,109.75,LIKELY EXCLUDE,,,
ledsone de,405328533652,24IP20120-IDE,24V IP20-IDE,24V IP20-IDE,TRANSFORMER | Transformatoren & Netzteile,30.23,108.37,LIKELY EXCLUDE,,,
ledsone uk de,167314111861,12IP6710,sku not assigneds,sku not assigneds,Cables & LED drivers | Constant Voltage Transformer | DC 12V Transformer | DC 5V Transformer | LED_Transformers | TRANSFORMER | Transformatoren & Netzteile | Transformer | Transformer_LED | Transformers | Waterproof Transformers,175.52,108.31,LIKELY EXCLUDE,,,
Electricalsone,266190328481,12IP6710,240V DC12V/24V LED,240V DC12V/24V LED,Cables & LED drivers | Constant Voltage Transformer | DC 5V Transformer | LED_Transformers | TRANSFORMER | Transformatoren & Netzteile | Transformer | Transformer_LED | Transformers | Waterproof Transformers,20.58,107.43,LIKELY EXCLUDE,,,
ledsone uk de,165962737321,PLOTBB,Pfeifenlicht,Pfeifenlicht,Ceiling Pendant Lights | LIGHT_BULB_SOCKET | LIGHT_FIXTURE | PRODUCT | Pendant Lighting | Pendelleuchte | Pipe_Lamp_Lighting | pipe-lighting,0.00,101.64,LIKELY EXCLUDE,,,
Ledsone,167943331717,CL3RAG,CL3RRO5PK,CL3RRO5PK,Cable | Cable Ties | Cables | Cables & LED drivers | ELECTRONIC_WIRE | Electrical Wires & Cable | Lighting Parts | Multi-Core Cables | Textilkabel 3-adrig Gedreht | Vintage Cable | Vintage_3Core_Round_Cable | Vintage_Cables | cable,0.00,100.83,LIKELY EXCLUDE,,,
Ledsone,164914367042,12IP20100,IP 20 LED Transformer,IP 20 LED Transformer,Cables & LED drivers | Constant Voltage Transformer | DC 12V Transformer | DC 24V Transformer | DC 5V Transformer | ELECTRIC_LIGHT | LED_Transformers | POWER_SUPPLY | PRODUCT | Power Supply | SYSTEM_POWER_DEVICE | Switching Power Supply | TRANSFORMER | Transformatoren & Netzteile | Transformer | Tra,179.07,100.81,LIKELY EXCLUDE,,,
Ledsone,167943434245,CL3TAG,CL3TBTAPK,CL3TBTAPK,Cable | Cable Ties | Cables | Cables & LED drivers | ELECTRONIC_WIRE | Electrical Wires & Cable | Flexible Conduit Lengths | Multi-Core Cables | Vintage Cable | Vintage_3Core_Twisted_Cable | Vintage_Cables | cable,0.00,100.60,LIKELY EXCLUDE,,,
Ledsone,164018856168,12IP20100,12V IP20 LED Drivers Ver 2,12V IP20 LED Drivers Ver 2,Cables & LED drivers | Constant Voltage Transformer | DC 12V Transformer | ELECTRIC_LIGHT | LED_Transformers | POWER_SUPPLY | PRODUCT | Power Supply | SYSTEM_POWER_DEVICE | TRANSFORMER | Transformatoren & Netzteile | Transformer | Transformer_LED | Transformers,39.05,99.65,LIKELY EXCLUDE,,,
ledsone uk de,163951160272,CCBKNWE12-IDE,Black and White Constant current drivers,Black and White Constant current drivers,DC 24V Transformer | Konstantstrom-Transformatoren | TRANSFORMER,196.12,96.66,LIKELY EXCLUDE,,,
Huttenlampen,394001610332,12DE2P10A-IDE,Transformer,Transformer,Adapter | Connector | Connectors & junction boxes,13.93,95.92,LIKELY EXCLUDE,,,
Ledsone,167922606736,CL2RBK5PK,CL3RBM,CL3RBM,Cable | Cable Ties | Cables | Cables & LED drivers | ELECTRONIC_WIRE | Electic cable | Electrical Wires & Cable | Light Bulbs (Appliance) | Lighting Parts | Multi-Core Cables | Textilkabel 2-adrig Rund | Vintage Cable | Vintage_3Core_Round_Cable | Vintage_3Core_Twisted_Cable | Vintage_Cables | cable,0.00,95.32,LIKELY EXCLUDE,,,
Sunsone,316809248747,CL2TAG,CL3TLP,CL3TLP,Cable | Cable Ties | Cables | Cables & LED drivers | ELECTRONIC_WIRE | Electic cable | Electrical Wires & Cable | Lighting Parts | Multi-Core Cables | Textilkabel 3-adrig Gedreht | Twisted Vintage fabric Cable | Vintage_3Core_Twisted_Cable | Vintage_Cables | cable,97.61,93.47,LIKELY EXCLUDE,,,
Ledsone,163195957947,24IP6710,DC24V Waterproof IP67,DC24V Waterproof IP67,Cables & LED drivers | Constant Voltage Transformer | LED_Transformers | TRANSFORMER | Transformer | Transformers,116.43,93.00,LIKELY EXCLUDE,,,
Ledsone,165476198655,CRSFDUMMYSKU,LED bulbs,LED bulbs,B22 Base Bulb B | B22 Base LED Bulb | B22_Base_Bulb | Bulb | Bulb_B22_Base | Bulb_B22_Base B | Bulb_E27_Base | Dekorative Glühbirnen | E27 Base Bulb B | E27 Bulb | E27_Base_Bulb | Glühbirne B22 | Glühbirne E27 | LED | LED Bulb | LED Bulbs | LED Light Bulb | LED bulbs | LED_Bulbs | LED_Lights | LIGHT,0.00,91.78,LIKELY EXCLUDE,,,
Ledsone,165412703587,CRSFDUMMYSKU,LED Light Bulbs,LED Light Bulbs,B22 Base Bulb B | B22 Base LED Bulb | B22_Base_Bulb | Bulb | Bulb_B22_Base | Bulb_B22_Base B | Bulb_E27_Base | Dekorative Glühbirnen | E27 Base Bulb B | E27 Bulb | E27_Base_Bulb | Glühbirne B22 | Glühbirne E27 | LED | LED Bulb | LED Bulbs | LED Light Bulb | LED bulbs | LED_Bulbs | LED_Lights | LIGHT,173.96,91.52,LIKELY EXCLUDE,,,
Electricalsone,267284134030,CL3RAG5PK,CL3RRO5PK,CL3RRO5PK,Cable | Cable Ties | Cables | Cables & LED drivers | ELECTRONIC_WIRE | Electrical Wires & Cable | Lighting Parts | Multi-Core Cables | Vintage Cable | Vintage_3Core_Round_Cable | Vintage_Cables | cable,0.00,89.92,LIKELY EXCLUDE,,,
Ledsone,164965557680,12IP20480,,DC 12V 480W 40A LED Driver Switching Power Supply Transformer for LED Strip CCTV,Cables & LED drivers | Constant Voltage Transformer | DC 12V Transformer | LED_Transformers | PRODUCT | Power Supply | TRANSFORMER | Transformatoren & Netzteile | Transformer | Transformers,0.00,89.67,LIKELY EXCLUDE,,,
ledsone de,405328319923,12IP20500,DC-12V LED-Stromversorgungstransformator,DC-12V LED-Stromversorgungstransformator,Cables & LED drivers | Constant Voltage Transformer | LED_Transformers | Power Supply | TRANSFORMER | Transformatoren & Netzteile,160.85,88.98,LIKELY EXCLUDE,,,
Sunsone,314111067207,LDSG125E274,Antique Style Edison Vintage LED Soft Light Bulbs,Antique Style Edison Vintage LED Soft Light Bulbs,Bulb | Dekorative Glühbirnen | E27 Base Bulb B | E27 Bulb | E27_Base_Bulb | Glühbirne E27 | LED Bulb | LED Glühbirnen | LED Light Bulb | LED Light Bulbs | LED bulbs | LED_Bulbs | LIGHT_BULB | Light Bulbs | Light Bulbs (General-Purpose),276.14,87.81,LIKELY EXCLUDE,,,
Ledsone,168042902689,CRSF2003BM+LHTMGU10BM3PK+LDGU10CW53PK,3 Way Ceiling SpotLight,3 Way Ceiling SpotLight,Ceiling Lights | Deckenleuchte | LIGHT_FIXTURE | Pendant Lighting,0.00,87.56,LIKELY EXCLUDE,,,
Electricalsone,267213772077,12IP2012,,,Cables & LED drivers | Constant Voltage Transformer | DC 12V Transformer | DC 24V Transformer | DC 5V Transformer | LED_Transformers | POWER_SUPPLY | PRODUCT | Power Supply | SYSTEM_POWER_DEVICE | Switching Power Supply | TRANSFORMER | Transformatoren & Netzteile | Transformer | Transformer_IP20_Con,772.12,86.89,LIKELY EXCLUDE,,,
Electricalsone,266984735032,LDMST64B224,,,B22_Base_Bulb | Bulb | Bulb_B22_Base | Bulb_B22_Base B | LED Bulb | LED Light Bulb | LED bulbs | LED_Bulbs | LIGHT_BULB | Light Bulbs (Appliance) | Light Bulbs (General-Purpose),52.78,81.96,LIKELY EXCLUDE,,,
Huttenlampen,394855686789,12IP20100-IDE,,,Cables & LED drivers | Constant Voltage Transformer | DC 5V Transformer | LED_Transformers | POWER_SUPPLY | Switching Power Supply | TOOLS | TRANSFORMER | Transformator | Transformatoren & Netzteile | Transformer | Transformers,271.73,81.95,LIKELY EXCLUDE,,,
Ledsone,165013201686,CRFF100BM+WSLS155YB+WCVCBM,Vase Cage Pendant light,Vase Cage Pendant light,Ceiling_Lamp_Lights | LIGHT_FIXTURE | Pendant Light | Wall Light | Wall_Lamp_Lights | Wire Cage,0.00,81.95,LIKELY EXCLUDE,,,
Electricalsone,267038390681,CCBKNWE12,,,Cables & LED drivers | Constant Current Transformer | Constant Voltage Transformer | Konstantstrom-Transformatoren | LED_Transformers | Lighting Parts | TRANSFORMER | Transformer | Transformers,115.12,81.75,LIKELY EXCLUDE,,,
Sunsone,313614826007,CRSF100BD,Cable Grip Flex Ceiling,Cable Grip Flex Ceiling,"Ceiling Rose | Ceiling Roses | Ceiling_rose | Deckenrosette | HOME_LIGHTING_ACCESSORY | LIGHT_BULB_SOCKET | LIGHT_FIXTURE | Lamp shades, holders & accessories | Lighting Accessories | Single_Outlet_Ceiling_Rose | TOOLS",14.85,81.44,LIKELY EXCLUDE,,,
Ledsone,165199745268,12UK3P10A,Power Supply,Power Supply,CHARGING_ADAPTER | Cables & LED drivers | Netzteiladapter | PRODUCT | Power_Supply_Adapter | Transformers,0.00,77.85,LIKELY EXCLUDE,,,
Huttenlampen,394704691422,CL2RHE-IDE,,,BRA | ELECTRONIC_WIRE | Textilkabel 2-adrig Rund | Textilkabel 3-adrig Gedreht | cable,214.15,76.26,LIKELY EXCLUDE,,,
ledsone de,405328319851,CL2RHE-IDE,rund und gedreht aus Hanf,rund und gedreht aus Hanf,BRA | ELECTRONIC_WIRE | Textilkabel 2-adrig Rund | Textilkabel 3-adrig Gedreht | cable,46.18,75.37,LIKELY EXCLUDE,,,
Ledsone,163044298685,LDMST64B224,T45/T185/B22/E27 LED Bulb,T45/T185/B22/E27 LED Bulb,B22 Base Bulb B | B22_Base_Bulb | Bulb | Bulb_B22_Base B | Bulb_E27_Base | Dekorative Glühbirnen | E27 Base Bulb B | E27 Bulb | E27_Base_Bulb | Glühbirne B22 | Glühbirne E27 | LED | LED Bulb | LED Light Bulb | LED bulbs | LED_Bulbs | LIGHT_BULB | Light Bulbs (Appliance) | Light Bulbs (General-Purpos,56.99,74.88,LIKELY EXCLUDE,,,
Ledsone,163123475599,PSFW4RBM,,,LIGHT_BULB_SOCKET | LIGHT_FIXTURE | Pendant Lighting,10.70,70.77,LIKELY EXCLUDE,,,
Electricalsone,265660329850,12IP20100-IDE,DC 5V 12V 24V IP20 Transformer,DC 5V 12V 24V IP20 Transformer,DC 5V Transformer | POWER_SUPPLY | TRANSFORMER | Transformatoren & Netzteile,27.52,70.51,LIKELY EXCLUDE,,,
Electricalsone,265660316527,LHAHE27BM-IDE,Metal Vintage Multi Shape &Colour Cap Bulb,Metal Vintage Multi Shape &Colour Cap Bulb,LIGHT_BULB_SOCKET | Lampenfassungen Metall,14.72,70.48,LIKELY EXCLUDE,,,
ledsone de,406739310553,LDMST64E274,,,Bulb | Bulb_E27_Base | Dekorative Glühbirnen | E27 Base Bulb B | E27_Base_Bulb | Glühbirne E27 | LED | LED Bulb | LED Light Bulb | LED bulbs | LED_Bulbs | LIGHT_BULB | Light Bulbs (Appliance) | Light Bulbs (General-Purpose),0.00,70.47,LIKELY EXCLUDE,,,
ledsone de,405328319958,CL2RHE-IDE,Hanfseil 2C/3C,Hanfseil 2C/3C,BRA | ELECTRONIC_WIRE | Textilkabel 2-adrig Rund | Textilkabel 3-adrig Gedreht | cable,37.57,69.70,LIKELY EXCLUDE,,,
Electricalsone,267236102729,LDCWB2212,LED 3W - 25W,LED 3W - 25W,B22 Base Bulb B | Bulb | Bulb B22 Base B | Bulb_B22_Base | Bulb_B22_Base B | Bulb_E27_And_B22_Base | Bulb_E27_Base | E27 Base Bulb B | E27_Base_Bulb | LED | LED Bulb | LED Bulbs | LED bulbs | LED_Bulbs | LIGHT_BULB | Light Bulbs (General-Purpose) | Lighting Fixtures | PRODUCT,44.72,68.63,LIKELY EXCLUDE,,,
Ledsone,161775308827,ICST64B22403PK,ST64 All bulbs,ST64 All bulbs,B22_Base_Bulb | Bulb | Bulb_B22_Base | Bulb_B22_Base B | Bulb_E27_Base | E27 Base Bulb B | Glühbirne E27 | Incandescent_Bulb | LED | LED Bulb | LED bulbs | LED_Bulbs | LIGHT_BULB | Light Bulbs (General-Purpose),0.00,67.93,LIKELY EXCLUDE,,,
Ledsone,167799100528,LDCWT75B2212,II-SZ0Q-LANM,II-SZ0Q-LANM,LED Bulbs | LED bulbs | LIGHT_BULB | Light Bulbs (General-Purpose),0.00,67.88,LIKELY EXCLUDE,,,
Sunsone,313722975439,LDMST64E274,Antique Style Edison Vintage LED Soft Light Bulbs,Antique Style Edison Vintage LED Soft Light Bulbs,Bulb | Bulb_E27_Base | Dekorative Glühbirnen | E27 Bulb | E27_Base_Bulb | Glühbirne E27 | LED | LED Bulb | LED Bulbs | LED Glühbirnen | LED Light Bulb | LED Light Bulbs | LED bulbs | LED_Bulbs | LIGHT_BULB | Light Bulbs | Light Bulbs (Appliance) | Light Bulbs (General-Purpose),84.41,65.95,LIKELY EXCLUDE,,,
ledsone de,406775410425,LDMA60B224CW-IDE,sku not assigneds,sku not assigneds,B22_Base_Bulb | Bulb | Bulb_B22_Base | Bulb_E27_Base | Dekorative Glühbirnen | E27 Base Bulb B | E27_Base_Bulb | Glühbirne E14 | Glühbirne E27 | LED | LED Bulb | LED Glühbirnen | LED bulbs | LED_Bulbs | LIGHT_BULB | Light Bulbs | Light Bulbs (General-Purpose) | PRODUCT,0.00,65.57,LIKELY EXCLUDE,,,
Ledsone,168361239368,12MIP20152PK,,2 Pack Small Universal Regulated Switching Power Supply Transformer Driver,Cables & LED drivers,0.00,65.44,LIKELY EXCLUDE,,,
Electricalsone,266190383294,LDMA60E274WW,Vintage LED Bulbs E27/B22,Vintage LED Bulbs E27/B22,B22 Base LED Bulb | B22_Base_Bulb | Bulb | Bulb_B22_Base | Bulb_B22_Base B | Bulb_E14_Base | Bulb_E27_Base | Dekorative Glühbirnen | E14_Base_Bulb | E27 Base Bulb B | E27_Base_Bulb | Glühbirne E27 | LED | LED Bulb | LED Light Bulb | LED bulbs | LED_Bulbs | LIGHT_BULB | Light Bulbs | Light Bulbs (App,0.00,64.84,LIKELY EXCLUDE,,,
Ledsone,165883257849,12BO100,Compact Driver,Compact Driver,Cables & LED drivers | Constant Voltage Transformer | LED_Transformers | POWER_SUPPLY | PRODUCT | TRANSFORMER | Transformer_Constant_Voltage | Transformers,94.34,64.83,LIKELY EXCLUDE,,,
Ledsone,162834884311,12UK3P2A+CODCCR,2/5A Power Supply Adaptor,2/5A Power Supply Adaptor,Cables & LED drivers | Netzteiladapter | Other Surveillance Parts & Accessories | Power_Supply_Adapter,0.00,64.75,LIKELY EXCLUDE,,,
Ledsone,163672616724,CRSF100BM+PHCN1PBRBM,New Sharp Cone Holder,New Sharp Cone Holder,Ceiling_Lamp_Lights | LIGHT_BULB_SOCKET | LIGHT_FIXTURE | Pendant Lighting | Pendant_Holder | Pendelhalter,8.89,62.93,LIKELY EXCLUDE,,,
Huttenlampen,394214546852,CL2RAG-IDE,2-adriges rundes Kabel,2-adriges rundes Kabel,ELECTRONIC_WIRE | Textilkabel 2-adrig Rund,16.60,61.80,LIKELY EXCLUDE,,,
Ledsone,163438448120,CL3RAG,CL3RRO5PK,CL3RRO5PK,Cable | Cable Ties | Cables | Cables & LED drivers | ELECTRONIC_WIRE | Electrical Wires & Cable | Lighting Parts | Multi-Core Cables | Textilkabel 3-adrig Gedreht | Vintage Cable | Vintage_3Core_Round_Cable | Vintage_Cables | cable,32.67,60.76,LIKELY EXCLUDE,,,
Electricalsone,265660312592,LDMA60B224CW,B22 Vintage Light Bulb,B22 Vintage Light Bulb,B22 Base Bulb B | B22 Base LED Bulb | B22_Base_Bulb | Bulb | Bulb_B22_Base | Bulb_B22_Base B | Glühbirne B22 | LED Bulb | LED Bulbs | LED Light Bulb | LED bulbs | LED_Bulbs | LIGHT_BULB | Light Bulbs | Light Bulbs (Appliance) | Light Bulbs (General-Purpose),10.18,60.40,LIKELY EXCLUDE,,,
ledsone de,405328319831,24IP6710-IDE,15W-200W IP67 24V,15W-200W IP67 24V,Gleichstrom-Netzteile | TRANSFORMER | Transformatoren & Netzteile,61.40,60.30,LIKELY EXCLUDE,,,
Huttenlampen,398307446141,24IP20300,,,Cables & LED drivers | Constant Voltage Transformer | DC 5V Transformer | LED_Transformers | POWER_SUPPLY | TRANSFORMER | Transformatoren & Netzteile | Transformer | Transformers,0.00,59.98,LIKELY EXCLUDE,,,
Electricalsone,267340970424,CL2DTBR-IDE,sku not assigneds,sku not assigneds,Cable | Cables | Cables & LED drivers | ELECTRONIC_WIRE | Electrical Wires & Cable | Multi-Core Cables | Vintage_Cables | cable,0.00,59.90,LIKELY EXCLUDE,,,
Sunsone,316836925753,CL2TBK,CL3TBM,CL3TBM,Cable | Cable Ties | Cables | Cables & LED drivers | ELECTRONIC_WIRE | Electrical Wires & Cable | Multi-Core Cables | Twisted Vintage fabric Cable | Vintage_3Core_Twisted_Cable | Vintage_Cables | cable,40.66,59.01,LIKELY EXCLUDE,,,
Electricalsone,266190476182,12IP20100,DC 12V Transformer IP20,DC 12V Transformer IP20,Cables & LED drivers | Constant Voltage Transformer | DC 12V Transformer | DC 24V Transformer | DC 5V Transformer | ELECTRIC_LIGHT | LED_Transformers | POWER_SUPPLY | PRODUCT | Power Supply | SYSTEM_POWER_DEVICE | Switching Power Supply | TRANSFORMER | Transformatoren & Netzteile | Transformer | Tra,1851.94,58.73,LIKELY EXCLUDE,,,
ledsone de,405328319827,LDMA60E274-IDE,,,Bulb | Dekorative Glühbirnen | Glühbirne E14 | LED Bulb | LED Glühbirnen | LED Light Bulb | LED bulbs | LIGHT_BULB | Light Bulbs,0.00,58.61,LIKELY EXCLUDE,,,
Electricalsone,265660313934,PSDS2BMRBL,2M Fabric Flex Cable UK Plug In Pendant Lamp Light,2M Fabric Flex Cable UK Plug In Pendant Lamp Light,Ceiling Pendant Lights | LIGHT_BULB_SOCKET | Plug In Pendant | Plugin_Lighting | Plugin_Pendant,176.37,58.44,LIKELY EXCLUDE,,,
ledsone de,405328319993,12IP20100-IDE,DC12V LED 3-720 Netzteil transformator,DC12V LED 3-720 Netzteil transformator,POWER_SUPPLY | TRANSFORMER | Transformator | Transformatoren & Netzteile,0.00,58.43,LIKELY EXCLUDE,,,
Ledsone,162725256149,12IP6710,IP67 LED Driver,IP67 LED Driver,Cables & LED drivers | Constant Voltage Transformer | LED_Transformers | Power Supply | TRANSFORMER | Transformatoren & Netzteile | Transformers | Waterproof Transformers,0.00,58.07,LIKELY EXCLUDE,,,
Huttenlampen,395328994959,12ASIP20100-IDE,,,Transformatoren & Netzteile,109.05,57.90,LIKELY EXCLUDE,,,
ledsone de,405327169120,LDLIE14FL4-IDE,,,Dekorative Glühbirnen,0.00,57.66,LIKELY EXCLUDE,,,
Electricalsone,267719225228,WCIRFS300BM,Black wire cage ceiling light,Black wire cage ceiling light,"Ceiling Flush Lights | Deckenleuchte | LIGHT_FIXTURE | Lamp shades, holders & accessories",0.00,56.83,LIKELY EXCLUDE,,,
Electricalsone,265655117087,12IP6710,12IP67-DC12 Transformer,12IP67-DC12 Transformer,Cables & LED drivers | Constant Voltage Transformer | LED_Transformers | TRANSFORMER | Transformatoren & Netzteile | Transformer | Transformer_LED | Transformers | Waterproof Transformers,80.25,56.64,LIKELY EXCLUDE,,,
ledsone de,406858405021,PLADBC+ICST64E273PK,PLWLBC,PLWLBC,LIGHT_BULB_SOCKET | LIGHT_FIXTURE | PRODUCT | Pendant Lighting | Pipe_Lamp_Lighting | Rohr lampen | Table & bedside lamps | Table Lamp Lighting | Table Lighting | Table_Lamp_Lighting | Wandleuchten | pipe-lighting,0.00,55.11,LIKELY EXCLUDE,,,
Electricalsone,266200623472,12MIP20100,DC 12V Mini Transformer,DC 12V Mini Transformer,Cables & LED drivers | Constant Voltage Transformer | DC 12V Transformer | LED_Transformers | TRANSFORMER | Transformers,11.80,53.44,LIKELY EXCLUDE,,,
Huttenlampen,397695472151,CCBC12-IDE,Blue case LED Treiber Trafo,Blue case LED Treiber Trafo,Cables & LED drivers | Constant Current LED Driver | Konstantstrom_Transformator | TRANSFORMER,0.00,51.83,LIKELY EXCLUDE,,,
Electricalsone,267490329038,LDG9D33C3,LDG9D33C3,LDG9D33C3,Bulb | LED_Bulbs | LIGHT_BULB | Led Bulb | PRODUCT,0.00,51.22,LIKELY EXCLUDE,,,
ledsone de,405328319872,CCGNNWE36-IDE,900mA 36W-48W,900mA 36W-48W,Constant_Voltage_Transformer,66.14,50.08,LIKELY EXCLUDE,,,
Sunsone,316547688677,12RPIP454002,,400W IP45 Outdoor Rainproof DC 12V AC 240V LED Driver Power Supply Transformer,Cables & LED drivers,0.00,49.98,LIKELY EXCLUDE,,,
ledsone uk de,165236123827,12IP20100,Metal LED Driver IP20,Metal LED Driver IP20,Cables & LED drivers | Constant Voltage Transformer | DC 12V Transformer | DC 24V Transformer | DC 5V Transformer | ELECTRIC_LIGHT | LED_Transformers | POWER_SUPPLY | PRODUCT | Power Supply | SYSTEM_POWER_DEVICE | Switching Power Supply | TRANSFORMER | Transformatoren & Netzteile | Transformer | Tra,0.00,49.85,LIKELY EXCLUDE,,,
Ledsone,163740897090,CL2RHE5PK,,5M - 2 Core Round Vintage Braided Hemp Fabric Covered Light Flex Cable,Cable | Cables | Cables & LED drivers | ELECTRONIC_WIRE | Electrical Wires & Cable | Multi-Core Cables | Textilkabel 2-adrig Rund | Vintage_Cables | cable,0.00,49.45,LIKELY EXCLUDE,,,
Ledsone,167550234939,12ASIP20100,12V IP20 LED Drivers,12V IP20 LED Drivers,Cables & LED drivers | Constant Voltage Transformer | DC 12V Transformer | ELECTRIC_LIGHT | LED_Transformers | POWER_SUPPLY | PRODUCT | Power Supply | SYSTEM_POWER_DEVICE | TRANSFORMER | Transformatoren & Netzteile | Transformer | Transformer_LED | Transformers | slim transformers,0.00,48.87,LIKELY EXCLUDE,,,
Sunsone,317030316794,CL3TAG,CL3TBTAPK,CL3TBTAPK,Cable | Cable Ties | Cables | Cables & LED drivers | ELECTRONIC_WIRE | Electrical Wires & Cable | Flexible Conduit Lengths | Multi-Core Cables | Vintage Cable | Vintage_3Core_Twisted_Cable | Vintage_Cables | cable,454.01,48.36,LIKELY EXCLUDE,,,
Electricalsone,266197882286,LDMC35E144,LED Bulb,LED Bulb,Bulb | Bulb_E14_Base | E14_Base_Bulb | LED Bulb | LED bulbs | LIGHT_BULB,29.34,47.92,LIKELY EXCLUDE,,,
Sunsone,313537529200,CL3TAG,3 Core Twisted Cable,3 Core Twisted Cable,Cable Ties | Cables | Cables & LED drivers | ELECTRONIC_WIRE | Electrical Wires & Cable | Flexible Conduit Lengths | HOME | Multi-Core Cables | Textilkabel 3-adrig Gedreht | Vintage Cable | Vintage_3Core_Twisted_Cable | Vintage_Cables | cable,29.97,47.78,LIKELY EXCLUDE,,,
Sunsone,318357033021,PHSF1AGTGB2PK,,,Ceiling Pendant Lights | LIGHT_BULB_SOCKET | LIGHT_FIXTURE | Pendant_Lamp_Lights,0.00,47.67,LIKELY EXCLUDE,,,
Ledsone,164650149128,CL2RAG3PK,CL3RRW3PK,CL3RRW3PK,Cable | Cables & LED drivers | ELECTRONIC_WIRE | cable,0.00,46.95,LIKELY EXCLUDE,,,
ledsone uk de,165972639536,CL2RAG-IDE,CL2/3/T/R,CL2/3/T/R,BRA | ELECTRONIC_CABLE | ELECTRONIC_WIRE | POWER_CORD | Textilkabel | Textilkabel 2-adrig Rund | Textilkabel 3-adrig Gedreht | Textilkabel 3-adrig Rund | cable,0.00,45.88,LIKELY EXCLUDE,,,
Ledsone,163068152452,12IP20120,12V 120W LED Drivers,12V 120W LED Drivers,Cables & LED drivers | Constant Voltage Transformer | DC 12V Transformer | LED_Transformers | POWER_SUPPLY | PRODUCT | Power Supply | TRANSFORMER | Transformatoren & Netzteile | Transformer | Transformers,0.00,45.78,LIKELY EXCLUDE,,,
ledsone uk de,163939777550,12IP6710-IDE,IP67 LED Driver Power supply Transformer,IP67 LED Driver Power supply Transformer,Cables & LED drivers | Constant Voltage Transformer | Dc 12V Transformator | LED_Transformers | TRANSFORMER | Transformatoren & Netzteile | Transformers,100.35,45.67,LIKELY EXCLUDE,,,
Ledsone,162444501654,LDMG95E2742PK,,E27  Vintage Edison 2 X LED Bulb 4W Dimmable Filament Light for Industrial Decor,Bulb | Bulb_B22_Base B | E27 Base Bulb B | LED Bulb | LED Light Bulb | LED bulbs | LIGHT_BULB | Light Bulbs (General-Purpose),8.79,44.95,LIKELY EXCLUDE,,,
Ledsone,164817813304,12IP6710,sku not assigneds,sku not assigneds,Cables & LED drivers | Constant Voltage Transformer | DC 5V Transformer | LED_Transformers | TRANSFORMER | Transformatoren & Netzteile | Transformer | Transformer_LED | Transformers | Waterproof Transformers,31.67,44.47,LIKELY EXCLUDE,,,
Ledsone,165584303790,CL2RAG,CL2RPU,CL2RPU,2_Core_Round_Cable | Cable | Cables | Cables & LED drivers | ELECTRONIC_WIRE | Electic cable | Electric round cable | Electrical Wires & Cable | Lighting Parts | Multi-Core Cables | Textilkabel 2-adrig Rund | Textilkabel 3-adrig Gedreht | Twisted Vintage fabric Cable | Vintage_2Core_Round_Cable | Vi,158.14,44.11,LIKELY EXCLUDE,,,
Ledsone,163440200815,PSOS2RBUCO,Pendant lampshade with 2m fabric cable,Pendant lampshade with 2m fabric cable,LIGHT_BULB_SOCKET | LIGHT_FIXTURE | Pendant Lighting | Pendant_Holder | Plug In Pendant | pendant lightss,54.45,43.96,LIKELY EXCLUDE,,,
Ledsone,162289760713,12SAN15,sku not assigneds,sku not assigneds,Cables & LED drivers | Constant Current Transformer | Constant Voltage Transformer | LED_Transformers | POWER_SUPPLY | PRODUCT | TRANSFORMER | Transformatoren & Netzteile | Transformers,70.20,43.92,LIKELY EXCLUDE,,,
Sunsone,316901502721,CL3RAG,CL3RRO5PK,CL3RRO5PK,Cable | Cable Ties | Cables | Cables & LED drivers | ELECTRONIC_WIRE | Electrical Wires & Cable | Lighting Parts | Multi-Core Cables | Textilkabel 3-adrig Gedreht | Vintage Cable | Vintage_3Core_Round_Cable | Vintage_Cables | cable,19.99,43.88,LIKELY EXCLUDE,,,
ledsone uk de,165369762367,CL2RAG,2 / 3 core Round/ twosted wire,2 / 3 core Round/ twosted wire,2_Core_Round_Cable | Cable | Cable Ties | Cables | Cables & LED drivers | ELECTRONIC_WIRE | Electic cable | Electric round cable | Electrical Wires & Cable | Lighting Parts | Multi-Core Cables | Textilkabel 2-adrig Rund | Textilkabel 3-adrig Gedreht | Twisted Vintage fabric Cable | Vintage Cable | V,82.35,43.58,LIKELY EXCLUDE,,,
Sunsone,318157715203,LDMC35E1442PK,Light Bulbs,Light Bulbs,B22 Base Bulb B | B22_Base_Bulb | Bulb | Bulb_B22_Base B | Bulb_E27_Base | E27 Base Bulb B | E27 Bulb | E27_Base_Bulb | Glühbirne B22 | LED Bulb | LED Light Bulb | LED bulbs | LED_Bulbs | LIGHT_BULB | Light Bulbs (Appliance) | Light Bulbs (General-Purpose) | PRODUCT,0.00,42.96,LIKELY EXCLUDE,,,
Huttenlampen,397695737313,12IP20100-IDE,5/12/24IP20 Metal LED Driver,5/12/24IP20 Metal LED Driver,DC 5V Transformer | POWER_SUPPLY | Stromwandler | TRANSFORMER | Transformator | Transformatoren & Netzteile,0.00,42.73,LIKELY EXCLUDE,,,
ledsone de,405328319881,LDEA70E273-IDE,,,Dekorative Glühbirnen | LED Bulb,15.95,42.55,LIKELY EXCLUDE,,,
Sunsone,314802399833,WLFSWWHE,Wall Light,Wall Light,Cable Ties | LIGHT_FIXTURE | Wall Lamp Lights | Wall Light | Wall Lighting | Wall light | Wall lights,0.00,42.38,LIKELY EXCLUDE,,,
ledsone de,406707610476,LDMG125B228,,,B22 Base Bulb B | B22 Base LED Bulb | B22_Base_Bulb | Bulb | Bulb_B22_Base | Bulb_B22_Base B | Bulb_E27_Base | Dekorative Glühbirnen | E27 Base Bulb B | E27 Bulb | E27_Base_Bulb | Glühbirne B22 | Glühbirne E27 | LED | LED Bulb | LED Bulbs | LED Light Bulb | LED bulbs | LED_Bulbs | LIGHT_BULB | Light,0.00,42.12,LIKELY EXCLUDE,,,
ledsone uk de,166150881856,CCBC12-IDE,sku not assigneds,sku not assigneds,Konstantstrom_Transformator | TRANSFORMER,10.41,42.04,LIKELY EXCLUDE,,,
Ledsone,162438147566,LDMG95E274,,LEDSONE G95 Globe Bulb E27 Vintage LED Edison Style 4W Amber Filament Light Bulb,Bulb | Bulb_E27_Base | E27 Base Bulb B | E27_Base_Bulb | LED Bulb | LED bulbs | LED_Bulbs | LIGHT_BULB | Light Bulbs (General-Purpose),0.00,40.75,LIKELY EXCLUDE,,,
Ledsone,167943788384,CERU36150YE,YELLOW CABLE TIES,YELLOW CABLE TIES,CABLE_TIE | Cable Clip | Cable Ties | Hardware & fixings | Home & Garden,0.00,40.68,LIKELY EXCLUDE,,,
Sunsone,316886123786,CL2TAG,CL2TRS,CL2TRS,Cable | Cables | Cables & LED drivers | ELECTRONIC_WIRE | Electic cable | Electrical Wires & Cable | Lighting Parts | Multi-Core Cables | Twisted Vintage fabric Cable | Vintage_Cables | cable,11.96,40.66,LIKELY EXCLUDE,,,
ledsone de,405328319907,12BO100-IDE,DC12V Treiber Driver 18W -100W,DC12V Treiber Driver 18W -100W,TRANSFORMER | Transformatoren & Netzteile,166.15,40.55,LIKELY EXCLUDE,,,
ledsone uk de,164825726826,24IP20120-IDE,24IP20 Metal LED Driver,24IP20 Metal LED Driver,TRANSFORMER | Transformatoren & Netzteile,75.47,40.55,LIKELY EXCLUDE,,,
Electricalsone,265660326887,LDA60E274-IDE,LED Filament Leuchtmittel Vintage B22 E14 E27,LED Filament Leuchtmittel Vintage B22 E14 E27,Dekorative Glühbirnen | Glühbirne E14 | Glühbirne E27 | LED Glühbirnen | LIGHT_BULB | LIGHT_FIXTURE | Light Bulbs,41.93,40.29,LIKELY EXCLUDE,,,
Huttenlampen,394245473056,CL2TAG-IDE,verdrilltes 2-adriges Kabel,verdrilltes 2-adriges Kabel,BRA | ELECTRONIC_WIRE | Textilkabel | Textilkabel 3-adrig Rund | cable,0.00,39.91,LIKELY EXCLUDE,,,
ledsone uk de,164353878434,12MIP20100-IDE,12MIP20 60-360 Mini LED Driver,12MIP20 60-360 Mini LED Driver,Transformatoren & Netzteile,11.68,39.39,LIKELY EXCLUDE,,,
Electricalsone,266193179938,LDMC35E142,Bulb Dimmable E14 E27,Bulb Dimmable E14 E27,Bulb | Bulb_B22_Base B | Bulb_E14_Base | Bulb_E27_Base | Dekorative Glühbirnen | E14_Base_Bulb | E27 Base Bulb B | E27 Bulb | E27_Base_Bulb | Glühbirne E27 | LED | LED Bulb | LED Bulbs | LED Light Bulb | LED bulbs | LED_Bulbs | LIGHT_BULB | Light Bulbs (Appliance) | Light Bulbs (General-Purpose) | P,25.76,38.88,LIKELY EXCLUDE,,,
Sunsone,313515157543,CL3TBL5PK,3 Core Twisted Cable,3 Core Twisted Cable,Cables | Cables & LED drivers | ELECTRONIC_WIRE | Electrical Wires & Cable | Multi-Core Cables | Vintage_3Core_Twisted_Cable | Vintage_Cables | cable,13.75,38.67,LIKELY EXCLUDE,,,
Electricalsone,265660353948,CRFF140BM+WSCH135BM+LSCY290BC+ICST64E27-IDE,Wandspot matt Industrie Wohnzimmer Flur,Wandspot matt Industrie Wohnzimmer Flur,LIGHT_BULB | LIGHT_FIXTURE | Wandleuchten,0.00,38.64,LIKELY EXCLUDE,,,
Electricalsone,265660313951,LDMST64E274,2M Easy Fit Ceiling Rose Pendant Fabric Flex,2M Easy Fit Ceiling Rose Pendant Fabric Flex,Bulb | Bulb_E27_Base | Ceiling Pendant Lights | Dekorative Glühbirnen | Downlight Lampholders | E27_Base_Bulb | Glühbirne E27 | Indoor Wall Lights | LAMP | LED | LED Bulb | LED Light Bulb | LED bulbs | LED_Bulbs | LIGHT_BULB | LIGHT_BULB_SOCKET | LIGHT_FIXTURE | Lamp Holder | Lamp Holders | Lamp sha,0.00,38.43,LIKELY EXCLUDE,,,
Sunsone,313970196188,PHDH1HETHE,Vintage Retro Industrial Loft Hemp Rope E27 Holder,Vintage Retro Industrial Loft Hemp Rope E27 Holder,Ceiling Lights & Chandeliers | Ceiling Pendant Lights | LIGHT_FIXTURE | Pendant Light | Pendant Lighting | Pendant Lights | Pendant light | Pendant lighting | Pendant_Lamp_Lights | Pendelleuchten | Vintage_Lamp_Lights | Wire Cage,0.00,37.78,LIKELY EXCLUDE,,,
Ledsone,163139042292,LDMST64E2783PK,,3 PCS Vintage E27 ST64 LED Filament 8W Industrial Edison Warm White Light Bulb,Bulb | Bulb_E27_Base | E27 Base Bulb B | LED | LED Bulb | LED bulbs | LIGHT_BULB | Light Bulbs (General-Purpose),29.78,37.77,LIKELY EXCLUDE,,,
Sunsone,318762565923,CCBC12-IDE,Blue case LED Treiber Trafo,Blue case LED Treiber Trafo,Konstantstrom_Transformator | TRANSFORMER,0.00,37.76,LIKELY EXCLUDE,,,
Sunsone,317925835857,12IP20100,,,Cables & LED drivers | Constant Voltage Transformer | DC 12V Transformer | DC 24V Transformer | DC 5V Transformer | ELECTRIC_LIGHT | LED_Transformers | POWER_SUPPLY | PRODUCT | Power Supply | SYSTEM_POWER_DEVICE | Switching Power Supply | TRANSFORMER | Transformatoren & Netzteile | Transformer | Tra,0.00,37.64,LIKELY EXCLUDE,,,
Electricalsone,265700829684,12IP6710,12IP67-DC12 Transformer,12IP67-DC12 Transformer,Cables & LED drivers | Constant Voltage Transformer | LED_Transformers | TRANSFORMER | Transformatoren & Netzteile | Transformer | Transformer_LED | Transformers | Waterproof Transformers,0.00,37.27,LIKELY EXCLUDE,,,
Ledsone,165629752176,CCBKNWE40,,40W LED Driver Power Supply Transformer DC 72 - 144V Power  Adaptor / Driver DIY,LED_Transformers | TOOLS | Transformer_LED,0.00,37.16,LIKELY EXCLUDE,,,
Huttenlampen,394857621077,12DE2P2A-IDE,,12V 2A AC/DC 24W NETZTEIL Trafo Netzadapter Steckernetzteil Ladegerät LED DRIVER,Adapter,9.25,37.00,LIKELY EXCLUDE,,,
Huttenlampen,397494348238,12IP6710,,,Cables & LED drivers | Constant Voltage Transformer | LED_Transformers | TRANSFORMER | Transformatoren & Netzteile | Transformer | Transformer_LED | Transformers | Waterproof Transformers,0.00,36.75,LIKELY EXCLUDE,,,
Ledsone,161763137600,LDMG95E2782PK,,2 Pack-Vintage G95 Dimmable E27 8W Warm White 2700K Filament Screw Light Bulb,Bulb | Bulb_E27_Base | E27 Base Bulb B | E27_Base_Bulb | LED Bulb | LED bulbs | LED_Bulbs | LIGHT_BULB | Light Bulbs (General-Purpose),0.00,36.33,LIKELY EXCLUDE,,,
ledsone uk de,165041135749,12IP20100-IDE,LED Driver IP20,LED Driver IP20,DC 5V Transformer | POWER_SUPPLY | Stromwandler | TRANSFORMER | Transformator | Transformatoren & Netzteile,93.40,35.67,LIKELY EXCLUDE,,,
Sunsone,317093747749,12MIP20100,,,Cables & LED drivers | Constant Voltage Transformer | DC 12V Transformer | LED_Transformers | TRANSFORMER | Transformers,52.30,35.39,LIKELY EXCLUDE,,,
Huttenlampen,394695294944,12IP6710-IDE,,,Cables & LED drivers | Constant Voltage Transformer | Dc 12V Transformator | LED_Transformers | TRANSFORMER | Transformatoren & Netzteile | Transformers,147.04,35.19,LIKELY EXCLUDE,,,
Sunsone,313970190913,CCBKNWE12,LED Driver Adapter AC85-265V - DC Transformer pane,LED Driver Adapter AC85-265V - DC Transformer pane,Cables & LED drivers | Constant Current Transformer | Constant Voltage Transformer | Konstantstrom-Transformatoren | LED_Transformers | Lighting Parts | TRANSFORMER | Transformer | Transformers,36.15,34.76,LIKELY EXCLUDE,,,
Ledsone,165675520730,12UK3P10A,,"12V 10A 120W Power Supply AC to DC Adapter Charger for LED Strip Lights, CCTV",CHARGING_ADAPTER | PRODUCT | Power_Supply_Adapter | Transformers,163.54,33.98,LIKELY EXCLUDE,,,
Ledsone,163920355268,12MIP20100,12V LED Mini Transformer,12V LED Mini Transformer,Cables & LED drivers | Constant Voltage Transformer | DC 12V Transformer | LED_Transformers | TRANSFORMER | Transformers,0.00,33.96,LIKELY EXCLUDE,,,
Ledsone,164573572289,PLBXBC+PLWLBC,Water Pipe for table lamp,Water Pipe for table lamp,LAMP | LIGHT_BULB_SOCKET | LIGHT_FIXTURE | PRODUCT | Pendant Lighting | Pipe Light | Pipe_Lamp_Lighting | Table & bedside lamps | Table Lamp | Table Lighting | Wall Light | Wall Lighting | Wall lights | pipe-lighting,13.01,33.78,LIKELY EXCLUDE,,,
Ledsone,166898710228,WJCUFFJWH2PK,sku not assigneds,sku not assigneds,Connectors & junction boxes | ELECTRICAL_HOUSING | Junction Box | Junction Boxes & Connectors | Weatherproof Junction Boxes | Wire Connectors | home-applications,0.00,33.78,LIKELY EXCLUDE,,,
Ledsone,167761716276,LDMG125B228,sku not assigneds,sku not assigneds,B22 Base Bulb B | B22 Base LED Bulb | B22_Base_Bulb | Bulb | Bulb_B22_Base | Bulb_B22_Base B | Bulb_E27_Base | Dekorative Glühbirnen | E27 Base Bulb B | E27 Bulb | E27_Base_Bulb | Glühbirne B22 | Glühbirne E27 | LED | LED Bulb | LED Bulbs | LED Light Bulb | LED bulbs | LED_Bulbs | LIGHT_BULB | Light,0.00,33.43,LIKELY EXCLUDE,,,
ledsone uk de,165004470814,CCBKNWE12-IDE,Constant Current 300mA,Constant Current 300mA,Cables & LED drivers | DC 24V Transformer | Konstantstrom-Transformatoren | Lighting Parts | TRANSFORMER,44.21,33.41,LIKELY EXCLUDE,,,
Ledsone,164944945182,12ASIP2060,60W LED Drivers,60W LED Drivers,Cables & LED drivers | Constant Voltage Transformer | DC 12V Transformer | LED_Transformers | Power Supply | TRANSFORMER | Transformatoren & Netzteile | Transformer | Transformer_LED | Transformers | Waterproof Transformers | slim transformers,0.00,32.98,LIKELY EXCLUDE,,,
Electricalsone,265660313955,PSDS2RBR+LHSHE27BY,2m Fabric Flex Cable Plug In Pendant,2m Fabric Flex Cable Plug In Pendant,,0.00,32.97,LIKELY EXCLUDE,,,
Electricalsone,266188029327,CCBC12,Constant Current LED Transformer Driver 3/5/7/9/12,Constant Current LED Transformer Driver 3/5/7/9/12,Cables & LED drivers | Constant Current LED Driver | Constant Current Transformer | Konstantstrom_Transformator | LED_Transformers | TRANSFORMER | Transformatoren & Netzteile | Transformers,120.04,32.94,LIKELY EXCLUDE,,,
Ledsone,162705554358,ICG125E2760,Dimmable 60W Vintage Bulbs,Dimmable 60W Vintage Bulbs,Bulb | Bulb_B22_Base B | Bulb_E27_Base | Dekorative Glühbirnen | E26_Base_Bulb | E27 Base Bulb B | E27_Base_Bulb | Glühbirne E27 | Incandescent_Bulb | LED | LED Bulb | LED Light Bulb | LED bulbs | LED_Bulbs | LIGHT_BULB | Light Bulbs (Appliance),0.00,32.94,LIKELY EXCLUDE,,,
ledsone uk de,165009178109,12IP20100-IDE,DC12V 24V LED Transformator,DC12V 24V LED Transformator,DC 5V Transformer | POWER_SUPPLY | Stromwandler | TRANSFORMER | Transformatoren & Netzteile,91.09,32.66,LIKELY EXCLUDE,,,
ledsone uk de,165277188365,LDMC35E142-IDE,E27 Light Bulbs,E27 Light Bulbs,Dekorative Glühbirnen | Glühbirne E14 | LED Glühbirnen | LIGHT_BULB | Light Bulbs,0.00,32.58,LIKELY EXCLUDE,,,
Ledsone,164851065195,24IP67100,IP67 24V Power supply,IP67 24V Power supply,Cables & LED drivers | Constant Voltage Transformer | DC 5V Transformer | LED_Transformers | TRANSFORMER | Transformer | Transformers,0.00,32.47,LIKELY EXCLUDE,,,
Ledsone,167874397098,LDCWA55B2256PK,GW-ACH8-CIH7,GW-ACH8-CIH7,LED Bulb | LED Bulbs | LED Light Bulb | LED bulbs | LIGHT_BULB | Light Bulbs (General-Purpose),0.00,32.45,LIKELY EXCLUDE,,,
Ledsone,167581364032,CRSF100BM+PHRYWP1RBM,sku not assigneds,sku not assigneds,Ceiling Pendant Lights | LIGHT_BULB_SOCKET | LIGHT_FIXTURE | Pendant Light | Pendant Lighting | Pendant_Holder | Pendant_Lamp_Lights | Spider Lights,0.00,32.35,LIKELY EXCLUDE,,,
Ledsone,163937083587,12ASIP20100,12V IP20 LED Drivers,12V IP20 LED Drivers,Cables & LED drivers | Constant Voltage Transformer | DC 12V Transformer | ELECTRIC_LIGHT | LED_Transformers | POWER_SUPPLY | PRODUCT | Power Supply | SYSTEM_POWER_DEVICE | TRANSFORMER | Transformatoren & Netzteile | Transformer | Transformer_LED | Transformers | slim transformers,23.87,32.08,LIKELY EXCLUDE,,,
Huttenlampen,398303222239,12IP20500,,AC/DC Schaltnetzteil 230V auf 12V DC 41.67A 500W Einbaunetzteil Netzteil LED,Constant Voltage Transformer | LED_Transformers | Power Supply | TRANSFORMER,0.00,31.99,LIKELY EXCLUDE,,,
Sunsone,316699353313,12IP20100-IDE,DC 5V 12V 24V LED Netzteil Trafo Schaltnetzteil,DC 5V 12V 24V LED Netzteil Trafo Schaltnetzteil,Cables & LED drivers | Constant Voltage Transformer | DC 5V Transformer | LED_Transformers | POWER_SUPPLY | Stromwandler | TRANSFORMER | Transformatoren & Netzteile | Transformers,589.68,31.96,LIKELY EXCLUDE,,,
ledsone uk de,164229604052,12BO100-IDE,AC-DC 12V IP20 LED Drivers,AC-DC 12V IP20 LED Drivers,Cables & LED drivers | Dc 12V Transformator | HOME_LIGHTING_AND_LAMPS | TRANSFORMER | Transformatoren & Netzteile,170.18,31.92,LIKELY EXCLUDE,,,
ledsone de,405328533660,LDMG95E278-IDE,LDMG95E27-8W IDE,LDMG95E27-8W IDE,Dekorative Glühbirnen | LIGHT_BULB | Light Bulbs,0.00,31.90,LIKELY EXCLUDE,,,
Electricalsone,267580329437,CL2TBR5PK,CL2TBR,CL2TBR,Cable | Cables | Cables & LED drivers | ELECTRONIC_WIRE | Electrical Wires & Cable | Multi-Core Cables | Vintage_Cables | cable,0.00,31.78,LIKELY EXCLUDE,,,
ledsone uk de,164828759593,CL2RBK-IDE,2/3 Core Twisted/Round Cable,2/3 Core Twisted/Round Cable,Cables | Cables & LED drivers | ELECTRONIC_WIRE | Electrical Wires & Cable | Multi-Core Cables | Textilkabel | Textilkabel 2-adrig Rund | Textilkabel 3-adrig Gedreht | Textilkabel 3-adrig Rund | Vintage_Cables | cable,116.28,31.50,LIKELY EXCLUDE,,,
Ledsone,165724423575,5IP2010,5V LED drivers,5V LED drivers,Cables & LED drivers | Constant Voltage Transformer | DC 5V Transformer | LED_Transformers | POWER_SUPPLY | Switching Power Supply | TRANSFORMER | Transformer | Transformers,25.07,31.45,LIKELY EXCLUDE,,,
Sunsone,316699419415,CL3THE5PK-IDE,,5m 3-adriges Textilkabel Stoffkabel Pendelleitung Lampenkabel gedreht hanfseil,Textilkabel 3-adrig Gedreht,0.00,31.32,LIKELY EXCLUDE,,,
ledsone de,405328533776,12MIP20100-IDE,,,Transformatoren & Netzteile,73.62,31.19,LIKELY EXCLUDE,,,
Sunsone,316836925160,CL2TAG,CL3THE,CL3THE,Cable | Cable Ties | Cables | Cables & LED drivers | ELECTRONIC_WIRE | Electrical Wires & Cable | Lighting Parts | Multi-Core Cables | Twisted Vintage fabric Cable | Vintage_3Core_Twisted_Cable | Vintage_Cables | cable,78.05,30.93,LIKELY EXCLUDE,,,
Huttenlampen,394655754063,CL3TAG-IDE,3-adriges Stoffkabel,3-adriges Stoffkabel,ELECTRONIC_WIRE | Textilkabel 3-adrig Gedreht,0.00,30.90,LIKELY EXCLUDE,,,
Sunsone,316699424438,WCB3BB2PK+RPR44WH2PK-IDE,WCB- Type And Color Pattern Wire Cage Easy Fit,WCB- Type And Color Pattern Wire Cage Easy Fit,"LAMPSHADE | LIGHT_FIXTURE | Lamp shades, holders & accessories | Light Shades",47.90,30.25,LIKELY EXCLUDE,,,
Sunsone,313970190949,PLADBC,Steampunk Pipe Lights,Steampunk Pipe Lights,Ceiling Pendant Lights | Indoor Wall Lights | LAMP | LIGHT_BULB_SOCKET | LIGHT_FIXTURE | Lighting Accessories | PRODUCT | Pendant Light | Pendant Lighting | Pendant lighting | Pipe Light | Pipe Lights Parts | Pipe lighting | Pipe_Lamp_Lighting | Rohr lampen | Table & bedside lamps | Table Lamp Light,0.00,30.18,LIKELY EXCLUDE,,,
ledsone uk de,165024519355,CCBKNWE12-IDE,Transformator,Transformator,DC 24V Transformer | Konstantstrom-Transformatoren | TRANSFORMER,163.16,30.02,LIKELY EXCLUDE,,,
Sunsone,315876058324,CRSF100BM+PHMS1BMTGB,sku not assigneds,sku not assigneds,Ceiling Pendant Lights | LIGHT_BULB_SOCKET | LIGHT_FIXTURE | Pendant lighting | Pendant_Holder | pendant lightss,0.00,29.97,LIKELY EXCLUDE,,,
Electricalsone,266190312847,LHC1E27WH,Ceramic Socket Bulb Holder,Ceramic Socket Bulb Holder,"Ceramic_Holders | Downlight Lampholders | LIGHT_BULB_SOCKET | Lamp Holders | Lamp shades, holders & accessories | Lamp_Holder | Lampenfassung Keramik",0.00,29.95,LIKELY EXCLUDE,,,
Electricalsone,265640826938,12IP20100,DC12V LED Driver,DC12V LED Driver,Cables & LED drivers | Constant Voltage Transformer | DC 12V Transformer | ELECTRIC_LIGHT | LED_Transformers | POWER_SUPPLY | PRODUCT | Power Supply | SYSTEM_POWER_DEVICE | TRANSFORMER | Transformatoren & Netzteile | Transformer | Transformer_LED | Transformers,101.32,29.89,LIKELY EXCLUDE,,,
Sunsone,313970190822,12IP20100,LED Transformer Power Suply,LED Transformer Power Suply,Cables & LED drivers | Constant Voltage Transformer | DC 12V Transformer | DC 24V Transformer | DC 5V Transformer | ELECTRIC_LIGHT | LED_Transformers | POWER_SUPPLY | PRODUCT | Power Supply | SYSTEM_POWER_DEVICE | Switching Power Supply | TRANSFORMER | Transformatoren & Netzteile | Transformer | Tra,59.39,29.89,LIKELY EXCLUDE,,,
Ledsone,167390176888,12MIP20360,12IP20-DC12 Transformer,12IP20-DC12 Transformer,Cables & LED drivers | Constant Voltage Transformer | DC 12V Transformer | LED_Transformers | TRANSFORMER | Transformers,0.00,29.89,LIKELY EXCLUDE,,,
Electricalsone,266190328446,12SAN15,ransformer MR11 MR16 LED Strip AC 230V for G4 UK,ransformer MR11 MR16 LED Strip AC 230V for G4 UK,Cables & LED drivers | Constant Current Transformer | Constant Voltage Transformer | Konstantstrom_Transformator | LED_Transformers | POWER_SUPPLY | PRODUCT | TRANSFORMER | Transformatoren & Netzteile | Transformers,0.00,29.66,LIKELY EXCLUDE,,,
Electricalsone,266424077290,CRSF100WH+PHRN1PCRBM,sku not assigneds,sku not assigneds,Ceiling Pendant Lights | LIGHT_BULB_SOCKET | LIGHT_FIXTURE | Pendant Lighting | Spider Lights,43.56,29.56,LIKELY EXCLUDE,,,
Electricalsone,267634769308,12IP6710,sku not assigneds,sku not assigneds,Cables & LED drivers | Constant Voltage Transformer | DC 12V Transformer | DC 5V Transformer | LED_Transformers | TRANSFORMER | Transformatoren & Netzteile | Transformer | Transformer_LED | Transformers | Waterproof Transformers,0.00,29.44,LIKELY EXCLUDE,,,
Ledsone,167565749301,CCBKNWE12,psu LED Strip Transformer,psu LED Strip Transformer,Cables & LED drivers | Constant Current Transformer | Constant Voltage Transformer | Konstantstrom-Transformatoren | LED_Transformers | Lighting Parts | TRANSFORMER | Transformer | Transformers,267.68,29.16,LIKELY EXCLUDE,,,
Ledsone,164935612760,CCORNWH24,,LED Driver Power Supply Transformer 24W DC 30-40 V AC85-265 V LED MR16 Light,Cables & LED drivers | Constant Current Transformer | LED_Transformers,0.00,29.16,LIKELY EXCLUDE,,,
ledsone de,406223200856,12IP20240-IDE,Transformer,Transformer,TRANSFORMER | Transformatoren & Netzteile,0.00,28.97,LIKELY EXCLUDE,,,
Electricalsone,265660323455,CCBC12-IDE,Constant Current LED Transformer Driver 3/5/7/9/12,Constant Current LED Transformer Driver 3/5/7/9/12,Konstantstrom_Transformator | TRANSFORMER,19.46,28.85,LIKELY EXCLUDE,,,
Electricalsone,266188024452,12UK3P10A,Power Supply Adapter,Power Supply Adapter,CHARGING_ADAPTER | Cables & LED drivers | Netzteiladapter | PRODUCT | Power_Supply_Adapter | Transformers,29.92,28.78,LIKELY EXCLUDE,,,
Electricalsone,267576349464,LHXWPE27PPWH,,"IP44 Rainproof Bakelite Lamp Holder E27, Vintage Out/IN Door Light Bulb Holder","Downlight Lampholders | Lamp shades, holders & accessories | Lamp_Holder | Lampenfassung | Lampholders",0.00,28.76,LIKELY EXCLUDE,,,
Electricalsone,265660312547,12IP6710,Waterproof Trnsformers,Waterproof Trnsformers,Cables & LED drivers | Constant Voltage Transformer | LED_Transformers | TRANSFORMER | Transformatoren & Netzteile | Transformer | Transformer_LED | Transformers | Waterproof Transformers,0.00,28.67,LIKELY EXCLUDE,,,
ledsone de,405905225027,CL3THE,,,Cables | Cables & LED drivers | ELECTRONIC_WIRE | Electrical Wires & Cable | Multi-Core Cables | Vintage Cable | Vintage_Cables | cable,57.00,28.50,LIKELY EXCLUDE,,,
Ledsone,164160427492,LDMA60E274,A60 E27 LED Light Bulbs,A60 E27 LED Light Bulbs,Bulb_B22_Base B | Bulb_E27_Base | E27 Base Bulb B | E27_Base_Bulb | LED bulbs | LED_Bulbs | LIGHT_BULB,0.00,28.45,LIKELY EXCLUDE,,,
Ledsone,164788778811,CL2RBK,CL2TRS,CL2TRS,Cable | Cable Ties | Cables | Cables & LED drivers | ELECTRONIC_WIRE | Electic cable | Electric round cable | Electrical Wires & Cable | Multi-Core Cables | Twisted Vintage fabric Cable | Vintage Cable | Vintage_2Core_Round_Cable | Vintage_3Core_Twisted_Cable | Vintage_Cables | cable | cables,4.18,28.28,LIKELY EXCLUDE,,,
Sunsone,315610549864,PHCT80BMCBM,,,Ceiling Rose with Hanging Chain | LIGHT_BULB_SOCKET,0.00,27.98,LIKELY EXCLUDE,,,
Sunsone,315808757832,CRSF100BM+PHRNWP1RBM,sku not assigneds,sku not assigneds,Ceiling Pendant Lights | LIGHT_BULB_SOCKET | LIGHT_FIXTURE | Lighting Fixtures | Pendant Lighting | Pendelleuchten,0.00,27.98,LIKELY EXCLUDE,,,
Electricalsone,266283230840,LDMA60B224,E27/B22/ E14 Bulb,E27/B22/ E14 Bulb,B22_Base_Bulb | Bulb | Bulb_B22_Base B | Bulb_E14_Base | Bulb_E27_Base | Dekorative Glühbirnen | E14_Base_Bulb | E27 Base Bulb B | E27 Bulb | E27_Base_Bulb | Glühbirne E27 | LED | LED Bulb | LED Bulbs | LED Light Bulb | LED bulbs | LED_Bulbs | LIGHT_BULB | Light Bulbs (Appliance) | Light Bulbs (Gene,26.56,27.96,LIKELY EXCLUDE,,,
Ledsone,163138469118,LHBRE27BM+CGMLBM,E27 Light Bulb Socket Lamp Holder,E27 Light Bulb Socket Lamp Holder,"LIGHT_BULB_SOCKET | Lamp Holders | Lamp shades, holders & accessories | Lamp_Holder | Lampenfassungen Metall | Lighting Accessories",0.00,27.85,LIKELY EXCLUDE,,,
Ledsone,163749038080,CL3RBD,CL3RRS,CL3RRS,Cable | Cable Ties | Cables | Cables & LED drivers | ELECTRONIC_WIRE | Electrical Wires & Cable | Lighting Parts | Multi-Core Cables | Textilkabel 3-adrig Gedreht | Vintage Cable | Vintage_3Core_Twisted_Cable | Vintage_Cables | cable,73.09,27.81,LIKELY EXCLUDE,,,
Electricalsone,265660316522,LHAHE27BM-IDE,E27/ES Vintage lamp bulb holder,E27/ES Vintage lamp bulb holder,"Downlight Lampholders | LAMP | LIGHT_BULB_SOCKET | Lamp Holders | Lamp shades, holders & accessories | Lamp_Holder | Lampenfassungen Metall",5.46,27.73,LIKELY EXCLUDE,,,
Sunsone,315192085660,LDST185E274,,LED E27 4W Filament Light Bulbs Dimmable Tubular T185 Edison Screw Spiral Bulb,Bulb | E27_Base_Bulb | Glühbirne E27 | LED Light Bulb | LED bulbs | LED_Bulbs | LIGHT_BULB | Light Bulbs (General-Purpose),63.96,27.56,LIKELY EXCLUDE,,,
ledsone de,405328533764,LHC1E27WH-IDE,Heat bulb holder,Heat bulb holder,Lampenfassung | Lampenfassung Keramik,0.00,27.56,LIKELY EXCLUDE,,,
ledsone uk de,164149270502,24IP6710-IDE,24V IP67 LED Driver,24V IP67 LED Driver,Gleichstrom-Netzteile | TRANSFORMER | Transformatoren & Netzteile,0.00,27.55,LIKELY EXCLUDE,,,
Ledsone,164343697781,LDMG125E278,40/60W Dimmable Filament light bulb,40/60W Dimmable Filament light bulb,B22_Base_Bulb | Bulb | Bulb_B22_Base | Bulb_B22_Base B | Bulb_E27_Base | Dekorative Glühbirnen | E27 Base Bulb B | E27_Base_Bulb | Glühbirne E27 | LED | LED Bulb | LED Light Bulb | LED bulbs | LED_Bulbs | LIGHT_BULB | Light Bulbs | Light Bulbs (Appliance) | Light Bulbs (General-Purpose),23.16,27.36,LIKELY EXCLUDE,,,
ledsone de,405328319790,CCGNNWE24,,LED driver 600mA Trafo Treiber Transformator Netzteil 24W 30-40V LED Lampe,LED_Transformers | TRANSFORMER,0.00,27.27,LIKELY EXCLUDE,,,
ledsone de,406014721354,LHC1E27WH,Heat bulb holder,Heat bulb holder,"Ceramic_Holders | Downlight Lampholders | LAMP | LIGHT_BULB_SOCKET | Lamp Holders | Lamp shades, holders & accessories | Lamp_Holder | Lampenfassung Keramik",11.67,27.25,LIKELY EXCLUDE,,,
Electricalsone,265704658785,12IP20100-IDE,DC 12V IP20 LED Driver,DC 12V IP20 LED Driver,POWER_SUPPLY | TRANSFORMER | Transformator | Transformatoren & Netzteile,0.00,27.05,LIKELY EXCLUDE,,,
Ledsone,165398285367,CL3RBW,CL3RRH5PK,CL3RRH5PK,Cable | Cables | Cables & LED drivers | ELECTRONIC_WIRE | Electrical Wires & Cable | Multi-Core Cables | Textilkabel 3-adrig Gedreht | Vintage_Cables | cable,68.45,26.97,LIKELY EXCLUDE,,,
Ledsone,165277421547,CCGNNWE60,,LED Driver Power Supply Transformer 48-60W AC 240V DC 30-43V 1000MA Driver IP20,Cables & LED drivers | Constant Current Transformer | LED_Transformers | TRANSFORMER,17.58,26.97,LIKELY EXCLUDE,,,
Ledsone,163806332983,CRSF100BL+PHTT1PWRBL,Thin Holder set,Thin Holder set,Ceiling Pendant Lights | Ceiling_Lamp_Lights | LIGHT_BULB_SOCKET | LIGHT_FIXTURE | Pendant Lamp | Pendant Light | Pendant Lighting | Pendant_Holder | pendant lightss,0.00,26.97,LIKELY EXCLUDE,,,
Sunsone,313614825883,LHSBE27BM,E27 Edison Bulbs Holder,E27 Edison Bulbs Holder,"Lamp Holders | Lamp shades, holders & accessories | Lamp_Holder",0.00,26.97,LIKELY EXCLUDE,,,
Ledsone,166910180822,ENC5318,sku not assigneds,sku not assigneds,5 Head Spider Light | LIGHT_BULB_SOCKET | LIGHT_FIXTURE | Pendant Lighting,107.56,26.89,LIKELY EXCLUDE,,,
Ledsone,165867604543,CRSF100BL+PHTT1PWRBL,multi colour 3 way spider,multi colour 3 way spider,Ceiling Lights & Chandeliers | Ceiling Pendant Lights | Ceiling_Lamp_Lights | LIGHT_BULB_SOCKET | LIGHT_FIXTURE | Pendant Light | Pendant_Holder | Spider Lights | pendant lightss,19.46,26.89,LIKELY EXCLUDE,,,
Ledsone,161970161622,12ASIP20100,12V IP20 LED Drivers,12V IP20 LED Drivers,Cables & LED drivers | Constant Voltage Transformer | DC 12V Transformer | ELECTRIC_LIGHT | LED_Transformers | POWER_SUPPLY | PRODUCT | Power Supply | SYSTEM_POWER_DEVICE | TRANSFORMER | Transformatoren & Netzteile | Transformer | Transformer_LED | Transformers | slim transformers,113.00,26.85,LIKELY EXCLUDE,,,
Ledsone,162153941026,LDEH70E273,,Vintage Retro Edison light bulb 3W E27 Lamp 240V Antique Filament LED Light Bulb,Bulb | LED Bulb | LED_Bulbs | LIGHT_BULB,0.00,26.70,LIKELY EXCLUDE,,,
Electricalsone,265519232134,LDMST64E2743PK,,3Pack Vintage Antique Edison Bulb Lamp 240V Filament 4W LED Light Bulb E27 Screw,Bulb | LED | LED Bulb | LED bulbs | LED_Bulbs | LIGHT_BULB,0.00,26.18,LIKELY EXCLUDE,,,
Electricalsone,265660323467,12BO100-IDE,Blue & orange Transformer,Blue & orange Transformer,TRANSFORMER | Transformatoren & Netzteile,12.93,26.12,LIKELY EXCLUDE,,,
Ledsone,167943689167,CERU36150GR,GREEN CABLE TIES,GREEN CABLE TIES,CABLE_TIE | Cable Clip | Cable Ties | Hardware & fixings | Home & Garden | Tile Levelling Kits,0.00,26.06,LIKELY EXCLUDE,,,
ledsone de,405328533703,CCBKNWE12-IDE,LED Driver Netzteil Trafo,LED Driver Netzteil Trafo,Cables & LED drivers | DC 24V Transformer | Konstantstrom-Transformatoren | Lighting Parts | STRING_LIGHT | TRANSFORMER | Transformers,21.66,25.91,LIKELY EXCLUDE,,,
Sunsone,318083917247,CL3TAG5PK,CL3TBTAPK,CL3TBTAPK,Cable | Cables | Cables & LED drivers | ELECTRONIC_WIRE | Electrical Wires & Cable | Flexible Conduit Lengths | Multi-Core Cables | Vintage Cable | Vintage_3Core_Twisted_Cable | Vintage_Cables | cable,0.00,25.88,LIKELY EXCLUDE,,,
Electricalsone,265916665387,CL3RAG5PK,CL3R-3 core round cables 5pk,CL3R-3 core round cables 5pk,Cable | Cable Ties | Cables | Cables & LED drivers | ELECTRONIC_WIRE | Electrical Wires & Cable | Lighting Parts | Multi-Core Cables | Vintage Cable | Vintage_3Core_Round_Cable | Vintage_Cables | cable,0.00,25.76,LIKELY EXCLUDE,,,
Ledsone,164958853389,12MIP2015,,DC 12V 15W Small Universal Regulated Switching Power Supply Transformer Driver,Cables & LED drivers | Constant Voltage Transformer | TRANSFORMER | Transformers,35.63,25.45,LIKELY EXCLUDE,,,
ledsone uk de,165172397508,CL2TBD5PK-IDE,2 core twisted fabric cable DE,2 core twisted fabric cable DE,Cable | Cables & LED drivers | ELECTRONIC_WIRE | Electrical Wires & Cable | Multi-Core Cables | Textilkabel | Textilkabel 3-adrig Rund | Vintage_Cables | cable,12.52,25.28,LIKELY EXCLUDE,,,
ledsone de,407140975593,CCBKNWE73PK,,LED Driver Kompakt Netzteil Treiber Lampe Licht Trafo Transformator 4-7W 300mA,Möbel & Wohnen:Beleuchtung:Lampenteile,0.00,25.20,LIKELY EXCLUDE,,,
Sunsone,313614826159,LDMC35E1422PK,E27 Vintage Bulb,E27 Vintage Bulb,Bulb | Bulb_B22_Base B | Bulb_E27_Base | E27 Base Bulb B | E27 Bulb | E27_Base_Bulb | LED Bulb | LED Light Bulb | LED bulbs | LIGHT_BULB | Light Bulbs (General-Purpose),75.38,24.88,LIKELY EXCLUDE,,,
Ledsone,165196214807,12IP20100,IP20LED DRIVERS,IP20LED DRIVERS,Cables & LED drivers | Constant Voltage Transformer | DC 12V Transformer | DC 24V Transformer | DC 5V Transformer | ELECTRIC_LIGHT | LED_Lights | LED_Transformers | Lamp_Holder | Lampshades & Lightshades | POWER_SUPPLY | PRODUCT | Power Supply | SYSTEM_POWER_DEVICE | Switching Power Supply | TRANSFO,0.00,24.78,LIKELY EXCLUDE,,,
Electricalsone,266191629427,CL2RBL,Cord Wire,Cord Wire,Cable | Cables | Cables & LED drivers | ELECTRONIC_WIRE | Electric round cable | Electrical Wires & Cable | Multi-Core Cables | Vintage Cable | Vintage_2Core_Round_Cable | Vintage_Cables | cable,0.00,24.41,LIKELY EXCLUDE,,,
Electricalsone,265704627929,12IP6710-IDE,12IP67 Waterproof Transformer,12IP67 Waterproof Transformer,Cables & LED drivers | Constant Voltage Transformer | Dc 12V Transformator | LED_Transformers | TRANSFORMER | Transformatoren & Netzteile | Transformer_LED | Transformers,79.11,24.35,LIKELY EXCLUDE,,,
Ledsone,163909043637,12RPIP45100,Rain Proof transformer,Rain Proof transformer,Cables & LED drivers | DC 12V Transformer | LED_Transformers | POWER_SUPPLY | TRANSFORMER | Transformatoren & Netzteile | Transformers,0.00,24.19,LIKELY EXCLUDE,,,
ledsone uk de,167638684991,12BO100-IDE,,,TRANSFORMER | Transformatoren & Netzteile,14.65,24.02,LIKELY EXCLUDE,,,
Electricalsone,266001225839,12IP67500,,,Cables & LED drivers | Constant Voltage Transformer | DC 5V Transformer | LED_Transformers | TRANSFORMER | Transformer | Transformers,29.65,23.89,LIKELY EXCLUDE,,,
Ledsone,167563534099,PHUH2HETBM+SPSDCSBM+WCSPROCO,sku not assigneds,sku not assigneds,Hemp Rope Pendant Light | LIGHT_BULB_SOCKET | LIGHT_FIXTURE | Pendant Light,23.89,23.89,LIKELY EXCLUDE,,,
Electricalsone,266404391594,COI9ABM,,,Andere | Connector | Connectors & junction boxes | ELECTRICAL_HOUSING | Wire & Cable Connectors,0.00,23.71,LIKELY EXCLUDE,,,
Sunsone,314558038121,CL2TBL,Fabric Cable,Fabric Cable,Cable | Cable Ties | Cables | Cables & LED drivers | ELECTRONIC_WIRE | Electrical Wires & Cable | Multi-Core Cables | Textilkabel 3-adrig Gedreht | Twisted Vintage fabric Cable | Vintage_3Core_Twisted_Cable | Vintage_Cables | cable,0.00,23.65,LIKELY EXCLUDE,,,
Ledsone,162075051842,CCBC12,Constant current Transformers,Constant current Transformers,Cables & LED drivers | Constant Current Transformer | Konstantstrom_Transformator | LED_Transformers | TRANSFORMER | Transformatoren & Netzteile | Transformers,0.00,23.47,LIKELY EXCLUDE,,,
Electricalsone,265660324908,12IP20100-IDE,DC 5V 12V 24V Netzteil f?r LED-Streifen,DC 5V 12V 24V Netzteil f?r LED-Streifen,Cables & LED drivers | Constant Voltage Transformer | DC 24V Transformer | DC 5V Transformer | LED_Transformers | POWER_SUPPLY | Stromwandler | TRANSFORMER | Transformator | Transformatoren & Netzteile | Transformer | Transformers,15.48,23.28,LIKELY EXCLUDE,,,
Electricalsone,265660324907,12IP20100-IDE,DC 12V IP20 LED Driver,DC 12V IP20 LED Driver,POWER_SUPPLY | TRANSFORMER | Transformator | Transformatoren & Netzteile,14.33,23.24,LIKELY EXCLUDE,,,
Sunsone,313614826008,LHRIE27BM+CGMLBM,Black and White E27 Bulb Holder,Black and White E27 Bulb Holder,"Lamp Holder | Lamp Holders | Lamp shades, holders & accessories | Lamp_Holder | Lampenfassung",23.56,23.07,LIKELY EXCLUDE,,,
Ledsone,162979285541,CL2TBL,CL3TBT,CL3TBT,Cable | Cable Ties | Cables | Cables & LED drivers | ELECTRONIC_WIRE | Electrical Wires & Cable | Multi-Core Cables | Twisted Vintage fabric Cable | Vintage_3Core_Twisted_Cable | Vintage_Cables | cable,177.55,23.03,LIKELY EXCLUDE,,,
Ledsone,164411195703,12IP20360,360W 12V / 24V LED Driver,360W 12V / 24V LED Driver,Cables & LED drivers | Constant Voltage Transformer | DC 12V Transformer | DC 24V Transformer | LED_Transformers | Power Supply | TRANSFORMER | Transformatoren & Netzteile | Transformer | Transformers,22.89,22.89,LIKELY EXCLUDE,,,
Sunsone,317068389899,12IP20100,,,Cables & LED drivers | Constant Voltage Transformer | DC 12V Transformer | DC 24V Transformer | DC 5V Transformer | ELECTRIC_LIGHT | LED_Transformers | POWER_SUPPLY | PRODUCT | Power Supply | SYSTEM_POWER_DEVICE | Switching Power Supply | TRANSFORMER | Transformatoren & Netzteile | Transformer | Tra,179.30,22.69,LIKELY EXCLUDE,,,
ledsone uk de,164923153216,12IP6710-IDE,12V LED Drivers DE,12V LED Drivers DE,Cables & LED drivers | Constant Voltage Transformer | Dc 12V Transformator | LED_Transformers | TRANSFORMER | Transformatoren & Netzteile | Transformer_LED | Transformers,266.73,22.49,LIKELY EXCLUDE,,,
Ledsone,166353979583,LDCCB2210,Stick Bulbs,Stick Bulbs,Bulb | Bulb_B22_Base | Bulb_E27_Base | LED bulbs | LIGHT_BULB,14.88,22.47,LIKELY EXCLUDE,,,
Electricalsone,266188024005,CCBKNWE12,,,Cables & LED drivers | Constant Current Transformer | Constant Voltage Transformer | Konstantstrom-Transformatoren | LED_Transformers | Lighting Parts | STRING_LIGHT | TRANSFORMER | Transformers,181.60,22.06,LIKELY EXCLUDE,,,
Electricalsone,266027916399,LHBGE27BM,Bulb Holder,Bulb Holder,"Downlight Lampholders | LAMP | LIGHT_BULB_SOCKET | Lamp Holder | Lamp Holders | Lamp shades, holders & accessories | Lamp_Holder | Lampenfassung | Lampenfassungen Metall | Light Bulbs | Light Fittings | Lighting Accessories | Lighting Parts | PRODUCT",259.59,21.98,LIKELY EXCLUDE,,,
Electricalsone,265660353908,CCBKNWE12-IDE,CCBKNWE 3W 7W 12W 18W 25W 36W 50W,CCBKNWE 3W 7W 12W 18W 25W 36W 50W,Cables & LED drivers | DC 24V Transformer | Konstantstrom-Transformatoren | Lighting Parts | STRING_LIGHT | TRANSFORMER | Transformers,68.67,21.98,LIKELY EXCLUDE,,,
Electricalsone,266194575535,CL2RBM5PK,Vintage cables,Vintage cables,Cable | Cables | Cables & LED drivers | ELECTRONIC_WIRE | Electic cable | Electrical Wires & Cable | Flexible Conduit Lengths | Light Bulbs (Appliance) | Multi-Core Cables | Vintage Cable | Vintage_3Core_Round_Cable | Vintage_3Core_Twisted_Cable | Vintage_Cables | cable | cables,16.88,21.98,LIKELY EXCLUDE,,,
Ledsone,162566689347,12AT60,DC12V LED driver,DC12V LED driver,Cables & LED drivers | Constant Voltage Transformer | LED_Transformers | POWER_SUPPLY | PRODUCT | TRANSFORMER | Transformers,0.00,21.98,LIKELY EXCLUDE,,,
Ledsone,163399576524,PSDS2BMRBU,,Fabric Flex Cable 2m Plug In Pendant Lamp Light Set E27 Fitting Dimmer Light Set,LIGHT_BULB_SOCKET | Plugin_Lighting,0.00,21.98,LIKELY EXCLUDE,,,
Ledsone,164940449913,CCGNNSWE48,,LED Driver Power Supply Transformer 48W 600mA Constant Current Driver DC54-100V,Cables & LED drivers | Constant Current Transformer | LED_Transformers | Transformers,0.00,21.98,LIKELY EXCLUDE,,,
Sunsone,313614826214,LHSHE27BA2PK,Bulb Holders E27,Bulb Holders E27,"Downlight Lampholders | LIGHT_BULB_SOCKET | Lamp shades, holders & accessories",0.00,21.98,LIKELY EXCLUDE,,,
Ledsone,162704049365,CH18HW30,4/9/18 Channel CCTV BOX,4/9/18 Channel CCTV BOX,Cables & LED drivers | Other Surveillance Parts & Accessories,190.89,21.89,LIKELY EXCLUDE,,,
Ledsone,164801492170,LDMST64E2746PK,,LED Vintage Dimmable Light A+ Filament Decorative Antique Edison Amber Bulbs E27,Bulb | Bulb_E27_Base | LED | LED Bulb | LED bulbs | LED_Bulbs | LIGHT_BULB | Light Bulbs (General-Purpose),0.00,21.89,LIKELY EXCLUDE,,,
Electricalsone,267147084463,12IP20100,sku not assigneds,sku not assigneds,Cables & LED drivers | Constant Voltage Transformer | DC 12V Transformer | LED_Transformers | Lighting Parts | POWER_SUPPLY | PRODUCT | Power Supply | SYSTEM_POWER_DEVICE | TRANSFORMER | Transformatoren & Netzteile | Transformer | Transformer_LED | Transformers | Waterproof Transformers,0.00,21.89,LIKELY EXCLUDE,,,
Electricalsone,266670188511,CRSF100BM+CL3TBM+LHSHE27BY,,,Ceiling Rose | Ceiling Rose/ Bulb Holder/ Fibric Cable | LIGHT_BULB_SOCKET | Lamp Holders,64.74,21.58,LIKELY EXCLUDE,,,
ledsone de,405328319821,PHBL2PBRBM-IDE,Holder with cable only,Holder with cable only,Pendelhalter,0.00,21.28,LIKELY EXCLUDE,,,
Ledsone,168490807772,WSWTCBM,,Vintage Industrial Pendant Ceiling Light Black Wire Cage Hanging Lamp Shade,Pendant Light | Wall lights,0.00,21.18,LIKELY EXCLUDE,,,
Ledsone,164714077597,12IP20100,Non Water proof LED Transformer,Non Water proof LED Transformer,Cables & LED drivers | Constant Voltage Transformer | DC 12V Transformer | DC 24V Transformer | DC 5V Transformer | ELECTRIC_LIGHT | LED_Transformers | POWER_SUPPLY | PRODUCT | Power Supply | SYSTEM_POWER_DEVICE | Switching Power Supply | TRANSFORMER | Transformatoren & Netzteile | Transformer | Tra,0.00,20.98,LIKELY EXCLUDE,,,
Sunsone,316829411637,CL2RAG,CL2RAG,CL2RAG,2_Core_Round_Cable | Cable | Cables | Cables & LED drivers | ELECTRONIC_WIRE | Electric round cable | Electrical Wires & Cable | Lighting Parts | Multi-Core Cables | Textilkabel 2-adrig Rund | Textilkabel 3-adrig Gedreht | Vintage Cable | Vintage_2Core_Round_Cable | Vintage_Cables | cable | cables,0.00,20.86,LIKELY EXCLUDE,,,
ledsone de,405327169129,LDA60E274-IDE,LED ST64 4/6/8,LED ST64 4/6/8,Bulb | Bulb_E27_Base | Dekorative Glühbirnen | E27 Base Bulb B | E27_Base_Bulb | Glühbirne E27 | LED | LED Bulb | LED Glühbirnen | LED Light Bulb | LED bulbs | LED_Bulbs | LIGHT_BULB | LIGHT_FIXTURE | Light Bulbs | Light Bulbs (Appliance) | Light Bulbs (General-Purpose),25.31,20.34,LIKELY EXCLUDE,,,
ledsone de,405328533769,12BO100-IDE,Trafo DC12V Treiber Driver 18W -100W,Trafo DC12V Treiber Driver 18W -100W,Cables & LED drivers | TRANSFORMER | Transformatoren & Netzteile,0.00,20.16,LIKELY EXCLUDE,,,
Ledsone,164388993564,PSDS2BMBBM,2m / 4m PVC Cable kit,2m / 4m PVC Cable kit,LIGHT_BULB_SOCKET | Plug in Pendant Light | Plugin_Lighting | Plugin_Pendant,118.90,19.98,LIKELY EXCLUDE,,,
Electricalsone,266109413426,LDSG125LOE274,Bulbs New,Bulbs New,Bulb | Bulb_E27_Base | Dekorative Glühbirnen | E27 Bulb | E27_Base_Bulb | Glühbirne E27 | LED Bulb | LED Bulbs | LED Glühbirnen | LED Light Bulb | LED Light Bulbs | LED bulbs | LED_Bulbs | LIGHT_BULB | Light Bulbs | Light Bulbs (General-Purpose),0.00,19.98,LIKELY EXCLUDE,,,
Sunsone,317593527527,CENU1001200WH,CENU-CABLE TIES,CENU-CABLE TIES,CABLE_TIE | Cable Tie | Cable Ties | Hardware & fixings | Plumbing Repair Kits,0.00,19.94,LIKELY EXCLUDE,,,
ledsone de,406437919935,CRSF100BM2PK+PHHR1HETHE2PK,Hemp Rope Lights,Hemp Rope Lights,Ceiling Lights & Chandeliers | Ceiling Pendant Lights | LIGHT_FIXTURE | Pendant Lighting | Pendant Lights | Pendant light | Pendant_Lamp_Lights | Pendelleuchten | Vintage_Lamp_Lights | Wire Cage,0.00,19.89,LIKELY EXCLUDE,,,
ledsone de,406615891061,PHHCF1BMRBM,,,Ceiling Pendant Lights | LIGHT_BULB_SOCKET | LIGHT_FIXTURE | PRODUCT | Pendant Lighting | Pendant_Lamp_Lights | Pendelleuchte,0.00,19.59,LIKELY EXCLUDE,,,
ledsone uk de,163977773749,CL2RBD-IDE,3/2 core textile Power cable,3/2 core textile Power cable,Cables | Cables & LED drivers | ELECTRONIC_WIRE | Electrical Wires & Cable | Multi-Core Cables | Textilkabel | Textilkabel 2-adrig Rund | Textilkabel 3-adrig Gedreht | Vintage_Cables | cable,42.32,19.58,LIKELY EXCLUDE,,,
Electricalsone,265621233481,LDMA60E274-IDE,LDM E27 Vintage dimmbar LED,LDM E27 Vintage dimmbar LED,Bulb | Bulb_B22_Base B | Bulb_E27_Base | Dekorative Glühbirnen | E27 Base Bulb B | E27 Bulb | E27_Base_Bulb | LED Bulb | LED Glühbirnen | LED Light Bulb | LED bulbs | LIGHT_BULB | Light Bulbs | Light Bulbs (General-Purpose),54.28,19.47,LIKELY EXCLUDE,,,
Ledsone,162898729481,LDMST64B224,,,B22_Base_Bulb | Bulb | Bulb_B22_Base B | Bulb_E27_Base | Dekorative Glühbirnen | E27 Base Bulb B | E27_Base_Bulb | Glühbirne E27 | LED | LED Bulb | LED Light Bulb | LED bulbs | LED_Bulbs | LIGHT_BULB | Light Bulbs (Appliance) | Light Bulbs (General-Purpose),11.78,19.27,LIKELY EXCLUDE,,,
ledsone uk de,168689865290,24IP67100,,Wasserdicht Trafo LED Treiber 100W DC 24V Netzteil IP67 240V LED Streifen,Cables & LED drivers | Constant Voltage Transformer | LED_Transformers | TRANSFORMER | Transformers,0.00,19.16,LIKELY EXCLUDE,,,
Electricalsone,265660323446,CL2RBM-IDE,CL2/3 R/T Black/White Cables,CL2/3 R/T Black/White Cables,Cable | Cables | Cables & LED drivers | ELECTRONIC_WIRE | Electrical Wires & Cable | Light Bulbs (Appliance) | Multi-Core Cables | Textilkabel 2-adrig Rund | Textilkabel 3-adrig Gedreht | Textilkabel 3-adrig Rund | Vintage Cable | Vintage_3Core_Twisted_Cable | Vintage_Cables | cable,0.00,19.08,LIKELY EXCLUDE,,,
Electricalsone,267588474120,LDMG95E274,LED Bulbs,LED Bulbs,Bulb | Bulb_E27_Base | E27 Base Bulb B | E27_Base_Bulb | LED Bulb | LED Light Bulb | LED bulbs | LED_Bulbs | LIGHT_BULB | Light Bulbs (General-Purpose),0.00,18.99,LIKELY EXCLUDE,,,
ledsone de,405327169280,LDMST64E2744PK-IDE,,4x E27 LED Glühbirne Vintage Edison Filament Leuchtmittel Nostalgie Retro Bulbs,Light Bulbs,0.00,18.96,LIKELY EXCLUDE,,,
Ledsone,168044837436,LDMA60B228CW,Dimmable LED Bulbs,Dimmable LED Bulbs,B22 Base Bulb B | B22 Base LED Bulb | B22_Base_Bulb | Bulb | Bulb_B22_Base | Bulb_B22_Base B | Bulb_E27_Base | Dekorative Glühbirnen | E27 Base Bulb B | E27 Bulb | E27_Base_Bulb | Glühbirne B22 | Glühbirne E27 | LED | LED Bulb | LED Bulbs | LED Light Bulb | LED bulbs | LED_Bulbs | LIGHT_BULB | Light,0.00,18.90,LIKELY EXCLUDE,,,
Electricalsone,267214013617,12UK3P1A,5A 3Pin UK Adapter,5A 3Pin UK Adapter,Adapter | CHARGING_ADAPTER | Cables & LED drivers | Connector | Connectors & junction boxes | Netzteiladapter | Power_Supply_Adapter | Transformers,11.89,18.85,LIKELY EXCLUDE,,,
ledsone uk de,163945240121,CL2TBDAPK-IDE,2 core twisted fabric cable DE,2 core twisted fabric cable DE,Textilkabel | Textilkabel 3-adrig Rund | cable,0.00,18.74,LIKELY EXCLUDE,,,
Ledsone,163445610793,CL3TAG,CL3TWM,CL3TWM,Cable | Cable Ties | Cables | Cables & LED drivers | ELECTRONIC_WIRE | Electrical Wires & Cable | Flexible Conduit Lengths | Multi-Core Cables | Textilkabel 3-adrig Gedreht | Vintage Cable | Vintage_3Core_Twisted_Cable | Vintage_Cables | cable,458.24,18.67,LIKELY EXCLUDE,,,
Sunsone,316700469408,CCBC123PK-IDE,Blue case LED Driver,Blue case LED Driver,Konstantstrom_Transformator,0.00,18.65,LIKELY EXCLUDE,,,
Electricalsone,265660353915,12IP67100-IDE,12IP67 trafo,12IP67 trafo,Cables & LED drivers | Constant Voltage Transformer | Dc 12V Transformator | LED_Transformers | TRANSFORMER | Transformatoren & Netzteile | Transformers,0.00,18.47,LIKELY EXCLUDE,,,
ledsone uk de,165004468143,12ASIP20100-IDE,12ASIP20 60 -300 Slim LED Trasformer,12ASIP20 60 -300 Slim LED Trasformer,Transformatoren & Netzteile,0.00,18.11,LIKELY EXCLUDE,,,
ledsone uk de,165122364241,5IP2010-IDE,IP20 5V Transformer,IP20 5V Transformer,DC 5V Transformer | Stromwandler | TRANSFORMER | Transformatoren & Netzteile,13.15,18.06,LIKELY EXCLUDE,,,
Sunsone,317622548358,CKA12ATC518BM,4X-GMPP-21KT,4X-GMPP-21KT,Alarm & table clocks | Alarm Clock | CLOCK | Clock | Clocks | Light Bulb Creative Clock | Moon Base Table Clock | Table Clock | Table Radio Clock | Table clock | Trumpet Alarm Clock,0.00,17.98,LIKELY EXCLUDE,,,
Sunsone,314038289460,CL3TAG,Twisted Vintage Braided Fabric Electrical Cable,Twisted Vintage Braided Fabric Electrical Cable,Cable | Cable Ties | Cables | Cables & LED drivers | ELECTRONIC_WIRE | Electrical Wires & Cable | Flexible Conduit Lengths | Multi-Core Cables | Textilkabel 3-adrig Gedreht | Vintage Cable | Vintage_3Core_Twisted_Cable | Vintage_Cables | cable,40.59,17.97,LIKELY EXCLUDE,,,
Sunsone,317004325684,CL3TAG,CL3THE,CL3THE,Cable | Cable Ties | Cables | Cables & LED drivers | ELECTRONIC_WIRE | Electrical Wires & Cable | Multi-Core Cables | Textilkabel 3-adrig Gedreht | Vintage_3Core_Twisted_Cable | Vintage_Cables | cable,9.57,17.97,LIKELY EXCLUDE,,,
Ledsone,162874153468,CCBC12,,UK Stock LED Driver Switch Power Supply Transformer - for AC 240V to DC 34 - 46V,Cables & LED drivers | Constant Current Transformer | LED_Transformers | TRANSFORMER | Transformers,0.00,17.97,LIKELY EXCLUDE,,,
Electricalsone,265660318569,12ASIP20100-IDE,5/12/24 v 10w-720w,5/12/24 v 10w-720w,DC 5V Transformer | POWER_SUPPLY | TRANSFORMER | Transformator | Transformatoren & Netzteile,103.89,17.96,LIKELY EXCLUDE,,,
Ledsone,168278453798,LDMG80E2742PK,,2 Pack E27 Edison Retro Filament LED Bulb Vintage Dimmable Light G80 Light Bulbs,Bulb | E27 Base Bulb B | LED Bulb | LED bulbs | LIGHT_BULB,0.00,17.96,LIKELY EXCLUDE,,,
Ledsone,163780604556,CRFF100CH+PHUP1PCRCH,Switch holder cluster light,Switch holder cluster light,Ceiling Lights & Chandeliers | LIGHT_BULB_SOCKET | LIGHT_SOURCE | Pendant Lighting | Pendant_Holder | Pendant_Lamp_Lights,0.00,17.78,LIKELY EXCLUDE,,,
ledsone uk de,168613371141,CCBKNWE32PK,,,Cables & LED drivers | STRING_LIGHT | TRANSFORMER | Transformers,0.00,17.48,LIKELY EXCLUDE,,,
ledsone de,406167816508,12BO28,BLUE AND ORANGE LED DRIVER,BLUE AND ORANGE LED DRIVER,Cables & LED drivers | Constant Voltage Transformer | LED_Transformers | TRANSFORMER | Transformers,0.00,17.44,LIKELY EXCLUDE,,,
Electricalsone,266622001389,LDMST64E278-IDE,,,LED Glühbirnen | LIGHT_BULB | Light Bulbs,0.00,17.32,LIKELY EXCLUDE,,,
ledsone de,406467337589,CL3RAG5PK,Rundkabel 3-adriges,Rundkabel 3-adriges,Cable | Cables | Cables & LED drivers | ELECTRONIC_WIRE | Electrical Wires & Cable | Lighting Parts | Multi-Core Cables | Textilkabel 3-adrig Gedreht | Vintage Cable | Vintage_3Core_Round_Cable | Vintage_Cables | cable,0.00,17.18,LIKELY EXCLUDE,,,
Electricalsone,263394633250,CL3RGDAPK,,3Core Round Braided  Fabric Gold Colour Cable Lighting Lamp Flex 0.75mm 10M,Cable | Cables & LED drivers | ELECTRONIC_WIRE | Electrical Wires & Cable | cable,0.00,17.09,LIKELY EXCLUDE,,,
Ledsone,163643497151,12ASIP20100,DC12VIP20 Slim Drivers,DC12VIP20 Slim Drivers,Cables & LED drivers | Constant Voltage Transformer | Power Supply | TRANSFORMER | Transformers | slim transformers,0.00,16.99,LIKELY EXCLUDE,,,
Electricalsone,267214070805,12BO100,BLUE AND ORANGE LED DRIVER,BLUE AND ORANGE LED DRIVER,Cables & LED drivers | Constant Voltage Transformer | LED_Transformers | POWER_SUPPLY | TRANSFORMER | Transformatoren & Netzteile | Transformer_Constant_Voltage | Transformers,27.87,16.89,LIKELY EXCLUDE,,,
Electricalsone,266188024144,12IP6710,240V DC12V/24V LED,240V DC12V/24V LED,Cables & LED drivers | Constant Voltage Transformer | DC 5V Transformer | LED_Transformers | TRANSFORMER | Transformatoren & Netzteile | Transformer | Transformer_LED | Transformers | Waterproof Transformers,113.14,16.49,LIKELY EXCLUDE,,,
Ledsone,164670579403,ICG125B2240,Vintage Bulbs,Vintage Bulbs,B22_Base_Bulb | Bulb | Bulb_B22_Base | Bulb_B22_Base B | Bulb_E14_Base | Bulb_E27_Base | Dekorative Glühbirnen | E14_Base_Bulb | E26_Base_Bulb | E27 Base Bulb B | E27_Base_Bulb | Glühbirne E27 | Incandescent | Incandescent_Bulb | LED | LED Bulb | LED Bulbs | LED Light Bulb | LED bulbs | LED_Bulbs | ,0.00,16.47,LIKELY EXCLUDE,,,
ledsone de,405328533717,12ASIP20100-IDE,DC 12V LED Netzteil Trafo,DC 12V LED Netzteil Trafo,Constant Voltage Transformer | LED_Transformers | POWER_SUPPLY | Power Supply | TRANSFORMER | Transformatoren & Netzteile,0.00,16.43,LIKELY EXCLUDE,,,
Ledsone,167922530838,CL2RBK,CL3RBM,CL3RBM,Cable | Cable Ties | Cables | Cables & LED drivers | ELECTRONIC_WIRE | Electic cable | Electric round cable | Electrical Wires & Cable | Lighting Parts | Multi-Core Cables | Textilkabel 2-adrig Rund | Textilkabel 3-adrig Gedreht | Twisted Vintage fabric Cable | Vintage Cable | Vintage_3Core_Twisted_,0.00,16.15,LIKELY EXCLUDE,,,
Ledsone,165902994694,LDMA60B228CW,Vintage Edison Light Bulbs,Vintage Edison Light Bulbs,B22 Base Bulb B | B22 Base LED Bulb | B22_Base_Bulb | Bulb | Bulb_B22_Base | Bulb_B22_Base B | Bulb_E14_Base | Bulb_E27_Base | Dekorative Glühbirnen | E14_Base_Bulb | E27 Base Bulb B | E27 Bulb | E27_Base_Bulb | Glühbirne B22 | Glühbirne E27 | LED | LED Bulb | LED Bulbs | LED Light Bulb | LED bulbs ,0.00,15.98,LIKELY EXCLUDE,,,
ledsone uk de,165707696131,LDMST64E274-IDE,LDMST64E27 LED Glühbirne,LDMST64E27 LED Glühbirne,Dekorative Glühbirnen | LED Glühbirnen | LIGHT_BULB | Light Bulbs,0.00,15.96,LIKELY EXCLUDE,,,
Sunsone,316699406188,WCB1WH2PK+RPR44WH2PK-IDE,WCB- Pattern Wire Cage Easy Fit,WCB- Pattern Wire Cage Easy Fit,,8.69,15.85,LIKELY EXCLUDE,,,
ledsone de,405328319945,12IP6710-IDE,IP67 DC 12V 10-350W Wasserdicht für LED Streifen,IP67 DC 12V 10-350W Wasserdicht für LED Streifen,Cables & LED drivers | Constant Voltage Transformer | Dc 12V Transformator | LED_Transformers | TRANSFORMER | Transformatoren & Netzteile | Transformers,34.08,15.82,LIKELY EXCLUDE,,,
Sunsone,314080856191,PSOS2HERBM,5m brown twisted fabric cable with normal switch,5m brown twisted fabric cable with normal switch,LIGHT_BULB_SOCKET | LIGHT_FIXTURE | Light Bulbs,75.56,15.79,LIKELY EXCLUDE,,,
Ledsone,167403486899,LDMST64E274,sku not assigneds,sku not assigneds,Bulb | Bulb_E27_Base | Dekorative Glühbirnen | E27 Bulb | E27_Base_Bulb | Glühbirne E27 | LED | LED Bulb | LED Bulbs | LED Glühbirnen | LED Light Bulb | LED Light Bulbs | LED bulbs | LED_Bulbs | LIGHT_BULB | Light Bulbs | Light Bulbs (Appliance) | Light Bulbs (General-Purpose),161.98,15.78,LIKELY EXCLUDE,,,
Ledsone,163017275623,CL3RBK3PK,CL3RLG3PK,CL3RLG3PK,Cables & LED drivers | cable,0.00,15.78,LIKELY EXCLUDE,,,
Sunsone,317095286709,CL2RBK,CL3RBM,CL3RBM,Cable | Cable Ties | Cables | Cables & LED drivers | ELECTRONIC_WIRE | Electic cable | Electric round cable | Electrical Wires & Cable | Lighting Parts | Multi-Core Cables | Textilkabel 2-adrig Rund | Textilkabel 3-adrig Gedreht | Twisted Vintage fabric Cable | Vintage Cable | Vintage_3Core_Twisted_,249.71,15.45,LIKELY EXCLUDE,,,
Huttenlampen,394252502621,CL3TAG-IDE,verdrilltes 3-adriges Kabel,verdrilltes 3-adriges Kabel,ELECTRONIC_WIRE | Textilkabel 3-adrig Gedreht,14.64,15.45,LIKELY EXCLUDE,,,
Sunsone,313614826197,12BO100,DC12V 18W -100W Blue and orange,DC12V 18W -100W Blue and orange,Cables & LED drivers | Constant Voltage Transformer | LED_Transformers | POWER_SUPPLY | TRANSFORMER | Transformer_Constant_Voltage | Transformers,150.84,15.29,LIKELY EXCLUDE,,,
Ledsone,163452051532,12BO100,18-100W Transformer orange,18-100W Transformer orange,Cables & LED drivers | Constant Voltage Transformer | LED_Transformers | TRANSFORMER | Transformer_Constant_Voltage | Transformers,0.00,15.29,LIKELY EXCLUDE,,,
Ledsone,167241282085,WJCUFFJWH2PK,IP65 WATERPROOF JUNCTION BOX ENCLOSURE TERMINAL EL,IP65 WATERPROOF JUNCTION BOX ENCLOSURE TERMINAL EL,Connectors & junction boxes | ELECTRICAL_HOUSING | Junction Box | Junction Boxes & Connectors | Weatherproof Junction Boxes | Wire Connectors | home-applications,0.00,14.99,LIKELY EXCLUDE,,,
ledsone de,406048176823,CCBKNWE18,,,Cables & LED drivers | Constant Current Transformer | Constant Voltage Transformer | Konstantstrom-Transformatoren | LED_Transformers | Lighting Parts | STRING_LIGHT | TRANSFORMER | Transformers,0.00,14.95,LIKELY EXCLUDE,,,
Sunsone,317112447301,CL2RAG,CL3TBM,CL3TBM,2_Core_Round_Cable | Cable | Cable Ties | Cables | Cables & LED drivers | ELECTRONIC_WIRE | Electric round cable | Electrical Wires & Cable | Lighting Parts | Multi-Core Cables | Textilkabel 2-adrig Rund | Twisted Vintage fabric Cable | Vintage Cable | Vintage_3Core_Twisted_Cable | Vintage_Cables | ,0.00,14.94,LIKELY EXCLUDE,,,
Sunsone,313792772829,PSDS2BMRBL,Fabric Flex Cable kit UK Plug In Pendant Lamp,Fabric Flex Cable kit UK Plug In Pendant Lamp,Ceiling Pendant Lights | LIGHT_BULB_SOCKET | Plug In Pendant | Plugin_Lighting | Plugin_Pendant,21.78,14.89,LIKELY EXCLUDE,,,
Sunsone,313941549322,12IP6710,DC 24V LED Driver Power Supply Transformer,DC 24V LED Driver Power Supply Transformer,Cables & LED drivers | Constant Voltage Transformer | DC 5V Transformer | LED_Transformers | TRANSFORMER | Transformatoren & Netzteile | Transformer | Transformer_LED | Transformers | Waterproof Transformers,12.89,14.89,LIKELY EXCLUDE,,,
Huttenlampen,397695136920,12IP6710-IDE,IP67 LED Driver Power supply Transformer,IP67 LED Driver Power supply Transformer,Cables & LED drivers | Constant Voltage Transformer | Dc 12V Transformator | Gleichstrom-Netzteile | LED_Transformers | TRANSFORMER | Transformatoren & Netzteile | Transformers,0.00,14.89,LIKELY EXCLUDE,,,
Sunsone,316699408148,ENC5646-IDE,LDLIE27 Leuchtstoffröhre Ambiente Retro Glühbirne,LDLIE27 Leuchtstoffröhre Ambiente Retro Glühbirne,Dekorative Glühbirnen | LED Bulb | LED Light Bulb | LED bulbs | LIGHT_BULB,0.00,14.79,LIKELY EXCLUDE,,,
Ledsone,167943426503,CL3TAG,CL3THE,CL3THE,Cable | Cable Ties | Cables | Cables & LED drivers | ELECTRONIC_WIRE | Electrical Wires & Cable | Multi-Core Cables | Textilkabel 3-adrig Gedreht | Vintage_3Core_Twisted_Cable | Vintage_Cables | cable,0.00,14.55,LIKELY EXCLUDE,,,
Electricalsone,266164545228,LDG80B224,,,B22 Base Bulb B | B22_Base_Bulb | Bulb | Bulb_B22_Base | Bulb_B22_Base B | Bulb_E14_Base | Bulb_E27_Base | Dekorative Glühbirnen | E14_Base_Bulb | E27 Base Bulb B | E27 Bulb | E27_Base_Bulb | Glühbirne B22 | Glühbirne E27 | LED | LED Bulb | LED Bulbs | LED Light Bulb | LED bulbs | LED_Bulbs | LIGHT_,10.41,14.48,LIKELY EXCLUDE,,,
Ledsone,164030749672,CL2RBK,CL2TSI,CL2TSI,Cable | Cables | Cables & LED drivers | ELECTRONIC_WIRE | Electic cable | Electric round cable | Electrical Wires & Cable | Multi-Core Cables | Textilkabel 2-adrig Rund | Twisted Vintage fabric Cable | Vintage_2Core_Round_Cable | Vintage_Cables | cable | cables,39.03,14.45,LIKELY EXCLUDE,,,
Ledsone,164683389686,LDMA60E274,Dimmable led bulbs 4w,Dimmable led bulbs 4w,Bulb | Bulb_B22_Base B | Bulb_E27_Base | Dekorative Glühbirnen | E27 Base Bulb B | E27 Bulb | E27_Base_Bulb | Glühbirne E27 | LED | LED Bulb | LED Light Bulb | LED bulbs | LED_Bulbs | LIGHT_BULB | Light Bulbs (Appliance) | Light Bulbs (General-Purpose) | PRODUCT,0.00,14.38,LIKELY EXCLUDE,,,
ledsone de,405328319850,CCGNNSWE48-IDE,600mA 48W,600mA 48W,Constant_Voltage_Transformer,14.29,14.29,LIKELY EXCLUDE,,,
Sunsone,315141698943,CL3TBM,,,Cable Ties | Cables | Cables & LED drivers | ELECTRONIC_WIRE | Electrical Wires & Cable | Multi-Core Cables | Vintage_3Core_Twisted_Cable | Vintage_Cables | cable,14.19,14.19,LIKELY EXCLUDE,,,
Electricalsone,266307112248,24IP20120,DC 24V transformer,DC 24V transformer,Cables & LED drivers | Constant Voltage Transformer | DC 24V Transformer | LED_Transformers | TRANSFORMER | Transformatoren & Netzteile | Transformer | Transformer_IP20_Constant_Voltage | Transformers,0.00,14.15,LIKELY EXCLUDE,,,
Sunsone,313620003527,CL2TAG,CL2T-Colour,CL2T-Colour,Cable | Cables | Cables & LED drivers | ELECTRONIC_WIRE | Electic cable | Electrical Wires & Cable | Lighting Parts | Multi-Core Cables | Twisted Vintage fabric Cable | Vintage_Cables | cable,0.00,14.01,LIKELY EXCLUDE,,,
Huttenlampen,397591763829,12IP20100,,,Cables & LED drivers | Constant Voltage Transformer | DC 12V Transformer | DC 24V Transformer | DC 5V Transformer | ELECTRIC_LIGHT | LED_Transformers | POWER_SUPPLY | PRODUCT | Power Supply | SYSTEM_POWER_DEVICE | Switching Power Supply | TRANSFORMER | Transformatoren & Netzteile | Transformer | Tra,0.00,13.99,LIKELY EXCLUDE,,,
Ledsone,167769755741,LHCTOCH,Industrial Lamp Light Bulb Holder Edison E27,Industrial Lamp Light Bulb Holder Edison E27,"Conduit Lighting | Downlight Lampholders | LIGHT_FIXTURE | Lamp shades, holders & accessories | Lampenfassung | PRODUCT | Pendant Sets",13.98,13.98,LIKELY EXCLUDE,,,
Ledsone,164915877531,LHCHE27CH,E 27 bulb holder,E 27 bulb holder,"LAMP | LIGHT_BULB_SOCKET | LIGHT_FIXTURE | Lamp Holders | Lamp shades, holders & accessories | Lamp_Holder | PRODUCT",0.00,13.98,LIKELY EXCLUDE,,,
Sunsone,313614825988,LDMG125E278,Dimmable Vintage LED Bulb,Dimmable Vintage LED Bulb,Bulb | Bulb_B22_Base B | Bulb_E27_Base | Dekorative Glühbirnen | E27 Base Bulb B | E27 Bulb | E27_Base_Bulb | Glühbirne E27 | LED | LED Bulb | LED Bulbs | LED Light Bulb | LED bulbs | LED_Bulbs | LIGHT_BULB | Light Bulbs (Appliance) | Light Bulbs (General-Purpose) | PRODUCT,0.00,13.98,LIKELY EXCLUDE,,,
Electricalsone,265625877158,12IP20100-IDE,12ip20,12ip20,POWER_SUPPLY | TRANSFORMER | Transformator | Transformatoren & Netzteile,13.84,13.90,LIKELY EXCLUDE,,,
Ledsone,164552431048,12UK3P2A,3 Pin plug power adapter,3 Pin plug power adapter,CHARGING_ADAPTER | Cables & LED drivers | ELECTRONIC_CABLE | Other Surveillance Parts & Accessories | Power_Supply_Adapter | Transformers,158.37,13.89,LIKELY EXCLUDE,,,
Sunsone,315132655002,LDMST64E274,sku not assigneds,sku not assigneds,Bulb | Bulb_E27_Base | Dekorative Glühbirnen | E27_Base_Bulb | Glühbirne E27 | LED | LED Bulb | LED Light Bulb | LED bulbs | LED_Bulbs | LIGHT_BULB | Light Bulbs (Appliance),6.29,13.89,LIKELY EXCLUDE,,,
Sunsone,313583458256,12BO1002PK,12WC-White Case,12WC-White Case,Cables & LED drivers | TRANSFORMER | Transformatoren & Netzteile,0.00,13.89,LIKELY EXCLUDE,,,
Ledsone,165226287662,LDMST64B228,,8W Vintage LED Light Bulbs Antique Industrial Style Warm Edison Retro Lamps B22,B22_Base_Bulb | Bulb | Bulb_B22_Base B | LED Bulb | LED Light Bulb | LED bulbs | LED_Bulbs | LIGHT_BULB | Light Bulbs (Appliance),0.00,13.78,LIKELY EXCLUDE,,,
Huttenlampen,394462849164,LHCCE27BL+CGMLBM,Kabelverschraubung Griff,Kabelverschraubung Griff,"Ceramic_Holders | Lamp Holders | Lamp shades, holders & accessories | Lamp_Holder | Lampenfassungen Metall | Lighting Parts | light holder",13.66,13.66,LIKELY EXCLUDE,,,
Sunsone,317390412097,LDMA60E274-IDE,,,Dekorative Glühbirnen | LED Bulb | LED Glühbirnen | LIGHT_BULB | Light Bulbs,0.00,13.45,LIKELY EXCLUDE,,,
ledsone uk de,165079405093,12IP6710-IDE,LED Transformer,LED Transformer,Cables & LED drivers | Constant Voltage Transformer | Dc 12V Transformator | Gleichstrom-Netzteile | LED_Transformers | TRANSFORMER | Transformatoren & Netzteile | Transformers,37.32,13.38,LIKELY EXCLUDE,,,
ledsone de,405328319841,LDMG125E278,E14 LED Birne 3W 5W,E14 LED Birne 3W 5W,Bulb | Bulb_B22_Base B | Bulb_E27_Base | Dekorative Glühbirnen | E27 Base Bulb B | E27 Bulb | E27_Base_Bulb | Glühbirne E27 | LED | LED Bulb | LED Light Bulb | LED bulbs | LED_Bulbs | LIGHT_BULB | Light Bulbs (Appliance) | Light Bulbs (General-Purpose) | PRODUCT,0.00,13.29,LIKELY EXCLUDE,,,
Sunsone,313970190786,LDMG95E2782PK,,2 Pcs LED GLOBE 8W Edison Bulb Spiral Filament Light Bulb E27 G95 Vintage Lamp,Bulb | Bulb_E27_Base | E27 Base Bulb B | E27_Base_Bulb | LED Bulb | LED bulbs | LED_Bulbs | LIGHT_BULB | Light Bulbs (General-Purpose),0.00,12.99,LIKELY EXCLUDE,,,
Electricalsone,266188029126,LDMA60B224WW,E27/B22/ E14 Bulb,E27/B22/ E14 Bulb,Bulb | Bulb_B22_Base B | Bulb_E14_Base | Bulb_E27_Base | Dekorative Glühbirnen | E14_Base_Bulb | E27 Base Bulb B | E27 Bulb | E27_Base_Bulb | Glühbirne E27 | LED | LED Bulb | LED Bulbs | LED Light Bulb | LED bulbs | LED_Bulbs | LIGHT_BULB | Light Bulbs (Appliance) | Light Bulbs (General-Purpose) | P,13.78,12.98,LIKELY EXCLUDE,,,
Electricalsone,266190359629,LDMST64E274,,Vintage E27 ST64 Filament LED Light Bulb 4W Decorative Industrial Edison Bulb,Bulb | Bulb_E27_Base | Dekorative Glühbirnen | E27_Base_Bulb | Glühbirne E27 | LED | LED Bulb | LED Light Bulb | LED bulbs | LED_Bulbs | LIGHT_BULB | Light Bulbs (Appliance),0.00,12.98,LIKELY EXCLUDE,,,
Huttenlampen,395837704497,CRSF100BM+CL3TBM+LHSHE27BA,,,Ceiling Rose | Ceiling Rose/ Bulb Holder/ Fibric Cable | LIGHT_BULB_SOCKET | Lamp Holders,0.00,12.94,LIKELY EXCLUDE,,,
Electricalsone,266190303273,12UK3P10A,Power adaptor splitter cable,Power adaptor splitter cable,CHARGING_ADAPTER | Cables & LED drivers | Connectors & junction boxes | ELECTRONIC_CABLE | Lighting Parts | Netzteiladapter | Other Surveillance Parts & Accessories | PRODUCT | Power_Supply_Adapter | Transformers,148.93,12.89,LIKELY EXCLUDE,,,
ledsone de,405328533706,CRSF100BM+CL3TBM+LHSHE27BA,Short Holder Manual Pendant,Short Holder Manual Pendant,Ceiling Rose | Ceiling Rose/ Bulb Holder/ Fibric Cable | LIGHT_BULB_SOCKET | Lamp Holders,64.45,12.89,LIKELY EXCLUDE,,,
Sunsone,317317540898,LDA60E278WW,Light Bulbs,Light Bulbs,Bulb | Bulb_B22_Base B | Bulb_E27_Base | E27 Base Bulb B | E27_Base_Bulb | LED | LED Bulb | LED bulbs | LED_Bulbs | LIGHT_BULB | Light Bulbs (General-Purpose),30.16,12.89,LIKELY EXCLUDE,,,
Ledsone,163207083157,CL2RBM5PK,CL2RBW5PK,CL2RBW5PK,Cable | Cables | Cables & LED drivers | ELECTRONIC_WIRE | Electrical Wires & Cable | Flexible Conduit Lengths | Light Bulbs (Appliance) | Multi-Core Cables | Vintage Cable | Vintage_3Core_Twisted_Cable | Vintage_Cables | cable | cables,12.89,12.89,LIKELY EXCLUDE,,,
Ledsone,162611505745,12SAN15,Sanpu Drivers,Sanpu Drivers,Cables & LED drivers | Constant Voltage Transformer | LED_Transformers | PRODUCT | TRANSFORMER | Transformers,0.00,12.89,LIKELY EXCLUDE,,,
Ledsone,163146175899,12UK3P1A,6/8A UK Pin ADAPTER,6/8A UK Pin ADAPTER,CHARGING_ADAPTER | Cables & LED drivers | Netzteiladapter | Power_Supply_Adapter | Transformers,0.00,12.89,LIKELY EXCLUDE,,,
Ledsone,163746580849,LDMG125B2282PK,,G125 B22 8W Dimmable LED Light Bulb Edison Vintage Retro Industrial Globe 2Bulbs,B22_Base_Bulb | LED bulbs | LIGHT_BULB | Light Bulbs (Appliance) | PRODUCT,0.00,12.89,LIKELY EXCLUDE,,,
Ledsone,167645621244,CL3TAG5PK,CL3TWM,CL3TWM,Cable | Cables | Cables & LED drivers | ELECTRONIC_WIRE | Electrical Wires & Cable | Flexible Conduit Lengths | Multi-Core Cables | Vintage Cable | Vintage_3Core_Twisted_Cable | Vintage_Cables | cable,0.00,12.89,LIKELY EXCLUDE,,,
Electricalsone,265660318506,LDMG80E274,LDME27 4W Glühbirne warmweiße,LDME27 4W Glühbirne warmweiße,Bulb | Bulb_B22_Base B | Bulb_E27_Base | Dekorative Glühbirnen | E27 Base Bulb B | E27 Bulb | E27_Base_Bulb | Glühbirne E27 | LED | LED Bulb | LED Glühbirnen | LED Light Bulb | LED bulbs | LED_Bulbs | LIGHT_BULB | Light Bulbs | Light Bulbs (General-Purpose) | PRODUCT,37.19,12.60,LIKELY EXCLUDE,,,
ledsone uk de,164704734806,LDMG125E278-IDE,Vintage LED Bulb,Vintage LED Bulb,Dekorative Glühbirnen | LED Glühbirnen | LIGHT_BULB | Light Bulbs,0.00,12.58,LIKELY EXCLUDE,,,
Electricalsone,265660324841,CRSF108BM+HK10BM-IDE,Deckenrosette für Stoffkabel Kronleuchter-Armatur,Deckenrosette für Stoffkabel Kronleuchter-Armatur,Deckenrosette | HOME_ORGANIZERS_AND_STORAGE,13.40,12.56,LIKELY EXCLUDE,,,
ledsone uk de,165083142755,LHC1E27WH-IDE,Ceramic Bulb Holder,Ceramic Bulb Holder,Lampenfassung | Lampenfassung Keramik,0.00,12.51,LIKELY EXCLUDE,,,
ledsone uk de,163945328732,CL2RBD-IDE,2/3 core round fabric cable,2/3 core round fabric cable,ELECTRONIC_WIRE | Textilkabel | Textilkabel 2-adrig Rund | Textilkabel 3-adrig Gedreht,13.28,12.42,LIKELY EXCLUDE,,,
Sunsone,317033164563,CL2RAG5PK,CL3RHE,CL3RHE,2_Core_Round_Cable | Cable | Cable Ties | Cables | Cables & LED drivers | ELECTRONIC_WIRE | Electrical Wires & Cable | Multi-Core Cables | Textilkabel 2-adrig Rund | Vintage Cable | Vintage_Cables | cable | cables,5.60,12.39,LIKELY EXCLUDE,,,
Sunsone,317580123978,WCWODSBM+RPR44WH,Wire Cage Lamp shade,Wire Cage Lamp shade,"LAMPSHADE | Lamp Shade | Lamp shades, holders & accessories | Light Shades | Wire Cage",0.00,11.99,LIKELY EXCLUDE,,,
Ledsone,164033759158,LHAHE27AM,threaded lamp bulb holder,threaded lamp bulb holder,"Downlight Lampholders | LAMP | LIGHT_BULB_SOCKET | Lamp Holder | Lamp Holders | Lamp shades, holders & accessories | Lamp_Holder",23.96,11.98,LIKELY EXCLUDE,,,
Electricalsone,265660312606,CL3RBK2PK,3C Cable Round,3C Cable Round,Cables & LED drivers | Electrical Wires & Cable,8.43,11.98,LIKELY EXCLUDE,,,
Sunsone,313970190844,ICT130B22602PK,Vintage Industrial Filament Edison Light,Vintage Industrial Filament Edison Light,B22 Base Bulb B | B22_Base_Bulb | Bulb_B22_Base B | E27 Base Bulb B | E27 Bulb | Glühbirne B22 | LED Bulb | LED bulbs | LIGHT_BULB | Light Bulbs (General-Purpose),11.97,11.89,LIKELY EXCLUDE,,,
Sunsone,316152362032,12BO100,BLUE AND ORANGE LED DRIVER,BLUE AND ORANGE LED DRIVER,Cables & LED drivers | Constant Voltage Transformer | LED_Transformers | POWER_SUPPLY | TRANSFORMER | Transformer_Constant_Voltage | Transformers,0.00,11.89,LIKELY EXCLUDE,,,
Electricalsone,265704643445,12IP6710-IDE,IP67 Waterproof Transformer,IP67 Waterproof Transformer,Cables & LED drivers | Constant Voltage Transformer | Dc 12V Transformator | LED_Transformers | TRANSFORMER | Transformatoren & Netzteile | Transformers,19.36,11.86,LIKELY EXCLUDE,,,
Ledsone,163696629943,ENC1824,Double head wall light long wire cage,Double head wall light long wire cage,LIGHT_FIXTURE | Wall Light | Wall lights,11.69,11.69,LIKELY EXCLUDE,,,
ledsone uk de,167640753639,12IP20100-IDE,,,DC 5V Transformer | POWER_SUPPLY | TRANSFORMER | Transformatoren & Netzteile,0.00,11.67,LIKELY EXCLUDE,,,
Electricalsone,267782336144,12IP20100-IDE,5/12/24IP20 Metal LED Driver,5/12/24IP20 Metal LED Driver,DC 5V Transformer | POWER_SUPPLY | Stromwandler | TRANSFORMER | Transformator | Transformatoren & Netzteile,0.00,11.67,LIKELY EXCLUDE,,,
Ledsone,167801810699,LDCWGU1036PK,95-MOQI-8ME0,95-MOQI-8ME0,LED Bulb | LED Bulbs | LED Glühbirnen | LED bulbs | LIGHT_BULB | Light Bulbs (General-Purpose),0.00,11.60,LIKELY EXCLUDE,,,
Ledsone,162101808104,CL2RBU,CL3RYE,CL3RYE,Cable | Cables | Cables & LED drivers | ELECTRONIC_WIRE | Electrical Wires & Cable | Lighting Parts | Multi-Core Cables | Textilkabel 3-adrig Gedreht | Twisted Vintage fabric Cable | Vintage Cable | Vintage_Cables | cable,0.00,11.56,LIKELY EXCLUDE,,,
Electricalsone,266197864846,PSOS2HETBM,Light Set Fitting Vintage Bulb UK,Light Set Fitting Vintage Bulb UK,Light Bulbs | Plugin_Lighting | pendant holder,42.54,11.49,LIKELY EXCLUDE,,,
Ledsone,163421992551,CL2RHE5PK,Hemp Cable,Hemp Cable,Cable | Cables | Cables & LED drivers | ELECTRONIC_WIRE | Electrical Wires & Cable | Multi-Core Cables | Textilkabel 2-adrig Rund | Vintage Cable | Vintage_Cables | cable,11.49,11.49,LIKELY EXCLUDE,,,
Electricalsone,265660318572,CL2RBK5PK-IDE,Vintage cables,Vintage cables,ELECTRONIC_WIRE | Textilkabel 2-adrig Rund | Textilkabel 3-adrig Gedreht | Textilkabel 3-adrig Rund | cable,0.00,11.42,LIKELY EXCLUDE,,,
Ledsone,163681186545,LHCCE27BM+CGMLBM,E27 Bulb Holder,E27 Bulb Holder,"Ceramic_Holders | Downlight Lampholders | LIGHT_BULB_SOCKET | Lamp Holders | Lamp shades, holders & accessories | Lamp_Holder | Lampenfassungen Metall | Lighting Parts | light holder",74.90,11.38,LIKELY EXCLUDE,,,
ledsone de,406073811552,LDMST64E274,,,Bulb | Bulb_E27_Base | Dekorative Glühbirnen | E27 Base Bulb B | E27_Base_Bulb | Glühbirne E27 | LED | LED Bulb | LED Light Bulb | LED bulbs | LED_Bulbs | LIGHT_BULB | Light Bulbs (Appliance) | Light Bulbs (General-Purpose),41.12,11.09,LIKELY EXCLUDE,,,
Electricalsone,266190416116,CL2TBD,ROUND/ Twisted 3 Core,ROUND/ Twisted 3 Core,Cable | Cables | Cables & LED drivers | ELECTRONIC_WIRE | Electrical Wires & Cable | Light Bulbs (Appliance) | Multi-Core Cables | Twisted Vintage fabric Cable | Vintage_Cables | cable,11.97,10.99,LIKELY EXCLUDE,,,
Ledsone,162700320214,CL3RBD,CL3RTBAPK,CL3RTBAPK,Cable | Cable Ties | Cables | Cables & LED drivers | ELECTRONIC_WIRE | Electrical Wires & Cable | Lighting Parts | Multi-Core Cables | Textilkabel 3-adrig Gedreht | Vintage Cable | Vintage_Cables | cable,0.00,10.99,LIKELY EXCLUDE,,,
Ledsone,163010220500,LDMT45B224,4W Edison Style T45 LED Bulb,4W Edison Style T45 LED Bulb,B22 Base Bulb B | B22_Base_Bulb | Bulb | Bulb_B22_Base B | E27 Bulb | E27_Base_Bulb | Glühbirne B22 | Glühbirne E27 | LED Bulb | LED Light Bulb | LED bulbs | LED_Bulbs | LIGHT_BULB | Light Bulbs (General-Purpose) | PRODUCT,20.82,10.98,LIKELY EXCLUDE,,,
Ledsone,164886581739,CCBC12,Blue Case Drivers,Blue Case Drivers,Cables & LED drivers | Constant Current Transformer | Konstantstrom_Transformator | LED_Transformers | TRANSFORMER | Transformatoren & Netzteile | Transformers,20.40,10.92,LIKELY EXCLUDE,,,
Ledsone,162283920873,12IP20100,AC-DC 12V IP20 LED Drivers,AC-DC 12V IP20 LED Drivers,Cables & LED drivers | Constant Current Transformer | Constant Voltage Transformer | DC 12V Transformer | ELECTRIC_LIGHT | Konstantstrom_Transformator | LED_Transformers | POWER_SUPPLY | PRODUCT | Power Supply | SYSTEM_POWER_DEVICE | TRANSFORMER | Transformatoren & Netzteile | Transformer | Transfor,22.65,10.89,LIKELY EXCLUDE,,,
Ledsone,162798279994,24IP20120,Metal LED Driver IP20,Metal LED Driver IP20,Cables & LED drivers | Constant Voltage Transformer | DC 24V Transformer | LED_Lights | LED_Transformers | Lamp_Holder | Lampshades & Lightshades | TRANSFORMER | Transformatoren & Netzteile | Transformer | Transformer_IP20_Constant_Voltage | Transformers | Wall Light | cage light | home-applications,0.00,10.89,LIKELY EXCLUDE,,,
Ledsone,164480462305,LDMG125E278,LED Bulbs,LED Bulbs,Bulb | Bulb_B22_Base B | Bulb_E27_Base | Dekorative Glühbirnen | E27 Base Bulb B | E27 Bulb | E27_Base_Bulb | Glühbirne E27 | LED Bulb | LED Bulbs | LED Light Bulb | LED bulbs | LED_Bulbs | LIGHT_BULB | Light Bulbs (General-Purpose) | PRODUCT,0.00,10.89,LIKELY EXCLUDE,,,
Ledsone,168480994343,CL3TAG+SWHBSP1OSWH+SPPGUK3PWH,,,Cables & LED drivers,0.00,10.89,LIKELY EXCLUDE,,,
Sunsone,313614826194,12IP20100,AC110- 220V LED Ligh Adapter 15 - 720W,AC110- 220V LED Ligh Adapter 15 - 720W,Cables & LED drivers | Constant Voltage Transformer | DC 12V Transformer | DC 24V Transformer | DC 5V Transformer | ELECTRIC_LIGHT | LED_Transformers | POWER_SUPPLY | PRODUCT | Power Supply | SYSTEM_POWER_DEVICE | Switching Power Supply | TRANSFORMER | Transformatoren & Netzteile | Transformer | Tra,0.00,10.89,LIKELY EXCLUDE,,,
Sunsone,316870808998,12IP20100,Metal LED Driver IP20,Metal LED Driver IP20,Cables & LED drivers | Constant Voltage Transformer | DC 12V Transformer | DC 24V Transformer | DC 5V Transformer | ELECTRIC_LIGHT | LED_Transformers | POWER_SUPPLY | PRODUCT | Power Supply | SYSTEM_POWER_DEVICE | Switching Power Supply | TRANSFORMER | Transformatoren & Netzteile | Transformer | Tra,0.00,10.89,LIKELY EXCLUDE,,,
ledsone uk de,163943807262,12IP20100-IDE,AC-DC 24V IP20 LED Drivers,AC-DC 24V IP20 LED Drivers,DC 5V Transformer | POWER_SUPPLY | Stromwandler | TRANSFORMER | Transformator | Transformatoren & Netzteile,31.88,10.84,LIKELY EXCLUDE,,,
Ledsone,162698748746,CL2TAG,CL2TRS,CL2TRS,Cable | Cables | Cables & LED drivers | ELECTRONIC_WIRE | Electic cable | Electrical Wires & Cable | Lighting Parts | Multi-Core Cables | Twisted Vintage fabric Cable | Vintage_Cables | cable,29.90,10.76,LIKELY EXCLUDE,,,
Sunsone,316699423100,CCBKNWE12-IDE,Black & White LED Driver,Black & White LED Driver,DC 24V Transformer | Konstantstrom-Transformatoren | TRANSFORMER,0.00,10.76,LIKELY EXCLUDE,,,
Electricalsone,266190324719,PSOS2HETBM,Light Set Fitting Vintage Bulb UK,Light Set Fitting Vintage Bulb UK,Light Bulbs | Plugin_Lighting | pendant holder,22.58,10.69,LIKELY EXCLUDE,,,
ledsone uk de,164443570143,CL2RBD-IDE,2/3 core round fabric cable,2/3 core round fabric cable,Cables | Cables & LED drivers | ELECTRONIC_WIRE | Electrical Wires & Cable | Multi-Core Cables | Textilkabel | Textilkabel 2-adrig Rund | Textilkabel 3-adrig Gedreht | Vintage_Cables | cable,207.34,10.66,LIKELY EXCLUDE,,,
ledsone uk de,165865990550,CCGNNWE36-IDE,LED Driver power supply,LED Driver power supply,Constant_Voltage_Transformer,10.43,10.43,LIKELY EXCLUDE,,,
Sunsone,313991326700,CRSF100BD2PK,Cable Grip Flex Ceiling rose,Cable Grip Flex Ceiling rose,"Ceiling_rose | LIGHT_BULB_SOCKET | LIGHT_FIXTURE | Lamp shades, holders & accessories",5.09,10.09,LIKELY EXCLUDE,,,
Ledsone,167563462461,12ASIP20100,,,Cables & LED drivers | Constant Voltage Transformer | Power Supply | TRANSFORMER | Transformers | slim transformers,12.89,9.99,LIKELY EXCLUDE,,,
Sunsone,314485644297,LHBRE14BM2PK,,2 x E14 Plastic Black Bulb Holders Sockets Edison Screw Lamp Base Holder Socket,"Lamp shades, holders & accessories",5.29,9.99,LIKELY EXCLUDE,,,
Ledsone,163740897358,CL2RGD5PK,,Vintage Gold Flex 5M  2 Core Twin Braided Electrical Wire - DIY Pendant Lights,Cables & LED drivers | ELECTRONIC_WIRE | Electrical Wires & Cable | Multi-Core Cables | Vintage_Cables | cable | cables,0.00,9.99,LIKELY EXCLUDE,,,
Ledsone,164303536602,CRSF100CH+PHCHPCRCH,Curvy holder pendant set,Curvy holder pendant set,Ceiling Pendant Lights | LIGHT_BULB_SOCKET | LIGHT_FIXTURE | Pendant lighting | Pendant_Holder | pendant lightss,0.00,9.99,LIKELY EXCLUDE,,,
Ledsone,164662931875,LHEDE27GD,B22 Bulb Holder,B22 Bulb Holder,"Lamp Holder | Lamp Holders | Lamp shades, holders & accessories | Lamp_Holder",0.00,9.98,LIKELY EXCLUDE,,,
Ledsone,165410705509,CCBKNWE5,,Constant Current LED Driver Power Supply Transformer AC - 240V- DC  PSU 5W UK,Cables & LED drivers | Constant Voltage Transformer | Lighting Parts,0.00,9.98,LIKELY EXCLUDE,,,
Electricalsone,266197990715,12IP6710,12IP67-DC12 Transformer,12IP67-DC12 Transformer,Cables & LED drivers | Constant Voltage Transformer | LED_Transformers | TRANSFORMER | Transformatoren & Netzteile | Transformer | Transformer_LED | Transformers | Waterproof Transformers,253.67,9.89,LIKELY EXCLUDE,,,
Sunsone,317365034361,LDLIE14FL4-IDE,sku not assigneds,sku not assigneds,Dekorative Glühbirnen,0.00,9.60,LIKELY EXCLUDE,,,
ledsone uk de,164198515197,CCGNNWE48-IDE,,LED-Treiber Netzteil DC 45-65 V 900mA 48W Transformator Konstantstrom 240V,Constant_Voltage_Transformer,60.22,9.59,LIKELY EXCLUDE,,,
ledsone uk de,164856792262,12IP6710-IDE,DC12V IP67 Drivers,DC12V IP67 Drivers,Cables & LED drivers | Constant Voltage Transformer | Dc 12V Transformator | LED_Transformers | TRANSFORMER | Transformatoren & Netzteile | Transformers,6.42,9.58,LIKELY EXCLUDE,,,
Electricalsone,265664531284,CL2RBR,Twisted/Round Vintage Brown cable 2/3 core,Twisted/Round Vintage Brown cable 2/3 core,Cable | Cables | Cables & LED drivers | ELECTRONIC_WIRE | Electrical Wires & Cable | Multi-Core Cables | Vintage_Cables | cable,3.19,9.57,LIKELY EXCLUDE,,,
Ledsone,162702901154,CL2TAG,CL2TRS,CL2TRS,Cable | Cables | Cables & LED drivers | ELECTRONIC_WIRE | Electic cable | Electrical Wires & Cable | Lighting Parts | Multi-Core Cables | Twisted Vintage fabric Cable | Vintage_Cables | cable,0.00,9.57,LIKELY EXCLUDE,,,
ledsone uk de,166999650867,LDMC35E142-IDE,E27 Light Bulbs,E27 Light Bulbs,Dekorative Glühbirnen | Glühbirne E14 | LED Glühbirnen | LIGHT_BULB | Light Bulbs,0.00,9.53,LIKELY EXCLUDE,,,
Sunsone,317071012300,12BO100,,,Cables & LED drivers | Constant Voltage Transformer | LED_Transformers | TRANSFORMER | Transformer_Constant_Voltage | Transformers,18.76,9.51,LIKELY EXCLUDE,,,
ledsone uk de,163966502253,LDMG125E278-IDE,Vintage LED Single Bulbs,Vintage LED Single Bulbs,Bulb | Bulb_B22_Base B | Bulb_E27_Base | Dekorative Glühbirnen | E27 Base Bulb B | E27 Bulb | E27_Base_Bulb | Glühbirne E27 | LED | LED Bulb | LED Glühbirnen | LED Light Bulb | LED bulbs | LED_Bulbs | LIGHT_BULB | Light Bulbs | Light Bulbs (General-Purpose) | PRODUCT,148.31,9.28,LIKELY EXCLUDE,,,
Electricalsone,266196565416,CL2RBR,Twisted/Round Vintage Brown cable 2/3 core,Twisted/Round Vintage Brown cable 2/3 core,Cable | Cables | Cables & LED drivers | ELECTRONIC_WIRE | Electrical Wires & Cable | Multi-Core Cables | Vintage_Cables | cable,0.00,9.27,LIKELY EXCLUDE,,,
Huttenlampen,396893824371,CL2RAG-IDE,CL3THE,CL3THE,BRA | ELECTRONIC_WIRE | Textilkabel | Textilkabel 2-adrig Rund | Textilkabel 3-adrig Gedreht | Textilkabel 3-adrig Rund | cable,0.00,9.27,LIKELY EXCLUDE,,,
Electricalsone,265660323479,CCBC12-IDE,Constant Current LED Transformer Driver 3/5/7/9/12,Constant Current LED Transformer Driver 3/5/7/9/12,Konstantstrom_Transformator | TRANSFORMER,18.80,9.24,LIKELY EXCLUDE,,,
Electricalsone,265660318527,CCBC12-IDE,CCBC Netzteil 3W 5W 7W9W 12W 18W 24W 36W,CCBC Netzteil 3W 5W 7W9W 12W 18W 24W 36W,Konstantstrom_Transformator | TRANSFORMER,0.00,9.24,LIKELY EXCLUDE,,,
ledsone de,405328533707,CCBKNWE40-IDE,White LED PSU,White LED PSU,Cables & LED drivers | Konstantstrom-Transformatoren | TRANSFORMER | Transformers,0.00,9.20,LIKELY EXCLUDE,,,
Huttenlampen,394789658453,CCGNNWE24-IDE,,LED Trafo 24W Treiber Driver 600mA Elektronisch Netzteil Transformator,DC 24V Transformer,54.96,9.16,LIKELY EXCLUDE,,,
Ledsone,165049826400,LDMG125B228,G125 Vintage LED Bulbs,G125 Vintage LED Bulbs,B22_Base_Bulb | Bulb | Bulb_B22_Base B | E27 Base Bulb B | E27_Base_Bulb | LED Bulb | LED Light Bulb | LED bulbs | LED_Bulbs | LIGHT_BULB | Light Bulbs (General-Purpose),83.52,8.99,LIKELY EXCLUDE,,,
Electricalsone,265911212582,CL2TAG5PK,CL2T5PK- 5 Pack 2 core twisted cable,CL2T5PK- 5 Pack 2 core twisted cable,Cable | Cables | Cables & LED drivers | ELECTRONIC_WIRE | Electic cable | Electrical Wires & Cable | Light Bulbs (Appliance) | Lighting Parts | Multi-Core Cables | Vintage_Cables | cable,12.89,8.99,LIKELY EXCLUDE,,,
Ledsone,164891739470,CO1210ACL,wire connector,wire connector,12 way connectors | Connector | Connectors & junction boxes | Junction Boxes & Connectors | TERMINAL_BLOCK,8.89,8.99,LIKELY EXCLUDE,,,
Ledsone,165870123497,LDMG125E278,G125 E27 8 W,G125 E27 8 W,Bulb | E27 Base Bulb B | E27_Base_Bulb | LED Bulb | LED Light Bulb | LED bulbs | LED_Bulbs | LIGHT_BULB | Light Bulbs (General-Purpose),8.89,8.99,LIKELY EXCLUDE,,,
Ledsone,163820671950,WCBCBB,Wire cage all listing,Wire cage all listing,"Cages | Ceiling_Lamp_Lights | Easy_Fit_Lamp_Shades | Käfig Lampenschirme | LAMP | LAMPSHADE | LIGHT_FIXTURE | Lamp Shade | Lamp shades, holders & accessories | Lampenschirm | Lampenschirme | Lampshade | Light Shades | Lighting Accessories | Metal_Lamp_Shade_Only | Pendant Lighting | Shade_Only | Wir",5.41,8.99,LIKELY EXCLUDE,,,
Ledsone,162521807359,CO1260ACL,Wire Reusable Spring Lever,Wire Reusable Spring Lever,12 way connectors | Connector | Connectors & junction boxes | Junction Boxes & Connectors | TERMINAL_BLOCK,0.00,8.99,LIKELY EXCLUDE,,,
Ledsone,163122991975,CL3RAG5PK,3 core Flexible PCV Wire,3 core Flexible PCV Wire,Cable | Cable Ties | Cables | Cables & LED drivers | ELECTRONIC_WIRE | Electrical Wires & Cable | Lighting Parts | Multi-Core Cables | Vintage Cable | Vintage_3Core_Round_Cable | Vintage_Cables | cable,0.00,8.99,LIKELY EXCLUDE,,,
Ledsone,163942398593,LDMG125E278,Vintage 8W Bulbs E27,Vintage 8W Bulbs E27,Bulb | Bulb_E27_Base | E27 Base Bulb B | E27_Base_Bulb | LED Bulb | LED Light Bulb | LED bulbs | LED_Bulbs | LIGHT_BULB | Light Bulbs (General-Purpose),0.00,8.99,LIKELY EXCLUDE,,,
Ledsone,164873943104,CRSF100BM+PHCN1PBRBM,E27 Holder pendant lights,E27 Holder pendant lights,Ceiling_Lamp_Lights | LIGHT_BULB_SOCKET | LIGHT_FIXTURE | Pendant Lighting | Pendant_Holder | Pendelhalter,0.00,8.99,LIKELY EXCLUDE,,,
Sunsone,313614825851,LHNSE27BM,E27 Antique Bulb Holder,E27 Antique Bulb Holder,"LAMP | LIGHT_BULB_SOCKET | Lamp Holders | Lamp shades, holders & accessories | Lamp_Holder",0.00,8.99,LIKELY EXCLUDE,,,
Sunsone,313614826186,12IP6710,AC- DC 12V Power Supp Transfomer Adapter Charger,AC- DC 12V Power Supp Transfomer Adapter Charger,Cables & LED drivers | Constant Voltage Transformer | LED_Transformers | TRANSFORMER | Transformatoren & Netzteile | Transformer | Transformer_LED | Transformers | Waterproof Transformers,0.00,8.99,LIKELY EXCLUDE,,,
Electricalsone,265660306940,CRSF100BB+PHCH1PBRBB,Pendant Lamp Holder Fitting Lighting E27,Pendant Lamp Holder Fitting Lighting E27,Ceiling Lights & Chandeliers | LIGHT_BULB_SOCKET | LIGHT_FIXTURE | Pendant Lighting | Pendant_Holder,0.00,8.99,LIKELY EXCLUDE,,,
Electricalsone,265660313956,CL3RAG,3C-Round,3C-Round,Cable | Cables | Cables & LED drivers | ELECTRONIC_WIRE | Electrical Wires & Cable | Multi-Core Cables | Textilkabel 3-adrig Gedreht | Vintage_Cables | cable,47.43,8.97,LIKELY EXCLUDE,,,
Electricalsone,265660353932,WCB3BC-IDE,WCB- Type And Color Pattern Wire Cage Easy Fit,WCB- Type And Color Pattern Wire Cage Easy Fit,Lampenschirme,0.00,8.85,LIKELY EXCLUDE,,,
Electricalsone,265704655779,WCB3BC-IDE,WCB- Type And Color Pattern Wire Cage Easy Fit,WCB- Type And Color Pattern Wire Cage Easy Fit,Lampenschirme,0.00,8.80,LIKELY EXCLUDE,,,
Sunsone,313755020334,LDMG95B228,E27/B22 G95 Bulb,E27/B22 G95 Bulb,B22_Base_Bulb | Bulb | Bulb_B22_Base | Bulb_B22_Base B | Bulb_E27_Base | E27 Base Bulb B | E27_Base_Bulb | LED Bulb | LED Light Bulb | LED bulbs | LED_Bulbs | LIGHT_BULB | Light Bulbs | Light Bulbs (General-Purpose),0.00,8.79,LIKELY EXCLUDE,,,
Ledsone,162889372504,CL2TBD,CL2TRS,CL2TRS,Cable | Cables | Cables & LED drivers | ELECTRONIC_WIRE | Electrical Wires & Cable | Multi-Core Cables | Twisted Vintage fabric Cable | Vintage_Cables | cable,5.98,8.67,LIKELY EXCLUDE,,,
ledsone uk de,167557194682,CL2RBL-IDE,,,ELECTRONIC_WIRE | Textilkabel | Textilkabel 2-adrig Rund | Textilkabel 3-adrig Gedreht | Textilkabel 3-adrig Rund | cable,85.76,8.37,LIKELY EXCLUDE,,,
ledsone uk de,164119794203,12IP20100-IDE,Metal LED Driver IP20,Metal LED Driver IP20,DC 5V Transformer | POWER_SUPPLY | Stromwandler | TRANSFORMER | Transformator | Transformatoren & Netzteile,181.04,8.32,LIKELY EXCLUDE,,,
ledsone uk de,164828844197,12IP20100-IDE,24V IP20 adapters,24V IP20 adapters,DC 5V Transformer | POWER_SUPPLY | Stromwandler | TRANSFORMER | Transformator | Transformatoren & Netzteile,5.78,8.32,LIKELY EXCLUDE,,,
Electricalsone,266017120936,LDMA60E274WW,warm white,warm white,Bulb_E27_Base | E27 Base Bulb B | E27_Base_Bulb | LED | LED Bulb | LED bulbs | LIGHT_BULB,0.00,8.09,LIKELY EXCLUDE,,,
Huttenlampen,397699353862,CCBKNWE12-IDE,Constant Current 300mA,Constant Current 300mA,DC 24V Transformer | Konstantstrom-Transformatoren | TRANSFORMER,0.00,8.09,LIKELY EXCLUDE,,,
Sunsone,313484742661,12IP20100,5V/12V/24V 15W - 720W LED Driver Power Supply,5V/12V/24V 15W - 720W LED Driver Power Supply,Cables & LED drivers | Constant Voltage Transformer | DC 12V Transformer | DC 24V Transformer | DC 5V Transformer | ELECTRIC_LIGHT | LED_Transformers | POWER_SUPPLY | PRODUCT | Power Supply | SYSTEM_POWER_DEVICE | Switching Power Supply | TRANSFORMER | Transformatoren & Netzteile | Transformer | Tra,72.26,7.99,LIKELY EXCLUDE,,,
Electricalsone,266196534075,12IP6710,12IP67-DC12 Transformer,12IP67-DC12 Transformer,Cables & LED drivers | Constant Voltage Transformer | LED_Transformers | TRANSFORMER | Transformatoren & Netzteile | Transformer | Transformer_LED | Transformers | Waterproof Transformers,12.12,7.89,LIKELY EXCLUDE,,,
Ledsone,165454972012,5IP2010,5V LED drivers,5V LED drivers,Cables & LED drivers | Constant Voltage Transformer | DC 5V Transformer | LED_Transformers | POWER_SUPPLY | Switching Power Supply | TRANSFORMER | Transformer | Transformers,0.00,7.68,LIKELY EXCLUDE,,,
Ledsone,164531216300,LDMC35E142,LED Dimmable bulbs,LED Dimmable bulbs,B22_Base_Bulb | Bulb | Bulb_B22_Base | Bulb_B22_Base B | Bulb_E14_Base | Bulb_E27_Base | Dekorative Glühbirnen | E14_Base_Bulb | E27 Base Bulb B | E27 Bulb | E27_Base_Bulb | Glühbirne E27 | LED | LED Bulb | LED Bulbs | LED Light Bulb | LED bulbs | LED_Bulbs | LIGHT_BULB | Light Bulbs (Appliance) | L,91.94,7.49,LIKELY EXCLUDE,,,
Ledsone,163746580915,LDMG95E278,,G95 E27 8W Dimmable Globe Vintage LED Retro Light Bulbs,Bulb | Bulb_E27_Base | E27 Base Bulb B | E27_Base_Bulb | LED Bulb | LED Light Bulb | LED bulbs | LED_Bulbs | LIGHT_BULB | Light Bulbs (General-Purpose),0.00,7.49,LIKELY EXCLUDE,,,
ledsone de,405328319924,12BO100-IDE,18/28/48/72/100 W LED Trafo,18/28/48/72/100 W LED Trafo,TRANSFORMER | Transformatoren & Netzteile,128.10,7.45,LIKELY EXCLUDE,,,
Sunsone,316699366602,SPSDP2BM2PK-IDE,Haken zur Deckenkabelmontage,Haken zur Deckenkabelmontage,Andere | STORAGE_HOOK,7.94,7.38,LIKELY EXCLUDE,,,
Electricalsone,265660323429,CCBKNWE12-IDE,CCBKNWE Black & White Led Driver,CCBKNWE Black & White Led Driver,DC 24V Transformer | Konstantstrom-Transformatoren | TRANSFORMER,48.56,7.24,LIKELY EXCLUDE,,,
Electricalsone,267407390761,LDCWT75B2212,II-SZ0Q-LANM,II-SZ0Q-LANM,LED Bulbs | LED bulbs | LIGHT_BULB | Light Bulbs (General-Purpose),0.00,7.19,LIKELY EXCLUDE,,,
Sunsone,316699359261,12BO100-IDE,LED Netzteil DC12V 1A-8.33A Trafo Netzadapter,LED Netzteil DC12V 1A-8.33A Trafo Netzadapter,TRANSFORMER | Transformatoren & Netzteile,95.84,7.10,LIKELY EXCLUDE,,,
Ledsone,163025541768,LDMT185B224,T185 Vintage Filament Bulb,T185 Vintage Filament Bulb,B22_Base_Bulb | Bulb | Bulb_B22_Base | Bulb_B22_Base B | E27_Base_Bulb | LED Bulb | LED Bulbs | LED bulbs | LED_Bulbs | LIGHT_BULB | Light Bulbs (General-Purpose),10.98,6.99,LIKELY EXCLUDE,,,
Ledsone,163746580945,LDMG95B228,,Edison Lightbulb Vintage LED GLOBE 8W Retro Style Spiral Filament Light Bulb B22,B22_Base_Bulb | Bulb | Bulb_B22_Base | Bulb_B22_Base B | LED Bulb | LED Light Bulb | LED bulbs | LED_Bulbs | LIGHT_BULB | Light Bulbs | Light Bulbs (General-Purpose),6.70,6.99,LIKELY EXCLUDE,,,
Ledsone,162954268540,24IP20120,24V Power Supply,24V Power Supply,Cables & LED drivers | Constant Voltage Transformer | DC 24V Transformer | LED_Lights | LED_Transformers | Lamp_Holder | Lampshades & Lightshades | TRANSFORMER | Transformatoren & Netzteile | Transformer | Transformer_IP20_Constant_Voltage | Transformer_LED | Transformers | Wall Light | cage light |,0.00,6.99,LIKELY EXCLUDE,,,
Ledsone,163746580948,LDMG80E274,,E27 4W G80 Vintage Dimmable LED Filament Edison Light Bulb,Bulb | Dekorative Glühbirnen | E27 Base Bulb B | E27_Base_Bulb | LED Bulb | LED bulbs | LED_Bulbs | LIGHT_BULB | PRODUCT,0.00,6.99,LIKELY EXCLUDE,,,
Sunsone,316870808769,12IP20100,Non Water proof LED Transformer,Non Water proof LED Transformer,Cables & LED drivers | Constant Voltage Transformer | DC 12V Transformer | DC 24V Transformer | DC 5V Transformer | ELECTRIC_LIGHT | LED_Lights | LED_Transformers | Lamp_Holder | Lampshades & Lightshades | POWER_SUPPLY | PRODUCT | Power Supply | SYSTEM_POWER_DEVICE | Switching Power Supply | TRANSFO,0.00,6.99,LIKELY EXCLUDE,,,
Electricalsone,266190399618,LHAHE27BM,E27/ES Vintage lamp bulb holder,E27/ES Vintage lamp bulb holder,"Downlight Lampholders | LAMP | LAMPSHADE | LIGHT_BULB_SOCKET | Lamp Holder | Lamp Holders | Lamp shades, holders & accessories | Lamp_Holder | Lighting Accessories",0.00,6.99,LIKELY EXCLUDE,,,
Huttenlampen,397724574046,12IP6710,sku not assigneds,sku not assigneds,Cables & LED drivers | Constant Voltage Transformer | DC 12V Transformer | DC 5V Transformer | LED_Transformers | TRANSFORMER | Transformatoren & Netzteile | Transformer | Transformer_LED | Transformers | Waterproof Transformers,0.00,6.95,LIKELY EXCLUDE,,,
Ledsone,164775055128,CL2RBK2PK,CL3RBL,CL3RBL,Cables & LED drivers | ELECTRONIC_WIRE | Electrical Wires & Cable | cable,287.70,6.89,LIKELY EXCLUDE,,,
ledsone de,405328319992,LHSHE27BA-IDE,Kurzer Halter,Kurzer Halter,LIGHT_BULB_SOCKET | Lampenfassungen Metall,124.02,6.89,LIKELY EXCLUDE,,,
Ledsone,164971167027,24IP20120,IP20 / IP67 LED DRiver,IP20 / IP67 LED DRiver,Cables & LED drivers | Constant Voltage Transformer | DC 24V Transformer | DC 5V Transformer | LED_Transformers | TRANSFORMER | Transformatoren & Netzteile | Transformer | Transformer_IP20_Constant_Voltage | Transformer_LED | Transformers,18.49,6.89,LIKELY EXCLUDE,,,
Ledsone,162984324438,LDMST64B228,,Vintage B22 ST64 Filament LED Bulb Dimmable Light Bulb 8W Edison Lamps,B22_Base_Bulb | Bulb | Bulb_B22_Base B | LED Bulb | LED Light Bulb | LED bulbs | LED_Bulbs | LIGHT_BULB | Light Bulbs (Appliance),6.69,6.89,LIKELY EXCLUDE,,,
Ledsone,165236118501,12IP20100,IP 20 LED Transformer,IP 20 LED Transformer,Cables & LED drivers | Constant Voltage Transformer | DC 12V Transformer | DC 24V Transformer | DC 5V Transformer | ELECTRIC_LIGHT | LED_Transformers | POWER_SUPPLY | PRODUCT | Power Supply | SYSTEM_POWER_DEVICE | Switching Power Supply | TRANSFORMER | Transformatoren & Netzteile | Transformer | Tra,3.80,6.72,LIKELY EXCLUDE,,,
Sunsone,316699425069,12IP67100-IDE,IP6712V Waterproof transformer,IP6712V Waterproof transformer,Cables & LED drivers | Constant Voltage Transformer | LED_Transformers | TRANSFORMER | Transformatoren & Netzteile | Transformer_LED | Transformers | Waterproof Transformers,0.00,6.56,LIKELY EXCLUDE,,,
Electricalsone,265660324902,12IP20100-IDE,DC 5V 12V 24V IP20 Transformer,DC 5V 12V 24V IP20 Transformer,DC 5V Transformer | POWER_SUPPLY | Stromwandler | TRANSFORMER | Transformatoren & Netzteile,0.00,6.52,LIKELY EXCLUDE,,,
Electricalsone,267035988245,LDMST64E274,,,Bulb | Bulb_E27_Base | Dekorative Glühbirnen | E27 Bulb | E27_Base_Bulb | Glühbirne E27 | LED | LED Bulb | LED Bulbs | LED Glühbirnen | LED Light Bulb | LED Light Bulbs | LED bulbs | LED_Bulbs | LIGHT_BULB | Light Bulbs | Light Bulbs (Appliance) | Light Bulbs (General-Purpose),29.58,6.49,LIKELY EXCLUDE,,,
Ledsone,163746580737,LDMT45E274,,Vintage Filament LED Edison Bulb Dimmable T45 E27 Decorative Industrial Light A+,Bulb | Bulb_B22_Base B | E27 Bulb | E27_Base_Bulb | Glühbirne E27 | LED Light Bulb | LED bulbs | LED_Bulbs | LIGHT_BULB | Light Bulbs (General-Purpose) | PRODUCT,0.00,6.49,LIKELY EXCLUDE,,,
Huttenlampen,393989308995,CCBC123PK-IDE,Bluecase,Bluecase,Konstantstrom_Transformator,0.00,6.00,LIKELY EXCLUDE,,,
Electricalsone,267368074814,LDC35E142,2 / 4W Edison Vintage LED Candle Light Bulbs,2 / 4W Edison Vintage LED Candle Light Bulbs,Bulb | Bulb_E14_Base | E14_Base_Bulb | LED Bulb | LED bulbs | LIGHT_BULB,11.07,5.99,LIKELY EXCLUDE,,,
Electricalsone,265220728079,CCORNWH24,,24W LED Driver Transformer DC 30 -40V Power Supply AC 85 - 265V For LED LIghts,Cables & LED drivers | Constant Current Transformer | LED_Transformers,7.89,5.99,LIKELY EXCLUDE,,,
Electricalsone,265660352962,LDMST64B224,ST64 B22/E27,ST64 B22/E27,B22_Base_Bulb | Bulb | Bulb_B22_Base B | Bulb_E27_Base | Dekorative Glühbirnen | E27_Base_Bulb | Glühbirne E27 | LED | LED Bulb | LED Light Bulb | LED bulbs | LED_Bulbs | LIGHT_BULB | Light Bulbs (Appliance) | Light Bulbs (General-Purpose),0.00,5.99,LIKELY EXCLUDE,,,
Electricalsone,265942462235,LDMG95B224,,Retro Vintage Edison G95 LED Bulb 4W B22 Amber Spiral Filament Dimmable Light,B22_Base_Bulb | Bulb | Bulb_B22_Base B | LED Bulb | LED Light Bulb | LED bulbs | LED_Bulbs | LIGHT_BULB | Light Bulbs (General-Purpose),0.00,5.99,LIKELY EXCLUDE,,,
ledsone uk de,165238748752,LHSHE27BA-IDE,E27 Holders,E27 Holders,LIGHT_BULB_SOCKET | Lampenfassungen Metall,21.92,5.91,LIKELY EXCLUDE,,,
ledsone uk de,163942690180,LDMG125E278,Vintage LED Light bulbs pack5,Vintage LED Light bulbs pack5,Bulb | Bulb_B22_Base B | Bulb_E27_Base | Dekorative Glühbirnen | E27 Base Bulb B | E27 Bulb | E27_Base_Bulb | Glühbirne E27 | LED | LED Bulb | LED Light Bulb | LED bulbs | LED_Bulbs | LIGHT_BULB | Light Bulbs (Appliance) | Light Bulbs (General-Purpose) | PRODUCT,0.00,5.83,LIKELY EXCLUDE,,,
Ledsone,165621031025,LDSG125E274,New Style LED Bulbs,New Style LED Bulbs,Bulb | Dekorative Glühbirnen | E27 Base Bulb B | E27 Bulb | E27_Base_Bulb | Glühbirne E27 | LED Bulb | LED Glühbirnen | LED Light Bulb | LED Light Bulbs | LED bulbs | LED_Bulbs | LIGHT_BULB | Light Bulbs | Light Bulbs (General-Purpose),69.68,5.49,LIKELY EXCLUDE,,,
Ledsone,163044424300,LDMA60B224,LED Bulbs,LED Bulbs,B22 Base Bulb B | B22 Base LED Bulb | B22_Base_Bulb | Bulb | Bulb_B22_Base | Bulb_B22_Base B | Bulb_E14_Base | Bulb_E27_Base | Dekorative Glühbirnen | E14_Base_Bulb | E27 Base Bulb B | E27 Bulb | E27_Base_Bulb | Glühbirne B22 | Glühbirne E27 | LED | LED Bulb | LED Bulbs | LED Light Bulb | LED bulbs ,23.44,5.49,LIKELY EXCLUDE,,,
ledsone uk de,164147318083,CCBC12-IDE,Blue case LED Treiber Trafo,Blue case LED Treiber Trafo,Cables & LED drivers | Constant Current LED Driver | Konstantstrom_Transformator | TRANSFORMER,20.05,5.49,LIKELY EXCLUDE,,,
Ledsone,161968089815,LDMST64B224,ST64 B22/E27 60W,ST64 B22/E27 60W,B22_Base_Bulb | Bulb | Bulb_B22_Base B | Bulb_E27_Base | Dekorative Glühbirnen | E27_Base_Bulb | Glühbirne E27 | LED | LED Bulb | LED Light Bulb | LED bulbs | LED_Bulbs | LIGHT_BULB | Light Bulbs (Appliance) | Light Bulbs (General-Purpose),6.19,5.49,LIKELY EXCLUDE,,,
Ledsone,162822568384,LDMG125E278,LED Light Bulb,LED Light Bulb,Bulb | Bulb_B22_Base B | Bulb_E27_Base | Dekorative Glühbirnen | E27 Base Bulb B | E27 Bulb | E27_Base_Bulb | Glühbirne E27 | LED | LED Bulb | LED Glühbirnen | LED Light Bulb | LED Light Bulbs | LED bulbs | LED_Bulbs | LIGHT_BULB | Light Bulbs | Light Bulbs (Appliance) | Light Bulbs (General-Purpose,0.00,5.49,LIKELY EXCLUDE,,,
Ledsone,163788961264,LDMST64E274,,,Bulb | Bulb_E27_Base | Dekorative Glühbirnen | E27_Base_Bulb | Glühbirne E27 | LED | LED Bulb | LED Light Bulb | LED bulbs | LED_Bulbs | LIGHT_BULB | Light Bulbs (Appliance),0.00,5.49,LIKELY EXCLUDE,,,
Ledsone,164889807930,LDMG125B228,LED Edison Light Bulbs,LED Edison Light Bulbs,B22 Base Bulb B | B22 Base LED Bulb | B22_Base_Bulb | Bulb | Bulb_B22_Base | Bulb_B22_Base B | Bulb_E27_Base | Dekorative Glühbirnen | E27 Base Bulb B | E27 Bulb | E27_Base_Bulb | Glühbirne B22 | Glühbirne E27 | LED | LED Bulb | LED Bulbs | LED Light Bulb | LED bulbs | LED_Bulbs | LIGHT_BULB | Light,0.00,5.49,LIKELY EXCLUDE,,,
Electricalsone,265660353981,CL3RBK-IDE,3C Cable Round,3C Cable Round,Textilkabel 3-adrig Gedreht,48.42,5.42,LIKELY EXCLUDE,,,
ledsone uk de,167928251759,CL2RAG,2 / 3 core Round/ twosted wire,2 / 3 core Round/ twosted wire,2_Core_Round_Cable | Cable | Cable Ties | Cables | Cables & LED drivers | ELECTRONIC_WIRE | Electic cable | Electric round cable | Electrical Wires & Cable | Lighting Parts | Multi-Core Cables | Textilkabel 2-adrig Rund | Textilkabel 3-adrig Gedreht | Twisted Vintage fabric Cable | Vintage Cable | V,0.00,5.24,LIKELY EXCLUDE,,,
Ledsone,163740897339,CL2TCR,,2 Core Twisted Vintage Fabric Cable Flex Electric Cable Cream fabric wire 0.75mm,Cables | Cables & LED drivers | Electrical Wires & Cable | Multi-Core Cables | Vintage_Cables | cable,0.00,5.09,LIKELY EXCLUDE,,,
Electricalsone,265660314741,LHRIE14BM,Small Edison Screw SES E14 Light Bulb,Small Edison Screw SES E14 Light Bulb,"LAMP | LIGHT_BULB_SOCKET | Lamp Holders | Lamp shades, holders & accessories | Lamp_Holder | Lighting Parts",13.39,4.99,LIKELY EXCLUDE,,,
Ledsone,163026833305,LDC35E142,2 / 4W Edison Vintage LED Candle Light Bulbs,2 / 4W Edison Vintage LED Candle Light Bulbs,Bulb | Bulb_E14_Base | Candle Bulb | E14_Base_Bulb | LED Bulb | LED bulbs | LIGHT_BULB,3.69,4.99,LIKELY EXCLUDE,,,
Ledsone,164263318248,CCBKNWE3,,LED Driver Power Supply Transformer 3W 300mA Constant Current  DC9 - 14V PSU,Cables & LED drivers | Constant Current Transformer | Constant Voltage Transformer | LED_Transformers | Lighting Parts | TRANSFORMER | Transformers,0.00,4.99,LIKELY EXCLUDE,,,
Ledsone,164630867449,CCBKNWE5,,AC 240V to DC 9 -18V 5W LED Driver Switch Power Supply Transformer for LED Strip,Cables & LED drivers | Constant Voltage Transformer | Lighting Parts,0.00,4.99,LIKELY EXCLUDE,,,
Sunsone,318752388518,12IP20100-IDE,LED Driver IP20,LED Driver IP20,Constant Voltage Transformer | DC 5V Transformer | LED_Transformers | POWER_SUPPLY | Power Supply | Stromwandler | TRANSFORMER | Transformator | Transformatoren & Netzteile,0.00,4.98,LIKELY EXCLUDE,,,
Electricalsone,265660324852,12IP6710-IDE,DC 12V 24V LED Transformator IP67,DC 12V 24V LED Transformator IP67,Dc 12V Transformator | Gleichstrom-Netzteile | TRANSFORMER | Transformatoren & Netzteile,261.65,4.16,LIKELY EXCLUDE,,,
ledsone uk de,165047800684,CCBC12-IDE,Blue case LED Treiber Trafo,Blue case LED Treiber Trafo,Konstantstrom_Transformator | TRANSFORMER,0.00,3.66,LIKELY EXCLUDE,,,
Sunsone,318751880335,12BO100-IDE,12BO Blaue und orangefarbene Treiber,12BO Blaue und orangefarbene Treiber,TRANSFORMER | Transformatoren & Netzteile,0.00,3.18,LIKELY EXCLUDE,,,
Ledsone,163740897246,CL3TBK,,TWIST 3 Core Braided Fabric Cord Vintage Electric Wire Flex Lighting Cable - 1m,Cables | Cables & LED drivers | Electrical Wires & Cable | Multi-Core Cables | Vintage_Cables | cable,0.00,3.09,LIKELY EXCLUDE,,,
ledsone uk de,164668515879,CCBKNWE12-IDE,Black & White Case Transformer,Black & White Case Transformer,Cables & LED drivers | DC 24V Transformer | Konstantstrom-Transformatoren | Lighting Parts | STRING_LIGHT | TRANSFORMER | Transformers,0.00,3.08,LIKELY EXCLUDE,,,
Sunsone,315329809115,CL3RAG,Fabric Cable Flex Cord,Fabric Cable Flex Cord,Cable | Cables | Cables & LED drivers | ELECTRONIC_WIRE | Electrical Wires & Cable | Lighting Parts | Multi-Core Cables | Textilkabel 3-adrig Gedreht | Vintage Cable | Vintage_Cables | cable,40.53,2.99,LIKELY EXCLUDE,,,
Electricalsone,265660353904,CL3RBK-IDE,CL3R 3C Cable Round,CL3R 3C Cable Round,Textilkabel | Textilkabel 3-adrig Gedreht,96.69,2.93,LIKELY EXCLUDE,,,
Ledsone,167943442329,CL2RBK,Fabric Cable Flexible,Fabric Cable Flexible,Cable | Cables | Cables & LED drivers | ELECTRONIC_WIRE | Electic cable | Electric round cable | Electrical Wires & Cable | Multi-Core Cables | Textilkabel 2-adrig Rund | Twisted Vintage fabric Cable | Vintage_2Core_Round_Cable | Vintage_Cables | cable | cables,0.00,2.89,LIKELY EXCLUDE,,,
Electricalsone,266194586886,CL2TBL,2/3 Core Twisted Cable,2/3 Core Twisted Cable,Cable | Cable Ties | Cables | Cables & LED drivers | ELECTRONIC_WIRE | Electrical Wires & Cable | Flexible Conduit Lengths | Light Bulbs (Appliance) | Multi-Core Cables | THREAD_CORD | Twisted Vintage fabric Cable | Vintage Cable | Vintage_3Core_Twisted_Cable | Vintage_Cables | cable,0.00,2.69,LIKELY EXCLUDE,,,
Ledsone,167944050044,CERU36200BM,BLACK | WHITE CABLE TIES,BLACK | WHITE CABLE TIES,CABLE_TIE | Cable Clip | Cable Ties | Hardware & fixings | Home & Garden | Tile Levelling Kits,0.00,1.69,LIKELY EXCLUDE,,,
Electricalsone,265660312574,CL3RAG,3C Cable Round,3C Cable Round,Cable | Cables | Cables & LED drivers | ELECTRONIC_WIRE | Electrical Wires & Cable | Lighting Parts | Multi-Core Cables | Textilkabel 3-adrig Gedreht | Vintage Cable | Vintage_Cables | cable,0.00,0.99,LIKELY EXCLUDE,,,
ledsone uk de,163955855214,LDMC35E142-IDE,Vintage LED Bulb,Vintage LED Bulb,Bulb | Bulb_E27_Base | Dekorative Glühbirnen | E27 Base Bulb B | E27_Base_Bulb | Glühbirne E14 | LED Bulb | LED Glühbirnen | LED Light Bulb | LED bulbs | LED_Bulbs | LIGHT_BULB | Light Bulbs | Light Bulbs (General-Purpose),369.55,0.00,LIKELY EXCLUDE,,,
Electricalsone,266100926980,CL2TAGL,Fabric Cable Lamp Flex,Fabric Cable Lamp Flex,Cables | Cables & LED drivers | ELECTRONIC_WIRE | Electrical Wires & Cable | Vintage_Cables | cable,258.63,0.00,LIKELY EXCLUDE,,,
ledsone uk de,163941513441,CL3TAG-IDE,CL3T Fabric cable,CL3T Fabric cable,ELECTRONIC_CABLE | ELECTRONIC_WIRE | POWER_CORD | Textilkabel 3-adrig Gedreht,239.99,0.00,LIKELY EXCLUDE,,,
Electricalsone,266192047204,LDCWB2212,LED 3W - 25W,LED 3W - 25W,B22 Base Bulb | B22 Base Bulb B | Bulb | Bulb B22 Base B | Bulb_B22_Base | Bulb_B22_Base B | Bulb_E27_And_B22_Base | Bulb_E27_Base | E27 Base Bulb B | E27_Base_Bulb | LED | LED Bulb | LED Bulbs | LED bulbs | LED_Bulbs | LIGHT_BULB | Light Bulbs (General-Purpose) | Lighting Fixtures | PRODUCT,234.89,0.00,LIKELY EXCLUDE,,,
ledsone uk de,164269397410,12BO100-IDE,DC 12V - LED Driver,DC 12V - LED Driver,Dc 12V Transformator | TRANSFORMER | Transformatoren & Netzteile,232.90,0.00,LIKELY EXCLUDE,,,
Ledsone,163205266658,CCBKNWE12,LED Driver Adapter,LED Driver Adapter,Cables & LED drivers | Constant Current Transformer | Constant Voltage Transformer | Konstantstrom-Transformatoren | LED_Transformers | Lighting Parts | TRANSFORMER | Transformers,229.64,0.00,LIKELY EXCLUDE,,,
ledsone uk de,167243331750,LDMA60B224CW-IDE,sku not assigneds,sku not assigneds,B22_Base_Bulb | Bulb | Bulb_B22_Base | Bulb_E27_Base | Dekorative Glühbirnen | E27 Base Bulb B | E27_Base_Bulb | Glühbirne E14 | Glühbirne E27 | LED | LED Bulb | LED Glühbirnen | LED bulbs | LED_Bulbs | LIGHT_BULB | Light Bulbs | Light Bulbs (General-Purpose) | PRODUCT,219.76,0.00,LIKELY EXCLUDE,,,
Electricalsone,266190324892,HRE1428BM2PK,Ring Adaptor E27 / E14 Lamp Bulb Holder,Ring Adaptor E27 / E14 Lamp Bulb Holder,"Hooks and Rings | LAMPSHADE | Lamp shades, holders & accessories | Lighting Fixtures",213.27,0.00,LIKELY EXCLUDE,,,
Electricalsone,265750044855,CL2FRYE,Cable Lighting Lamp Flex Vintage,Cable Lighting Lamp Flex Vintage,Cable Ties | Cables | Cables & LED drivers | ELECTRONIC_WIRE | Electrical Wires & Cable | Vintage_3Core_Twisted_Cable | Vintage_Cables,209.56,0.00,LIKELY EXCLUDE,,,
ledsone de,405328408223,12DE2P2A-IDE,,AC/DC 12V 2A 24W NETZTEIL Trafo Netzadapter Steckernetzteil Ladegerät LED Driver,Adapter,201.28,0.00,LIKELY EXCLUDE,,,
ledsone de,406132145271,12DE2P10A-IDE,Transformer,Transformer,Adapter,199.47,0.00,LIKELY EXCLUDE,,,
Electricalsone,267120297665,LDMC35E142,sku not assigneds,sku not assigneds,Bulb | Bulb_B22_Base B | Bulb_E14_Base | Bulb_E27_Base | Dekorative Glühbirnen | E14_Base_Bulb | E27 Base Bulb B | E27 Bulb | E27_Base_Bulb | Glühbirne E27 | LED | LED Bulb | LED Bulbs | LED Light Bulb | LED bulbs | LED_Bulbs | LIGHT_BULB | Light Bulbs (Appliance) | Light Bulbs (General-Purpose) | P,174.07,0.00,LIKELY EXCLUDE,,,
Ledsone,165185824276,CRSF100BM+LHHTE27BM+WCDCBM,Diamond Cage Wall Ceiling Pendant light,Diamond Cage Wall Ceiling Pendant light,Ceiling Flush Lights | Ceiling Pendant Lights | Ceiling lights | Deckenleuchten | LIGHT_FIXTURE | Pendant Lamp | Wall Lighting | Wall Lights | Wall lights | wire cage pendant light,172.61,0.00,LIKELY EXCLUDE,,,
Ledsone,164406060936,ICG95E2760,Dimmable Incandesent light bulbs,Dimmable Incandesent light bulbs,B22_Base_Bulb | Bulb | Bulb_B22_Base B | Bulb_E14_Base | Bulb_E27_Base | Dekorative Glühbirnen | E14_Base_Bulb | E27 Base Bulb B | E27_Base_Bulb | Glühbirne E27 | Incandescent_Bulb | LED | LED Bulb | LED Bulbs | LED Light Bulb | LED bulbs | LED_Bulbs | LIGHT_BULB | Light Bulbs (Appliance) | Light Bu,172.55,0.00,LIKELY EXCLUDE,,,
Electricalsone,267337550155,CCBKNWE12-IDE,,,Constant_Voltage_Transformer | DC 24V Transformer | Konstantstrom-Transformatoren,156.63,0.00,LIKELY EXCLUDE,,,
Electricalsone,267289062957,CRFF100BM+PHUP1PBRBM,,,Ceiling Lights & Chandeliers | LIGHT_BULB_SOCKET | LIGHT_FIXTURE | LIGHT_SOURCE | Pendant Lighting | Pendant_Holder | Pendant_Lamp_Lights,145.49,0.00,LIKELY EXCLUDE,,,
ledsone uk de,165236132441,12IP6710-IDE,IP67 LED Driver Power supply Transformer,IP67 LED Driver Power supply Transformer,Cables & LED drivers | Constant Voltage Transformer | Dc 12V Transformator | LED_Transformers | TRANSFORMER | Transformatoren & Netzteile | Transformers,144.67,0.00,LIKELY EXCLUDE,,,
ledsone de,405910424972,COS93BM,sku not assigneds,sku not assigneds,Andere | Cable Connectors (Single Sizes) | Connector | Connectors & junction boxes | ELECTRICAL_HOUSING | Junction Boxes & Connectors | Lamp_Holder | TOOLS | Water Proof Junction Box,138.92,0.00,LIKELY EXCLUDE,,,
Electricalsone,265660312567,12BO100,Adapter AC 220 -240V To DC 12V,Adapter AC 220 -240V To DC 12V,Cables & LED drivers | Constant Voltage Transformer | LED_Transformers | TRANSFORMER | Transformer_Constant_Voltage | Transformers,138.65,0.00,LIKELY EXCLUDE,,,
ledsone uk de,164080500854,12IP20100-IDE,5/12/24IP20 Metal LED Driver,5/12/24IP20 Metal LED Driver,DC 5V Transformer | POWER_SUPPLY | Stromwandler | TRANSFORMER | Transformator | Transformatoren & Netzteile,130.35,0.00,LIKELY EXCLUDE,,,
Ledsone,163038078317,12IP20100,LED Drivers DC12V,LED Drivers DC12V,Cables & LED drivers | Constant Voltage Transformer | DC 12V Transformer | ELECTRIC_LIGHT | LED_Transformers | POWER_SUPPLY | PRODUCT | Power Supply | SYSTEM_POWER_DEVICE | TRANSFORMER | Transformatoren & Netzteile | Transformer | Transformer_LED | Transformers,130.17,0.00,LIKELY EXCLUDE,,,
ledsone uk de,164147018649,CCBKNWE12-IDE,,,Cables & LED drivers | DC 24V Transformer | Konstantstrom-Transformatoren | Lighting Parts | STRING_LIGHT | TRANSFORMER | Transformers,130.02,0.00,LIKELY EXCLUDE,,,
Electricalsone,265660318524,CL2ROR-IDE,CL2/3R/T-Kernfarbener runder geflochtener Stoff,CL2/3R/T-Kernfarbener runder geflochtener Stoff,ELECTRONIC_CABLE | ELECTRONIC_WIRE | POWER_CORD | Textilkabel | Textilkabel 2-adrig Rund | Textilkabel 3-adrig Gedreht | Textilkabel 3-adrig Rund | cable,128.97,0.00,LIKELY EXCLUDE,,,
Ledsone,164643699383,LHETB22GD,,Lamp Bulb Holder B22 BC Bayonet Gold Cap Batten Shade Vintage Industrial Style,"Lamp Holders | Lamp shades, holders & accessories | Lamp_Holder",121.50,0.00,LIKELY EXCLUDE,,,
Sunsone,316699423985,24IP6710-IDE,24IP67 10-200 Transformers,24IP67 10-200 Transformers,Gleichstrom-Netzteile | TRANSFORMER | Transformatoren & Netzteile,118.63,0.00,LIKELY EXCLUDE,,,
Ledsone,165423729800,12RPIP45400,,DC 12V LED Driver Power Supply Transformer Switching Driver 30.33A 400W for LED,Cables & LED drivers | DC 12V Transformer | LED_Transformers | TRANSFORMER | Transformatoren & Netzteile | Transformer | Transformers,107.56,0.00,LIKELY EXCLUDE,,,
Electricalsone,265660323461,CL2RHE-IDE,CL R/T Hemp cable,CL R/T Hemp cable,BRA | ELECTRONIC_WIRE | Textilkabel 2-adrig Rund | Textilkabel 3-adrig Gedreht | cable,105.97,0.00,LIKELY EXCLUDE,,,
Sunsone,317087707309,LDCWB2212,Light Bulbs,Light Bulbs,B22 Base Bulb | B22 Base Bulb B | Bulb | Bulb B22 Base B | Bulb_B22_Base | Bulb_B22_Base B | Bulb_E27_And_B22_Base | Bulb_E27_Base | E27 Base Bulb B | E27_Base_Bulb | LED | LED Bulb | LED Bulbs | LED bulbs | LED_Bulbs | LIGHT_BULB | Light Bulbs (General-Purpose) | Lighting Fixtures | PRODUCT,104.91,0.00,LIKELY EXCLUDE,,,
Ledsone,164638153137,CCBKNWE12,Black and white led driver,Black and white led driver,Cables & LED drivers | Constant Current Transformer | Constant Voltage Transformer | Konstantstrom-Transformatoren | LED_Transformers | Lighting Parts | TRANSFORMER | Transformer | Transformers,102.87,0.00,LIKELY EXCLUDE,,,
ledsone uk de,164816051490,12IP20100-IDE,LED Driver IP20,LED Driver IP20,Constant Voltage Transformer | DC 5V Transformer | LED_Transformers | POWER_SUPPLY | Power Supply | Stromwandler | TRANSFORMER | Transformator | Transformatoren & Netzteile,101.96,0.00,LIKELY EXCLUDE,,,
ledsone uk de,167748925048,LDMG125B228,sku not assigneds,sku not assigneds,B22 Base Bulb B | B22 Base LED Bulb | B22_Base_Bulb | Bulb | Bulb_B22_Base | Bulb_B22_Base B | Bulb_E27_Base | Dekorative Glühbirnen | E27 Base Bulb B | E27 Bulb | E27_Base_Bulb | Glühbirne B22 | Glühbirne E27 | LED | LED Bulb | LED Bulbs | LED Light Bulb | LED bulbs | LED_Bulbs | LIGHT_BULB | Light,101.43,0.00,LIKELY EXCLUDE,,,
Electricalsone,265814786228,CRSF100BD+PHCH1PWRSBD,#Pendant #Lamp #Bulb #Holder,#Pendant #Lamp #Bulb #Holder,Ceiling Pendant Lights | Pendant Lighting | Pendant_Ligh | pendant lightss,98.90,0.00,LIKELY EXCLUDE,,,
Ledsone,163044671557,LDMG80B224,E27/B22-4W LED Light,E27/B22-4W LED Light,B22 Base LED Bulb | B22_Base_Bulb | Bulb | Bulb_B22_Base B | Bulb_E27_Base | Dekorative Glühbirnen | E27 Base Bulb B | E27_Base_Bulb | LED Bulb | LED Light Bulb | LED bulbs | LED_Bulbs | LIGHT_BULB | Light Bulbs (General-Purpose) | PRODUCT,96.80,0.00,LIKELY EXCLUDE,,,
ledsone uk de,164250619711,12BO100-IDE,Blue and Orange LED Driver,Blue and Orange LED Driver,TRANSFORMER | Transformatoren & Netzteile,95.55,0.00,LIKELY EXCLUDE,,,
Ledsone,165059599112,LP3DRC5,5W LED Panel Light Black,5W LED Panel Light Black,Ceiling_Lights | Commercial Downlights with Integrated LEDs (Non-Fire-Rated) | Downlight Lampholders | LIGHT_FIXTURE | Panel Light,94.24,0.00,LIKELY EXCLUDE,,,
ledsone de,405328319916,24IP6710-IDE,10W-200W IP67 24V,10W-200W IP67 24V,Gleichstrom-Netzteile | TRANSFORMER | Transformatoren & Netzteile,94.16,0.00,LIKELY EXCLUDE,,,
Electricalsone,266190312626,CL2TBK3PK,2 core Twisted Cable,2 core Twisted Cable,Cable | Cables & LED drivers | cable,91.52,0.00,LIKELY EXCLUDE,,,
Ledsone,163143473653,CL2RAG,CL2RAG,CL2RAG,2_Core_Round_Cable | Cable | Cables | Cables & LED drivers | ELECTRONIC_WIRE | Electric round cable | Electrical Wires & Cable | Lighting Parts | Multi-Core Cables | Textilkabel 2-adrig Rund | Textilkabel 3-adrig Gedreht | Vintage Cable | Vintage_2Core_Round_Cable | Vintage_Cables | cable | cables,90.32,0.00,LIKELY EXCLUDE,,,
Sunsone,315506602283,12UK3P10A,,,CHARGING_ADAPTER | Cables & LED drivers | Lighting Parts | Netzteiladapter | Other Surveillance Parts & Accessories | PRODUCT | Power Supplies | Power_Supply_Adapter | Transformers,88.70,0.00,LIKELY EXCLUDE,,,
ledsone uk de,164790283077,CL2RBK-IDE,2/3 Core Twisted/Round Cable,2/3 Core Twisted/Round Cable,ELECTRONIC_WIRE | Textilkabel | Textilkabel 2-adrig Rund | Textilkabel 3-adrig Gedreht | Textilkabel 3-adrig Rund | cable,86.11,0.00,LIKELY EXCLUDE,,,
ledsone de,405327169151,LHSHE27BA-IDE,sku not assigned,sku not assigned,LIGHT_BULB_SOCKET | Lampenfassungen Metall,79.92,0.00,LIKELY EXCLUDE,,,
Electricalsone,265997866256,CCBKNWE48,,48W LED Power Supply Transformer DC 45-84V AC 240V-254V Constant Current Driver,Constant Voltage Transformer | LED_Transformers | TRANSFORMER | Transformers,79.12,0.00,LIKELY EXCLUDE,,,
ledsone uk de,167093981031,PLADBC+ICST64E273PK,PLWLBC,PLWLBC,LIGHT_BULB_SOCKET | LIGHT_FIXTURE | PRODUCT | Pendant Lighting | Pipe_Lamp_Lighting | Rohr lampen | Table & bedside lamps | Table Lamp Lighting | Table Lighting | Table_Lamp_Lighting | Wandleuchten | pipe-lighting,77.86,0.00,LIKELY EXCLUDE,,,
Ledsone,163338922902,LHBPE27BMAPK+CGMLBMAPK,,Vintage Industrial Lamp Light Bulb Holder Bakelite Retro Edison ES E27 Fitting,"Lamp Holders | Lamp shades, holders & accessories",75.79,0.00,LIKELY EXCLUDE,,,
Huttenlampen,393950131653,12BO100-IDE,12VBO-IDE,12VBO-IDE,TRANSFORMER | Transformatoren & Netzteile,73.94,0.00,LIKELY EXCLUDE,,,
Electricalsone,266451570608,LDLIE14FL4,,,Bulb | LED | LED Bulb | LED bulbs | LIGHT_BULB | LIGHT_FIXTURE | STRING_LIGHT | Vintage_Lamp_Lights,73.88,0.00,LIKELY EXCLUDE,,,
Sunsone,316972603870,CL2RAG5PK,CL2RRO5PK,CL2RRO5PK,2_Core_Round_Cable | Cable | Cables | Cables & LED drivers | ELECTRONIC_WIRE | Electrical Wires & Cable | Multi-Core Cables | Textilkabel 2-adrig Rund | Vintage_Cables | cable | cables,73.25,0.00,LIKELY EXCLUDE,,,
Electricalsone,267346321019,COI9BBL,IP66 junction box Cable Waterproof Outdoor Connect,IP66 junction box Cable Waterproof Outdoor Connect,Connector | Connectors & junction boxes | ELECTRICAL_HOUSING | Junction Box | Junction Boxes & Connectors | Water Proof Junction Box,73.15,0.00,LIKELY EXCLUDE,,,
Electricalsone,265660318499,CRFF140BM+WSCH135BM+LSCY290BL-IDE,CRFF140BM+WSCH135BM+LSCY290 Wall Lamp,CRFF140BM+WSCH135BM+LSCY290 Wall Lamp,LIGHT_BULB | LIGHT_FIXTURE | Wandleuchten,72.05,0.00,LIKELY EXCLUDE,,,
Ledsone,167783722577,WCBV62BC2PK+SCRN70BC2PK,Wire Cage Lampshade,Wire Cage Lampshade,"LAMPSHADE | LIGHT_FIXTURE | Lamp shades, holders & accessories | Lampshade | Lampshades & Lightshades | Wire Cage",69.84,0.00,LIKELY EXCLUDE,,,
Electricalsone,266168088638,12BO100,Power Supply Transformer,Power Supply Transformer,Cables & LED drivers | Constant Voltage Transformer | LED_Transformers | POWER_SUPPLY | PRODUCT | TRANSFORMER | Transformer_Constant_Voltage | Transformers,68.58,0.00,LIKELY EXCLUDE,,,
ledsone uk de,165207929849,CCGNNWE60-IDE,,,Constant_Voltage_Transformer,66.10,0.00,LIKELY EXCLUDE,,,
Ledsone,164641722881,COI9BBL,2/3 way wire connector,2/3 way wire connector,Andere | Cable Connectors (Single Sizes) | Connector | Connectors & junction boxes | ELECTRICAL_HOUSING | Junction Box | Junction Boxes & Connectors | TOOLS | Water Proof Junction Box | Waterproof Junction Box,65.93,0.00,LIKELY EXCLUDE,,,
Ledsone,165634844757,LDMC35E144,C35 E14 Candle Bulb,C35 E14 Candle Bulb,Bulb | Bulb_E14_Base | E14_Base_Bulb | LED Bulb | LED bulbs | LIGHT_BULB,64.55,0.00,LIKELY EXCLUDE,,,
ledsone uk de,166974743304,LDMC35E142-IDE,sku not assigneds,sku not assigneds,Dekorative Glühbirnen | Glühbirne E14 | LED Glühbirnen | LIGHT_BULB | Light Bulbs,64.40,0.00,LIKELY EXCLUDE,,,
Sunsone,316904407221,CCBC123PK,,,Cables & LED drivers | Constant Current Transformer | Konstantstrom_Transformator | TRANSFORMER | Transformatoren & Netzteile | Transformers,64.22,0.00,LIKELY EXCLUDE,,,
Huttenlampen,396334332061,COI9ABM,,,Connector | Connectors & junction boxes | ELECTRICAL_HOUSING | Wire & Cable Connectors,63.77,0.00,LIKELY EXCLUDE,,,
Huttenlampen,396893990084,CL3TAG-IDE,verdrilltes 3-adriges Kabel,verdrilltes 3-adriges Kabel,ELECTRONIC_WIRE | Textilkabel 3-adrig Gedreht,62.51,0.00,LIKELY EXCLUDE,,,
Electricalsone,266196206397,LLSQWB15W,LLSQWB-Square With Frame Panel Light,LLSQWB-Square With Frame Panel Light,Commercial Downlights with Integrated LEDs (Non-Fire-Rated) | Downlights | LED_Lights | LIGHT_BULB | LIGHT_FIXTURE | Panel Light,59.76,0.00,LIKELY EXCLUDE,,,
ledsone uk de,167670907847,CCBKNWE12-IDE,,,DC 24V Transformer | Konstantstrom-Transformatoren,59.52,0.00,LIKELY EXCLUDE,,,
Electricalsone,265660318517,12IP6710-IDE,12IP67 24IP67 240V DC12V/24V LED,12IP67 24IP67 240V DC12V/24V LED,Cables & LED drivers | Constant Voltage Transformer | Dc 12V Transformator | Gleichstrom-Netzteile | LED_Transformers | TRANSFORMER | Transformatoren & Netzteile | Transformers,58.54,0.00,LIKELY EXCLUDE,,,
Sunsone,317030509760,CL2TAG,CL3TLP,CL3TLP,Cable | Cable Ties | Cables | Cables & LED drivers | ELECTRONIC_WIRE | Electic cable | Electrical Wires & Cable | Lighting Parts | Multi-Core Cables | Textilkabel 3-adrig Gedreht | Twisted Vintage fabric Cable | Vintage_3Core_Twisted_Cable | Vintage_Cables | cable,57.39,0.00,LIKELY EXCLUDE,,,
Sunsone,316870831969,12IP6710,IP67 LED Driver Power supply Transformer,IP67 LED Driver Power supply Transformer,Cables & LED drivers | Constant Voltage Transformer | DC 5V Transformer | LED_Transformers | TRANSFORMER | Transformatoren & Netzteile | Transformer | Transformer_LED | Transformers | Waterproof Transformers,54.58,0.00,LIKELY EXCLUDE,,,
Ledsone,164958943168,12MIP2025,,LED Driver Power Supply Transformer DC 12V 25W IP20 Mini Universal Regulated.,Cables & LED drivers | Constant Voltage Transformer | DC 12V Transformer | LED_Transformers | TRANSFORMER | Transformers,54.39,0.00,LIKELY EXCLUDE,,,
Electricalsone,266194425010,LDMST64B224,E27 ST64 Vintage LED Dimmable Bulbs,E27 ST64 Vintage LED Dimmable Bulbs,B22_Base_Bulb | Bulb | Bulb_B22_Base B | Bulb_E27_Base | Dekorative Glühbirnen | E27 Base Bulb B | E27_Base_Bulb | Glühbirne E27 | LED | LED Bulb | LED Light Bulb | LED bulbs | LED_Bulbs | LIGHT_BULB | Light Bulbs (Appliance) | Light Bulbs (General-Purpose),54.10,0.00,LIKELY EXCLUDE,,,
Electricalsone,265923502322,CL3TAG5PK,CL3R-3 core Twisted cables 5pack,CL3R-3 core Twisted cables 5pack,Cables | Cables & LED drivers | ELECTRONIC_WIRE | Electrical Wires & Cable | Multi-Core Cables | Vintage_3Core_Twisted_Cable | Vintage_Cables | cable,52.99,0.00,LIKELY EXCLUDE,,,
ledsone uk de,164802932263,CL2RBK-IDE,Vintage Fabic cable Flex 2 core round,Vintage Fabic cable Flex 2 core round,BRA | ELECTRONIC_WIRE | Textilkabel | Textilkabel 2-adrig Rund | Textilkabel 3-adrig Gedreht | Textilkabel 3-adrig Rund | cable,52.77,0.00,LIKELY EXCLUDE,,,
Ledsone,164679770081,5IP20100,IP20 5V Transformer,IP20 5V Transformer,Cables & LED drivers | Constant Voltage Transformer | DC 5V Transformer | LED_Transformers | POWER_SUPPLY | Switching Power Supply | TRANSFORMER | Transformer | Transformers,51.78,0.00,LIKELY EXCLUDE,,,
Electricalsone,266196171251,12IP6710,12IP67-DC12 Transformer,12IP67-DC12 Transformer,Cables & LED drivers | Constant Voltage Transformer | LED_Transformers | TRANSFORMER | Transformatoren & Netzteile | Transformer | Transformer_LED | Transformers | Waterproof Transformers,51.58,0.00,LIKELY EXCLUDE,,,
Sunsone,316699475632,12IP6710-IDE,DC12V IP67 Drivers,DC12V IP67 Drivers,Cables & LED drivers | Dc 12V Transformator | TRANSFORMER | Transformatoren & Netzteile,51.41,0.00,LIKELY EXCLUDE,,,
Huttenlampen,396481529084,COT9ABM,,,Andere | Cable Connectors (Single Sizes) | Connector | Connectors & junction boxes | ELECTRICAL_HOUSING | Junction Boxes & Connectors | TOOLS | Water Proof Junction Box,51.31,0.00,LIKELY EXCLUDE,,,
Sunsone,314044055815,12IP6710,Power Supply PSU - IP67 10-300 W Transformer,Power Supply PSU - IP67 10-300 W Transformer,Cables & LED drivers | Constant Voltage Transformer | DC 5V Transformer | LED_Transformers | TRANSFORMER | Transformatoren & Netzteile | Transformer | Transformer_LED | Transformers | Waterproof Transformers,51.17,0.00,LIKELY EXCLUDE,,,
Ledsone,166351204093,PLHCBC,80 cm pipe light,80 cm pipe light,Deckenleuchten | LIGHT_BULB_SOCKET | LIGHT_FIXTURE | Pendant Lighting | Pipe_Lamp_Lighting | pipe-lighting,50.89,0.00,LIKELY EXCLUDE,,,
ledsone uk de,164393618886,LDMA60E274-IDE,E27 4W LED Bulbs,E27 4W LED Bulbs,Bulb | Bulb_B22_Base B | Dekorative Glühbirnen | E27 Base Bulb B | E27_Base_Bulb | LED Bulb | LED Bulbs | LED Glühbirnen | LED Light Bulb | LED bulbs | LED_Bulbs | LIGHT_BULB | Light Bulbs | Light Bulbs (General-Purpose),49.79,0.00,LIKELY EXCLUDE,,,
Sunsone,313614825918,LHBRE27BM2PK+CGMLBM2PK,Edison Pendant Bulb Holder with Shade Ring Screw,Edison Pendant Bulb Holder with Shade Ring Screw,"LIGHT_BULB_SOCKET | Lamp Holder | Lamp shades, holders & accessories | Lamp_Holder | Lighting Accessories",48.71,0.00,LIKELY EXCLUDE,,,
Huttenlampen,393996861326,12BO100-IDE,Whitecase,Whitecase,Dc 12V Transformator | HOME_LIGHTING_AND_LAMPS | TRANSFORMER | Transformatoren & Netzteile,48.07,0.00,LIKELY EXCLUDE,,,
ledsone uk de,165883872804,12MIP20152PK-IDE,,DC 12V 1.25A LED Netzteil Trafo Adapter Power Supply für LED Strip 2er Pack,Möbel & Wohnen:Beleuchtung:Lampenteile,46.87,0.00,LIKELY EXCLUDE,,,
Huttenlampen,394830580474,IMBL-IDE,,,Dekorative Glühbirnen | LED Module,46.69,0.00,LIKELY EXCLUDE,,,
Electricalsone,266972054556,CO232AGYAPK,connectors,connectors,Cable Connectors (Single Sizes) | Cable_Clamp | Connector | Connectors & junction boxes | Junction Boxes & Connectors | TERMINAL_BLOCK,45.85,0.00,LIKELY EXCLUDE,,,
Ledsone,165168713807,LDMG125E278,,,Bulb | Bulb_B22_Base B | Bulb_E27_Base | Dekorative Glühbirnen | E27 Base Bulb B | E27 Bulb | E27_Base_Bulb | Glühbirne E27 | LED | LED Bulb | LED Bulbs | LED Light Bulb | LED bulbs | LED_Bulbs | LIGHT_BULB | Light Bulbs (Appliance) | Light Bulbs (General-Purpose) | PRODUCT,45.76,0.00,LIKELY EXCLUDE,,,
Ledsone,162575828324,12UK3P10A,DC 12V POWER SUPPLIES,DC 12V POWER SUPPLIES,Adapter | CHARGING_ADAPTER | Cables & LED drivers | Connector | Connectors & junction boxes | Netzteiladapter | PRODUCT | Power_Supply_Adapter | Transformers,45.25,0.00,LIKELY EXCLUDE,,,
Ledsone,163158670976,PSDS2WHBWH,,Light Bulb Holder Pendant E27 UK Plug Socket Fitting Fabric Switch Cable Lamp 2m,LIGHT_BULB_SOCKET | Plugin_Lighting | Plugin_Pendant,44.95,0.00,LIKELY EXCLUDE,,,
Ledsone,164090316593,LPRO12W,Square Ceiling Spotlights,Square Ceiling Spotlights,Ceiling Light Fixtures | Ceiling Lights | Downlight Lampholders | Downlights | LED Spotlights | LED_Lights | LIGHT_FIXTURE | Panel Light,44.45,0.00,LIKELY EXCLUDE,,,
ledsone de,405328319854,IMBL-IDE,SMD,SMD,Dekorative Glühbirnen | LED Module | LED strips & modules,44.44,0.00,LIKELY EXCLUDE,,,
ledsone uk de,167734152660,COI9ABM,sku not assigneds,sku not assigneds,Connector | Connectors & junction boxes | ELECTRICAL_HOUSING | Wire & Cable Connectors,43.39,0.00,LIKELY EXCLUDE,,,
Sunsone,316699459540,12SIP67100-IDE,12SIP67 60-200 Driver DC12V Transformator,12SIP67 60-200 Driver DC12V Transformator,Transformatoren & Netzteile,42.88,0.00,LIKELY EXCLUDE,,,
ledsone de,405328533705,12BO100-IDE,18/28/48/72/100W LED-Transformator,18/28/48/72/100W LED-Transformator,TRANSFORMER | Transformatoren & Netzteile,42.82,0.00,LIKELY EXCLUDE,,,
ledsone uk de,164554753532,12IP6710,Ultraflacher wasserdichter LED-Transformator,Ultraflacher wasserdichter LED-Transformator,Cables & LED drivers | Constant Voltage Transformer | LED_Transformers | TRANSFORMER | Transformatoren & Netzteile | Transformer | Transformer_LED | Transformers | Waterproof Transformers,42.53,0.00,LIKELY EXCLUDE,,,
Ledsone,167513989613,BS6S8033BM,Bulb Holders E27,Bulb Holders E27,"BATHROOM_CONTAINER_SET | Bath Mats, Rugs & Toilet Covers | Bathroom accessory sets | LED_Lights | Lamp_Holder | Lampshades & Lightshades | Wall Light | cage light | home-applications | mail bag",41.78,0.00,LIKELY EXCLUDE,,,
Electricalsone,263280306888,CL3TBM,,Black Braided 3 Core Twisted Fabric Cable Flex Cord Vintage Electrical Wire,Cable Ties | Cables | Cables & LED drivers | ELECTRONIC_WIRE | Electrical Wires & Cable | Vintage_3Core_Twisted_Cable | Vintage_Cables,41.12,0.00,LIKELY EXCLUDE,,,
Electricalsone,265660318537,24IP6710-IDE,24IP67 LED Driver,24IP67 LED Driver,Gleichstrom-Netzteile | TRANSFORMER | Transformatoren & Netzteile,41.04,0.00,LIKELY EXCLUDE,,,
Ledsone,164928430617,LHC1E27WH,Ceramic Bulb Holder,Ceramic Bulb Holder,"Ceramic_Holders | Downlight Lampholders | LAMP | LIGHT_BULB_SOCKET | Lamp Holders | Lamp shades, holders & accessories | Lamp_Holder | Lampenfassung Keramik",40.84,0.00,LIKELY EXCLUDE,,,
Ledsone,162069814246,CCBC12,Constant current LED Transformer Driver,Constant current LED Transformer Driver,Cables & LED drivers | Constant Current Transformer | Konstantstrom_Transformator | LED_Transformers | TRANSFORMER | Transformatoren & Netzteile | Transformers,39.85,0.00,LIKELY EXCLUDE,,,
ledsone uk de,164399144789,CRFF140BM+WSCH135BM+LSCY290BL-IDE,Wall Lights,Wall Lights,LIGHT_BULB | LIGHT_FIXTURE | Wandleuchten,38.46,0.00,LIKELY EXCLUDE,,,
ledsone de,404427888692,CL2RHE,Hemp fabric cable,Hemp fabric cable,Cable | Cables | Cables & LED drivers | ELECTRONIC_WIRE | Electrical Wires & Cable | Multi-Core Cables | Textilkabel 2-adrig Rund | Vintage Cable | Vintage_Cables | cable,38.36,0.00,LIKELY EXCLUDE,,,
ledsone uk de,166596852595,LDDTCROE275-IDE,,,Glühbirne E27,38.20,0.00,LIKELY EXCLUDE,,,
Ledsone,164660384053,LDCWB2212,LED E27/B22 GLS Light Bulb,LED E27/B22 GLS Light Bulb,B22 Base Bulb | B22 Base Bulb B | Bulb | Bulb B22 Base B | Bulb_B22_Base | Bulb_B22_Base B | Bulb_E27_And_B22_Base | Bulb_E27_Base | E27 Base Bulb B | E27_Base_Bulb | LED | LED Bulb | LED Bulbs | LED bulbs | LED_Bulbs | LIGHT_BULB | Light Bulbs (General-Purpose) | PRODUCT,37.96,0.00,LIKELY EXCLUDE,,,
ledsone uk de,164021363811,CCBC12-IDE,Blue Case LED Driver,Blue Case LED Driver,Konstantstrom_Transformator | TRANSFORMER,37.89,0.00,LIKELY EXCLUDE,,,
Ledsone,162830271380,12BO100,DC 12V - LED Driver,DC 12V - LED Driver,Cables & LED drivers | Constant Voltage Transformer | LED_Transformers | POWER_SUPPLY | PRODUCT | TRANSFORMER | Transformer_Constant_Voltage | Transformers,36.77,0.00,LIKELY EXCLUDE,,,
Sunsone,313505383622,12IP6710,12V/24V IP67 Transformer,12V/24V IP67 Transformer,Cables & LED drivers | Constant Voltage Transformer | DC 5V Transformer | LED_Transformers | TRANSFORMER | Transformatoren & Netzteile | Transformer | Transformer_LED | Transformers | Waterproof Transformers,36.68,0.00,LIKELY EXCLUDE,,,
ledsone de,405328319898,LDDTCE2730-IDE,E27 LED,E27 LED,Dekorative Glühbirnen,36.60,0.00,LIKELY EXCLUDE,,,
Electricalsone,267249992603,CL2RBK-IDE,2/3 Core Twisted/Round Cable,2/3 Core Twisted/Round Cable,ELECTRONIC_WIRE | Textilkabel | Textilkabel 2-adrig Rund | Textilkabel 3-adrig Gedreht | Textilkabel 3-adrig Rund | cable,35.92,0.00,LIKELY EXCLUDE,,,
Electricalsone,266204801005,HRE1428BM2PK,Ring Adaptor E27 / E14 Lamp Bulb Holder,Ring Adaptor E27 / E14 Lamp Bulb Holder,"Hooks and Rings | LAMPSHADE | Lamp shades, holders & accessories | Lighting Fixtures",35.48,0.00,LIKELY EXCLUDE,,,
Electricalsone,266100590943,LHC1E27WH,Bulb Lamp Holder,Bulb Lamp Holder,"Ceramic_Holders | Downlight Lampholders | LIGHT_BULB_SOCKET | Lamp Holders | Lamp shades, holders & accessories | Lamp_Holder | Lampenfassung Keramik",35.34,0.00,LIKELY EXCLUDE,,,
Electricalsone,265660324842,LDMA60E274-IDE,LDM E27 4W Bulbs,LDM E27 4W Bulbs,Bulb | Bulb_B22_Base B | Bulb_E27_Base | Dekorative Glühbirnen | E27 Base Bulb B | E27 Bulb | E27_Base_Bulb | Glühbirne E14 | Glühbirne E27 | LED | LED Bulb | LED Bulbs | LED Glühbirnen | LED Light Bulb | LED bulbs | LED_Bulbs | LIGHT_BULB | Light Bulbs | Light Bulbs (General-Purpose),35.32,0.00,LIKELY EXCLUDE,,,
ledsone uk de,167385471939,12IP20100-IDE,,,DC 5V Transformer | POWER_SUPPLY | Stromwandler | TRANSFORMER | Transformator | Transformatoren & Netzteile,34.46,0.00,LIKELY EXCLUDE,,,
Huttenlampen,394104992714,12MIP20153PK-IDE,Mini LED 12V Drivers,Mini LED 12V Drivers,,33.34,0.00,LIKELY EXCLUDE,,,
Electricalsone,266188024372,24IP20120,DC 24V transformer,DC 24V transformer,Cables & LED drivers | Constant Voltage Transformer | DC 24V Transformer | LED_Transformers | TRANSFORMER | Transformatoren & Netzteile | Transformer | Transformer_IP20_Constant_Voltage | Transformer_LED | Transformers,33.28,0.00,LIKELY EXCLUDE,,,
Electricalsone,266187900154,12IP20100-IDE,DC 5V 12V 24V IP20 Transformer,DC 5V 12V 24V IP20 Transformer,Cables & LED drivers | Constant Voltage Transformer | DC 24V Transformer | DC 5V Transformer | LED_Transformers | POWER_SUPPLY | Stromwandler | TRANSFORMER | Transformatoren & Netzteile | Transformer | Transformers,33.24,0.00,LIKELY EXCLUDE,,,
ledsone de,405328319857,12ASIP20100-IDE,Stromversorgung Transformatorspannung,Stromversorgung Transformatorspannung,Transformatoren & Netzteile,32.90,0.00,LIKELY EXCLUDE,,,
Ledsone,163740896960,CL2TBR,,1m Twisted Brown Vintage Electrical Wire Fabric Cable Flex 0.75mm -2 Core,Cable | Cables | Cables & LED drivers | ELECTRONIC_WIRE | Electrical Wires & Cable | Multi-Core Cables | Vintage_Cables | cable,32.89,0.00,LIKELY EXCLUDE,,,
Ledsone,165628143783,CCBKNWE12,,LED Power Supply Transformer AC 240V to DC24-46V 12W Switch for LED Driver Strip,Cables & LED drivers | Constant Current Transformer | Constant Voltage Transformer | LED_Transformers | Lighting Parts | TRANSFORMER | Transformers,32.76,0.00,LIKELY EXCLUDE,,,
Electricalsone,265243848697,CL2TBK-IDE,CL2T- 2 Core Twisted Cabels,CL2T- 2 Core Twisted Cabels,BRA | ELECTRONIC_WIRE | Textilkabel | Textilkabel 3-adrig Rund | cable,32.63,0.00,LIKELY EXCLUDE,,,
ledsone uk de,164732702508,12IP6710-IDE,IP67 10-350W LED Trafo,IP67 10-350W LED Trafo,Cables & LED drivers | Constant Voltage Transformer | Dc 12V Transformator | LED_Transformers | TRANSFORMER | Transformatoren & Netzteile | Transformer_LED | Transformers,32.50,0.00,LIKELY EXCLUDE,,,
Ledsone,167058316646,LLROWB15W,,,B22 Base Bulb | Ceiling Lights | LED Slim Panel lights | LIGHT_FIXTURE,32.42,0.00,LIKELY EXCLUDE,,,
Sunsone,317033054512,CL2TAG,CL3TLP,CL3TLP,Cable | Cable Ties | Cables | Cables & LED drivers | ELECTRONIC_WIRE | Electic cable | Electrical Wires & Cable | Lighting Parts | Multi-Core Cables | Textilkabel 3-adrig Gedreht | Twisted Vintage fabric Cable | Vintage_3Core_Twisted_Cable | Vintage_Cables | cable,32.06,0.00,LIKELY EXCLUDE,,,
ledsone de,405328533672,12IP20360-IDE,,Schaltnetzteil LED Netzteil  DC 12V|30A|360W  Netzgerät  Transformator,TRANSFORMER | Transformatoren & Netzteile,31.49,0.00,LIKELY EXCLUDE,,,
Electricalsone,266188024295,12IP6710,LED Transformer,LED Transformer,Cables & LED drivers | Constant Voltage Transformer | DC 12V Transformer | LED_Transformers | TRANSFORMER | Transformatoren & Netzteile | Transformer | Transformer_LED | Transformers | Waterproof Transformers,31.16,0.00,LIKELY EXCLUDE,,,
ledsone uk de,165236135613,LDA60E274 -IDE,A60 4W LED Bulbs,A60 4W LED Bulbs,,30.75,0.00,LIKELY EXCLUDE,,,
Sunsone,316842240329,CL2RBK,Fabric Cable Flexible,Fabric Cable Flexible,Cable | Cables | Cables & LED drivers | ELECTRONIC_WIRE | Electic cable | Electric round cable | Electrical Wires & Cable | Multi-Core Cables | Textilkabel 2-adrig Rund | Twisted Vintage fabric Cable | Vintage_2Core_Round_Cable | Vintage_Cables | cable | cables,30.55,0.00,LIKELY EXCLUDE,,,
ledsone de,405328319860,CL2TAG-IDE,2-adriges verdrehtes,2-adriges verdrehtes,BRA | ELECTRONIC_WIRE | Textilkabel | Textilkabel 3-adrig Rund | cable,30.51,0.00,LIKELY EXCLUDE,,,
Electricalsone,266191638185,12SIP67100,IP67 Ulta Slim AC 240V to DC 12V,IP67 Ulta Slim AC 240V to DC 12V,Cables & LED drivers | LED_Transformers | Power Supply | TRANSFORMER | Transformatoren & Netzteile | Transformers | Waterproof Transformers,30.26,0.00,LIKELY EXCLUDE,,,
ledsone de,406215413870,12SIP67150,,"LED Trafo 12V 150W IP67 Wasserdicht | 12,5A Netzteil Transformator Außen",Cables & LED drivers | LED_Transformers | Power Supply | TRANSFORMER | Transformatoren & Netzteile | Transformers | Waterproof Transformers,30.05,0.00,LIKELY EXCLUDE,,,
ledsone uk de,164786904618,12BO100-IDE,DC 12V - LED Driver,DC 12V - LED Driver,Dc 12V Transformator | TRANSFORMER | Transformatoren & Netzteile,29.62,0.00,LIKELY EXCLUDE,,,
Huttenlampen,395284733275,24IP6710-IDE,sku not assigneds,sku not assigneds,Cables & LED drivers | Constant Voltage Transformer | Gleichstrom-Netzteile | LED_Transformers | TRANSFORMER | Transformatoren & Netzteile | Transformers,29.47,0.00,LIKELY EXCLUDE,,,
Sunsone,313614825900,12IP6720,,12V 20W Waterproof Transformer IP67 Indoor Outdoor DC Power Supply LED Driver,Cables & LED drivers | Constant Voltage Transformer | LED_Transformers | TRANSFORMER | Transformers | Waterproof Transformers,29.40,0.00,LIKELY EXCLUDE,,,
ledsone uk de,166349998217,BL1S0200BM,30cm tube bulb E14 Lamp,30cm tube bulb E14 Lamp,Ceiling Pendant Lights | LIGHT_BULB | LIGHT_FIXTURE | PRODUCT | Pendant Lighting,28.14,0.00,LIKELY EXCLUDE,,,
Electricalsone,266950444236,PHCT80BMCBM,,,Ceiling Rose with Hanging Chain | LIGHT_BULB_SOCKET,27.98,0.00,LIKELY EXCLUDE,,,
Sunsone,313614826183,CL3RBD5PK,3 Core Fabric Braided Cable,3 Core Fabric Braided Cable,Cable | Cable Ties | Cables | Cables & LED drivers | ELECTRONIC_WIRE | Electrical Wires & Cable | Lighting Parts | Multi-Core Cables | Vintage Cable | Vintage_3Core_Round_Cable | Vintage_Cables | cable,27.74,0.00,LIKELY EXCLUDE,,,
Sunsone,313970190864,LDWWB2212,3W/5W/7W/9W/12W/15W/18W/25W,3W/5W/7W/9W/12W/15W/18W/25W,B22 Base Bulb B | Bulb | Bulb B22 Base B | Bulb_B22_Base | Bulb_B22_Base B | Bulb_E27_And_B22_Base | Bulb_E27_Base | E27 Base Bulb B | E27_Base_Bulb | LED | LED Bulb | LED Bulbs | LED bulbs | LED_Bulbs | LIGHT_BULB | Light Bulbs (General-Purpose),27.62,0.00,LIKELY EXCLUDE,,,
Ledsone,163100646794,CL2TGD,Twisted Fabric Coloured Cable,Twisted Fabric Coloured Cable,Cable | Cables | Cables & LED drivers | ELECTRONIC_WIRE | Electrical Wires & Cable | Multi-Core Cables | Twisted Vintage fabric Cable | Vintage Cable | Vintage_Cables | cable,27.45,0.00,LIKELY EXCLUDE,,,
Electricalsone,263393365785,CL3RBM,,Vintage Black Round Braided Fabric Flex 3 Core Electrical Cable Lamp Lighting,Cable | Cables | Cables & LED drivers | Electrical Wires & Cable | Multi-Core Cables | Vintage Cable | Vintage_Cables | cable,26.91,0.00,LIKELY EXCLUDE,,,
Electricalsone,265660318579,CCGNNWE36-IDE,CCGNNWE36/48-Konstantstromtreiber,CCGNNWE36/48-Konstantstromtreiber,Constant_Voltage_Transformer,26.81,0.00,LIKELY EXCLUDE,,,
Electricalsone,265660324870,12ASIP20100-IDE,DC 12V 15W - 600W LED Trafo,DC 12V 15W - 600W LED Trafo,POWER_SUPPLY | TRANSFORMER | Transformatoren & Netzteile,26.46,0.00,LIKELY EXCLUDE,,,
ledsone uk de,165434311690,12DE2P2A-IDE,,DC 12V 2A LED Netzteil Driver Trafo Aadapter f?r LED Strip Streifen,Adapter,26.32,0.00,LIKELY EXCLUDE,,,
Ledsone,162543791353,12UK3P2A,3 Pin plug power adapter,3 Pin plug power adapter,CHARGING_ADAPTER | Cables & LED drivers | ELECTRONIC_CABLE | Other Surveillance Parts & Accessories | Power_Supply_Adapter | Transformers,26.16,0.00,LIKELY EXCLUDE,,,
Ledsone,164755092978,CL3TAG-IDE,Fabric cable flex,Fabric cable flex,ELECTRONIC_WIRE | Textilkabel 3-adrig Gedreht,25.83,0.00,LIKELY EXCLUDE,,,
Ledsone,165096681980,12SAN15,SANPU LED Drivers,SANPU LED Drivers,Cables & LED drivers | Constant Voltage Transformer | LED_Transformers | PRODUCT | TRANSFORMER | Transformers,25.78,0.00,LIKELY EXCLUDE,,,
Ledsone,166963877683,CMWHAPK,DC12V COB LED Stripe Streifen Band Leiste Licht,DC12V COB LED Stripe Streifen Band Leiste Licht,Injection_Module | LED Bulbs | LED Module | LED strips & modules | STRING_LIGHT | VEHICLE_LIGHT_BULB,25.69,0.00,LIKELY EXCLUDE,,,
Ledsone,166354244200,LDDTCE1430,Gold Light Bulbs,Gold Light Bulbs,Bulb | Bulb_E14_Base | E27_Base_Bulb | LED Bulb | LED bulbs | LIGHT_BULB,25.16,0.00,LIKELY EXCLUDE,,,
Electricalsone,265660318535,CL3RAG-IDE,CL3R ROUND 3 Core,CL3R ROUND 3 Core,Textilkabel | Textilkabel 3-adrig Gedreht,25.10,0.00,LIKELY EXCLUDE,,,
Electricalsone,265660316489,LDMA60B224-IDE,E27/B22/ E14 Bulb,E27/B22/ E14 Bulb,Dekorative Glühbirnen | Glühbirne E14 | LED Bulb | LED Glühbirnen | LIGHT_BULB | Light Bulbs,25.08,0.00,LIKELY EXCLUDE,,,
ledsone uk de,164858244045,LDA60E274-IDE,A60 E27 4W Vykvs,A60 E27 4W Vykvs,Glühbirne E27 | LIGHT_FIXTURE,24.96,0.00,LIKELY EXCLUDE,,,
Ledsone,164630424563,12IP20400,400W IP20 LED Driver Power supply,400W IP20 LED Driver Power supply,Constant Voltage Transformer | DC 12V Transformer | DC 24V Transformer | LED_Transformers | Power Supply | TRANSFORMER | Transformatoren & Netzteile | Transformer | Transformers,24.89,0.00,LIKELY EXCLUDE,,,
Electricalsone,267319864516,CL2RAG-IDE,,,Cables & LED drivers | ELECTRONIC_WIRE | Electrical Wires & Cable | Textilkabel 2-adrig Rund | Textilkabel 3-adrig Gedreht,24.74,0.00,LIKELY EXCLUDE,,,
Ledsone,164290205814,12IP20100-IFR,Metal LED Driver IP20,Metal LED Driver IP20,LED_Lights | Lamp_Holder | Lampshades & Lightshades | TRANSFORMER | Wall Light | cage light | home-applications | mail bag,24.48,0.00,LIKELY EXCLUDE,,,
ledsone uk de,165236127489,LHC1E27WH,Ceramic Bulb Holder,Ceramic Bulb Holder,"Ceramic_Holders | Downlight Lampholders | LAMP | LIGHT_BULB_SOCKET | Lamp Holders | Lamp shades, holders & accessories | Lamp_Holder | Lampenfassung Keramik",24.29,0.00,LIKELY EXCLUDE,,,
ledsone de,405796882137,LDMG125E278,sku not assigneds,sku not assigneds,Bulb | Bulb_E27_Base | Dekorative Glühbirnen | E27 Base Bulb B | E27_Base_Bulb | LED Bulb | LED Light Bulb | LED bulbs | LED_Bulbs | LIGHT_BULB | Light Bulbs (General-Purpose) | PRODUCT,24.03,0.00,LIKELY EXCLUDE,,,
ledsone uk de,164151518934,CCGNNWE48-IDE,,LED Transformator Treiber Netzteil 240V - DC 45-65 V  900mA 48W Treiber Lampen,Constant_Voltage_Transformer,24.00,0.00,LIKELY EXCLUDE,,,
Electricalsone,265660324871,12SAN15-IDE,DC 12V Transformer,DC 12V Transformer,Dc 12V Transformator | HOME_LIGHTING_AND_LAMPS | TRANSFORMER | Transformatoren & Netzteile,23.97,0.00,LIKELY EXCLUDE,,,
Sunsone,313970190921,CL3RBK5PK,Round & Twisted Cable,Round & Twisted Cable,Cable | Cable Ties | Cables | Cables & LED drivers | ELECTRONIC_WIRE | Electrical Wires & Cable | Multi-Core Cables | Vintage Cable | Vintage_3Core_Round_Cable | Vintage_3Core_Twisted_Cable | Vintage_Cables | cable,23.96,0.00,LIKELY EXCLUDE,,,
Huttenlampen,396334643355,24IP20120,,,Cables & LED drivers | Constant Voltage Transformer | DC 24V Transformer | LED_Transformers | TRANSFORMER | Transformatoren & Netzteile | Transformer | Transformer_IP20_Constant_Voltage | Transformer_LED | Transformers,23.90,0.00,LIKELY EXCLUDE,,,
Electricalsone,267326989288,12ASIP20100,,,Cables & LED drivers | Constant Voltage Transformer | Power Supply | TRANSFORMER | Transformers | slim transformers,23.87,0.00,LIKELY EXCLUDE,,,
ledsone uk de,164457055887,CL3TBDAPK-IDE,Fabric Twisted 10m Cable,Fabric Twisted 10m Cable,Cables | Cables & LED drivers | ELECTRONIC_WIRE | Electrical Wires & Cable | POWER_CORD | Textilkabel 3-adrig Gedreht | Vintage_Cables | cable,23.80,0.00,LIKELY EXCLUDE,,,
ledsone de,405328533657,12SIP67100-IDE,Transformator Schlanker Antrieb IP67,Transformator Schlanker Antrieb IP67,Transformatoren & Netzteile,23.66,0.00,LIKELY EXCLUDE,,,
Sunsone,316700280941,CL3TAG5PK-IDE,CL3T 3 Core Twisted Cable,CL3T 3 Core Twisted Cable,ELECTRONIC_CABLE | ELECTRONIC_WIRE | Textilkabel 3-adrig Gedreht,23.24,0.00,LIKELY EXCLUDE,,,
Sunsone,314149832814,CL2RBK,2 Core Twisted /Round Vintage Style Coloured Twist,2 Core Twisted /Round Vintage Style Coloured Twist,Cable | Cables | Cables & LED drivers | ELECTRONIC_WIRE | Electic cable | Electric round cable | Electrical Wires & Cable | Multi-Core Cables | Textilkabel 2-adrig Rund | Twisted Vintage fabric Cable | Vintage_2Core_Round_Cable | Vintage_Cables | cable | cables,23.21,0.00,LIKELY EXCLUDE,,,
Ledsone,163059605339,LDMG80B2243PK,4W E27/B22 Vintage LED Bulb,4W E27/B22 Vintage LED Bulb,B22_Base_Bulb | Bulb | E27 Base Bulb B | LED Bulb | LED bulbs | LIGHT_BULB | Light Bulbs (General-Purpose) | PRODUCT,23.14,0.00,LIKELY EXCLUDE,,,
Sunsone,317084364841,12SIP67100,,,Cables & LED drivers | LED_Transformers | Power Supply | TRANSFORMER | Transformatoren & Netzteile | Transformers | Waterproof Transformers,23.07,0.00,LIKELY EXCLUDE,,,
ledsone de,406071000818,LDMT45E274,,,Bulb | Bulb_B22_Base B | E27 Base Bulb B | E27 Bulb | E27_Base_Bulb | Glühbirne E27 | LED Light Bulb | LED bulbs | LED_Bulbs | LIGHT_BULB | Light Bulbs (General-Purpose) | PRODUCT,22.95,0.00,LIKELY EXCLUDE,,,
Ledsone,165316555390,LLROWB15W,Ultra slim round panel lights,Ultra slim round panel lights,B22 Base Bulb | Ceiling Lights | LED Slim Panel lights | LIGHT_FIXTURE,22.83,0.00,LIKELY EXCLUDE,,,
ledsone uk de,164749107977,LDMST64E278-IDE,ST64 8W BULB,ST64 8W BULB,LED Glühbirnen | LIGHT_BULB | Light Bulbs,22.81,0.00,LIKELY EXCLUDE,,,
ledsone de,405328533737,12DE2P10A-IDE,DC 12V 2A 5A 10A LED Netzteil Driver,DC 12V 2A 5A 10A LED Netzteil Driver,Adapter,22.77,0.00,LIKELY EXCLUDE,,,
Ledsone,164029742974,12UK3P5A,,UK Plug AC100-240V DC 12V 5A Power Supply Transformer Adapter For LED Strip,CHARGING_ADAPTER | Cables & LED drivers | Power_Supply_Adapter | Transformers,22.59,0.00,LIKELY EXCLUDE,,,
Ledsone,167563648694,WLFSWWHE,,,Cable Ties | LIGHT_FIXTURE | Wall Lamp Lights | Wall Light | Wall Lighting | Wall light | Wall lights,21.89,0.00,LIKELY EXCLUDE,,,
Ledsone,164916950928,CCGNNSWE48,,LED Driver Power Supply Transformer 48W Constant Current DC54-100V PSU LED Strip,Cables & LED drivers | Constant Current Transformer | LED_Transformers | Transformers,21.78,0.00,LIKELY EXCLUDE,,,
Ledsone,166159944913,CRSF100BM+PHUP1PBRBM,Pendant Light PVC Fabric Flex,Pendant Light PVC Fabric Flex,Ceiling Lights & Chandeliers | LIGHT_BULB_SOCKET | LIGHT_FIXTURE | LIGHT_SOURCE | Pendant Lighting | Pendant_Holder | Pendant_Lamp_Lights,21.78,0.00,LIKELY EXCLUDE,,,
Electricalsone,267321211745,12IP6710-IDE,,,Dc 12V Transformator | Gleichstrom-Netzteile | TRANSFORMER | Transformatoren & Netzteile,21.57,0.00,LIKELY EXCLUDE,,,
Ledsone,166874204692,LDDCWE143,,,Bulb | LED Bulb | LED bulbs | LED_Bulbs | LIGHT_BULB | Led Bulb | PRODUCT,21.34,0.00,LIKELY EXCLUDE,,,
Sunsone,316699462205,CL2RBD2PK-IDE,CL2R- Cable DE,CL2R- Cable DE,,21.34,0.00,LIKELY EXCLUDE,,,
Electricalsone,265660323454,12IP67100-IDE,IP67 Waterproof power supply Transformer,IP67 Waterproof power supply Transformer,Cables & LED drivers | Constant Voltage Transformer | Dc 12V Transformator | LED_Transformers | TRANSFORMER | Transformatoren & Netzteile | Transformers,21.17,0.00,LIKELY EXCLUDE,,,
ledsone uk de,164012609514,12ASIP20100-IDE,12V Slim-Transformator,12V Slim-Transformator,Transformatoren & Netzteile,20.88,0.00,LIKELY EXCLUDE,,,
ledsone de,405328533735,CRFF140BM+WSCH135BM+LSCY290BL-IDE,E27 Wandleuchte,E27 Wandleuchte,LIGHT_BULB | LIGHT_FIXTURE | Wall Light | Wall Lighting | Wall lights | Wall_Lamp_Lights | Wandleuchten,20.70,0.00,LIKELY EXCLUDE,,,
Electricalsone,266217286579,HRE1428BM2PK,Ring Adaptor E27 / E14 Lamp Bulb Holder,Ring Adaptor E27 / E14 Lamp Bulb Holder,"Hooks and Rings | LAMPSHADE | Lamp shades, holders & accessories | Lighting Fixtures",20.66,0.00,LIKELY EXCLUDE,,,
Ledsone,167776843754,CRSF100BM+PHRI1PBRBA,RB-NE38-TTHQ,RB-NE38-TTHQ,Ceiling Lights & Chandeliers | LIGHT_BULB_SOCKET | LIGHT_FIXTURE | Pendelleuchte | Pendelleuchten | pendent light,19.60,0.00,LIKELY EXCLUDE,,,
Electricalsone,266307130451,12IP20100,DC 12V IP20 LED Driver,DC 12V IP20 LED Driver,Cables & LED drivers | Constant Current Transformer | Constant Voltage Transformer | DC 12V Transformer | ELECTRIC_LIGHT | LED_Transformers | POWER_SUPPLY | PRODUCT | Power Supply | SYSTEM_POWER_DEVICE | TRANSFORMER | Transformatoren & Netzteile | Transformer | Transformer_LED | Transformers,19.50,0.00,LIKELY EXCLUDE,,,
Electricalsone,265660318567,CL2RBD-IDE,CL2/3 R Runder Stoff mit 2/3 Kernfarben,CL2/3 R Runder Stoff mit 2/3 Kernfarben,Cables | Cables & LED drivers | ELECTRONIC_WIRE | Electrical Wires & Cable | Multi-Core Cables | Textilkabel | Textilkabel 2-adrig Rund | Textilkabel 3-adrig Gedreht | Vintage_Cables | cable,19.46,0.00,LIKELY EXCLUDE,,,
Electricalsone,265660318544,12SAN15-IDE,12SAN 7/15/35/60,12SAN 7/15/35/60,HOME_LIGHTING_AND_LAMPS | TRANSFORMER | Transformatoren & Netzteile,19.40,0.00,LIKELY EXCLUDE,,,
Electricalsone,265222101382,CRFF140BM+WSCH135BM+LSCY290BC+ICST64E27-IDE,CRFF140BM+WSCH135BM+LSCY290-Wall Scone Curvy,CRFF140BM+WSCH135BM+LSCY290-Wall Scone Curvy,LIGHT_BULB | LIGHT_FIXTURE | Wandleuchten,19.27,0.00,LIKELY EXCLUDE,,,
Sunsone,317086925794,CCBKNWE18-IDE,,18W LED Driver Netzteil Trafo DC36-65V AC85-265V 300mA Transformator LED Trafo,Konstantstrom-Transformatoren,19.20,0.00,LIKELY EXCLUDE,,,
Electricalsone,265655193383,HRE1428BM2PK,Ring Adaptor E27 / E14 Lamp Bulb Holder,Ring Adaptor E27 / E14 Lamp Bulb Holder,"Hooks and Rings | LAMPSHADE | Lamp shades, holders & accessories | Lighting Fixtures",19.17,0.00,LIKELY EXCLUDE,,,
ledsone uk de,164674622675,PLOTBB,Wasserrohr H?ngelampe,Wasserrohr H?ngelampe,LIGHT_BULB_SOCKET | LIGHT_FIXTURE | PRODUCT | Pendant Lighting | Pipe_Lamp_Lighting,19.14,0.00,LIKELY EXCLUDE,,,
Electricalsone,265660363001,12IP20120,DC 12V Transformer IP20,DC 12V Transformer IP20,Cables & LED drivers | Constant Voltage Transformer | DC 12V Transformer | ELECTRIC_LIGHT | LED_Transformers | POWER_SUPPLY | PRODUCT | Power Supply | SYSTEM_POWER_DEVICE | TRANSFORMER | Transformatoren & Netzteile | Transformer | Transformers,18.89,0.00,LIKELY EXCLUDE,,,
Electricalsone,265660313932,LDSG125LOE274,4W E27 Decorative Lighting Industrial,4W E27 Decorative Lighting Industrial,Bulb | E27 Bulb | LED Bulb | LED Glühbirnen | LED Light Bulb | LED bulbs | LED_Bulbs | LIGHT_BULB | Light Bulbs (General-Purpose),18.88,0.00,LIKELY EXCLUDE,,,
Electricalsone,265660318539,CL2TAG2PK-IDE,CL2T 2 core Twisted Cable,CL2T 2 core Twisted Cable,ELECTRONIC_WIRE | Textilkabel | Textilkabel 3-adrig Rund | cable,18.86,0.00,LIKELY EXCLUDE,,,
ledsone de,405328319776,24IP2048-IDE,,"24V LED Treiber, 48W LED Transformator, 24V Transformator, 2A 48W Schaltnetzteil",Transformatoren & Netzteile,18.70,0.00,LIKELY EXCLUDE,,,
Electricalsone,265635122727,LDMST64E274-IDE,PLWP120,PLWP120,LIGHT_BULB | Light Bulbs,18.65,0.00,LIKELY EXCLUDE,,,
Sunsone,316699359648,12IP6710-IDE,IP67 Waterproof Transformer,IP67 Waterproof Transformer,Cables & LED drivers | Constant Voltage Transformer | Dc 12V Transformator | LED_Transformers | TRANSFORMER | Transformatoren & Netzteile | Transformer_LED | Transformers,18.55,0.00,LIKELY EXCLUDE,,,
ledsone de,406103546869,12DE2P2A,DC 12V 2A 5A 10A LED Netzteil Driver,DC 12V 2A 5A 10A LED Netzteil Driver,Adapters,18.50,0.00,LIKELY EXCLUDE,,,
Ledsone,163066015035,12IP20200,200W 12V Transformers,200W 12V Transformers,Cables & LED drivers | Constant Voltage Transformer | DC 12V Transformer | LED_Transformers | POWER_SUPPLY | Power Supply | SYSTEM_POWER_DEVICE | TRANSFORMER | Transformer | Transformers | Waterproof Transformers,18.44,0.00,LIKELY EXCLUDE,,,
ledsone uk de,166202496064,SPSDP2BM2PK-IDE,Aufputz-Kabelhalter,Aufputz-Kabelhalter,Andere,18.38,0.00,LIKELY EXCLUDE,,,
Sunsone,313970190809,CL,Round Gold Cable,Round Gold Cable,Cables | Cables & LED drivers | ELECTRONIC_WIRE | Electrical Wires & Cable | Multi-Core Cables | Vintage_Cables | cable,17.99,0.00,LIKELY EXCLUDE,,,
Ledsone,165236127711,24IP20120,24V Power Supply,24V Power Supply,Cables & LED drivers | Constant Voltage Transformer | DC 24V Transformer | LED_Transformers | SYSTEM_POWER_DEVICE | TRANSFORMER | Transformatoren & Netzteile | Transformer | Transformer_IP20_Constant_Voltage | Transformers,17.97,0.00,LIKELY EXCLUDE,,,
Electricalsone,265660323484,LHC1E27WH-IDE,Ceramic Socket Bulb Holder,Ceramic Socket Bulb Holder,Lampenfassung | Lampenfassung Keramik,17.93,0.00,LIKELY EXCLUDE,,,
Ledsone,165126396627,CRSF100BM+PHHT1PBRBM+WCBKHE,Rattan PHodle,Rattan PHodle,Ceiling Lights & Chandeliers | Ceiling_Lamp_Lights | LIGHT_FIXTURE | Pendant Lighting | Pendant_Lamp_Lights | Pendant_Lights | Pendelleuchten | Wire Cage | cage light | pendant lights | pendant lightss,17.89,0.00,LIKELY EXCLUDE,,,
Electricalsone,267058600309,PHBL2PBRBM-IDE,Holder with cable only,Holder with cable only,Pendelhalter,17.82,0.00,LIKELY EXCLUDE,,,
ledsone uk de,164696145297,12ASIP20100-IDE,12ASIP20 LED Transformer,12ASIP20 LED Transformer,Transformatoren & Netzteile,17.81,0.00,LIKELY EXCLUDE,,,
ledsone uk de,164891526730,12IP6750-IDE,,LED Netzteil Trafo DC 12V 50W IP67 Schaltnetzteil Adapter Power Supply LED Strip,TRANSFORMER | Transformatoren & Netzteile,17.72,0.00,LIKELY EXCLUDE,,,
Huttenlampen,393845595364,12IP6750,,LED power supply driver transformer indoor outdoor DC 50Watt 12V IP67 flat,Cables & LED drivers | Constant Voltage Transformer | LED_Transformers | TRANSFORMER | Transformatoren & Netzteile | Transformers | Waterproof Transformers,17.72,0.00,LIKELY EXCLUDE,,,
ledsone uk de,167559023571,LDMG125E278-IDE,,,Dekorative Glühbirnen | LED Glühbirnen | LIGHT_BULB | Light Bulbs,17.52,0.00,LIKELY EXCLUDE,,,
Sunsone,313975490273,PSDS2BMRBM,2M Fabric Flex Cable kit Plug In Pendant Lamp,2M Fabric Flex Cable kit Plug In Pendant Lamp,Ceiling Pendant Lights | LIGHT_BULB_SOCKET | Plug In Pendant | Plugin_Lighting | Plugin_Pendant,17.49,0.00,LIKELY EXCLUDE,,,
Ledsone,163956043906,CRSF100BM+LHNSE27GB+WCBNBM,wire cage ceiling light,wire cage ceiling light,Deckenleuchte | LAMPSHADE | LIGHT_FIXTURE,17.47,0.00,LIKELY EXCLUDE,,,
Electricalsone,266298952913,CRFF75BA+LHBRE27BM,,,LIGHT_BULB_SOCKET | LIGHT_FIXTURE,16.98,0.00,LIKELY EXCLUDE,,,
Sunsone,313970196212,CRSF100BM+PHHT1PBRBM+WCDCBM,Vintage Industrial Metal Ceiling Pendant Light,Vintage Industrial Metal Ceiling Pendant Light,Ceiling Pendant Lights | LIGHT_FIXTURE | Pendant Lamp | wire cage pendant light,16.59,0.00,LIKELY EXCLUDE,,,
Ledsone,163740897252,WCFWROBM+RPR44WH,,Vintage Metal Cage Wire Light Shade Pendant Lamp Shade Colored Ceiling Lampshade,"Cages | Easy_Fit_Lamp_Shades | LAMPSHADE | Lamp shades, holders & accessories | Lampenschirm | Lampshade",16.58,0.00,LIKELY EXCLUDE,,,
Electricalsone,266190324819,12IP67100,IP67 Waterproof power supply Transformer,IP67 Waterproof power supply Transformer,Cables & LED drivers | Constant Voltage Transformer | LED_Transformers | TRANSFORMER | Transformatoren & Netzteile | Transformer | Transformer_LED | Transformers | Waterproof Transformers,16.49,0.00,LIKELY EXCLUDE,,,
Electricalsone,266548539511,LDDTCB2212,,,B22 Base LED Bulb | B22_Base_Bulb | Bulb | Bulb_B22_Base B | Bulb_E14_Base | Bulb_E27_Base | E14 Base Bulb B | E27 Base Bulb B | E27_Base_Bulb | LED | LED Bulb | LED bulbs | LED_Bulbs | LIGHT_BULB,16.49,0.00,LIKELY EXCLUDE,,,
Huttenlampen,396894000481,CL2RAG-IDE,2-adriges rundes Kabel,2-adriges rundes Kabel,ELECTRONIC_WIRE | Textilkabel 2-adrig Rund | Textilkabel 3-adrig Gedreht,16.45,0.00,LIKELY EXCLUDE,,,
Sunsone,316899956502,12ASIP20100,LED Driver AC 240V to DC12V Power Supply Ultra Sli,LED Driver AC 240V to DC12V Power Supply Ultra Sli,Cables & LED drivers | Constant Voltage Transformer | Power Supply | TRANSFORMER | Transformers | slim transformers,15.99,0.00,LIKELY EXCLUDE,,,
ledsone uk de,167759864196,CL3TBM,ST_TEXCAB_TWISTED_3_0.75,ST_TEXCAB_TWISTED_3_0.75,Cable | Cable Ties | Cables | Cables & LED drivers | ELECTRONIC_WIRE | Electrical Wires & Cable | Flexible Conduit Lengths | Multi-Core Cables | Vintage Cable | Vintage_3Core_Twisted_Cable | Vintage_Cables | cable,15.96,0.00,LIKELY EXCLUDE,,,
Sunsone,314117697982,CGMLAG5PK,M10 Thread Cable Wire Cord Grip Light Sockets,M10 Thread Cable Wire Cord Grip Light Sockets,"Cord grip | LAMP | Lamp shades, holders & accessories | Wire terminals & connectors",15.89,0.00,LIKELY EXCLUDE,,,
Ledsone,163768876447,CRSF100BM+LHHTE27BM+WCWVBM,Wavy wire cage ceiling light,Wavy wire cage ceiling light,Deckenleuchten,15.88,0.00,LIKELY EXCLUDE,,,
ledsone uk de,165082859660,CL2RBK-IDE,2/3 Core Twisted / Round Elektrokable Cable,2/3 Core Twisted / Round Elektrokable Cable,BRA | Cables | Cables & LED drivers | ELECTRONIC_WIRE | Electrical Wires & Cable | Multi-Core Cables | Textilkabel | Textilkabel 2-adrig Rund | Textilkabel 3-adrig Gedreht | Textilkabel 3-adrig Rund | Vintage_Cables | cable,15.78,0.00,LIKELY EXCLUDE,,,
ledsone uk de,164685191732,CL2TAG-IDE,CL2T CL3T Twisted Cables,CL2T CL3T Twisted Cables,BRA | ELECTRONIC_WIRE | Textilkabel | Textilkabel 3-adrig Gedreht | Textilkabel 3-adrig Rund | cable,15.63,0.00,LIKELY EXCLUDE,,,
Ledsone,165981646549,LDCWE2712,A60 LED Bulbs E27,A60 LED Bulbs E27,Bulb_E27_And_B22_Base | Bulb_E27_Base | E27 Base Bulb B | E27_Base_Bulb | LED | LED Bulb | LED Bulbs | LED bulbs | LED_Bulbs | LIGHT_BULB | Light Bulbs (General-Purpose),15.56,0.00,LIKELY EXCLUDE,,,
Sunsone,317044944340,COI9RBM5PK,,,Andere | Cable Connectors (Single Sizes) | Connector | Connectors & junction boxes | ELECTRICAL_HOUSING | Junction Boxes & Connectors | Lamp_Holder | Water Proof Junction Box,15.45,0.00,LIKELY EXCLUDE,,,
Electricalsone,266190419354,CL2HTBK,2/3 Core Twisted Cable,2/3 Core Twisted Cable,Cable | Cable Ties | Cables | Cables & LED drivers | ELECTRONIC_WIRE | Electrical Wires & Cable | Flexible Conduit Lengths | Light Bulbs (Appliance) | Multi-Core Cables | THREAD_CORD | Vintage Cable | Vintage_3Core_Twisted_Cable | Vintage_Cables | cable,15.35,0.00,LIKELY EXCLUDE,,,
ledsone de,405328533670,12IP20100-IDE,IP20 LED Treiber,IP20 LED Treiber,Cables & LED drivers | POWER_SUPPLY | TOOLS | TRANSFORMER | Transformator | Transformatoren & Netzteile,15.08,0.00,LIKELY EXCLUDE,,,
Ledsone,163899036749,12SIP6760,,DC 12V 60W LED Driver Power Supply Transformer  Ultra Slim AC 230V Power supply,Cables & LED drivers | LED_Transformers | Power Supply | TRANSFORMER | Transformatoren & Netzteile | Transformers | Waterproof Transformers,15.00,0.00,LIKELY EXCLUDE,,,
Sunsone,317147038631,12UK3P10A,DC 12V Power supply adapter charger,DC 12V Power supply adapter charger,CHARGING_ADAPTER | Cables & LED drivers | PRODUCT | Power_Supply_Adapter | Transformers,14.80,0.00,LIKELY EXCLUDE,,,
Sunsone,313633412845,ICG80E27603PK,Antique Style Edison LED/ Filament Light Bulb,Antique Style Edison LED/ Filament Light Bulb,Bulb | Bulb_B22_Base B | Bulb_E27_Base | E27 Base Bulb B | E27_Base_Bulb | Incandescent_Bulb | LED | LED Bulb | LED Light Bulb | LED bulbs | LED_Bulbs | LIGHT_BULB | Light Bulbs (General-Purpose),14.50,0.00,LIKELY EXCLUDE,,,
Electricalsone,265664532675,HRE1428BMAPK,Ring Adaptor E27 / E14 Lamp Bulb Holder,Ring Adaptor E27 / E14 Lamp Bulb Holder,"LAMPSHADE | Lamp shades, holders & accessories",14.09,0.00,LIKELY EXCLUDE,,,
Electricalsone,266268150465,CL2RBK-IDE,CL2/3 R/T,CL2/3 R/T,ELECTRONIC_WIRE | Textilkabel 2-adrig Rund | Textilkabel 3-adrig Gedreht | Textilkabel 3-adrig Rund | cable,14.03,0.00,LIKELY EXCLUDE,,,
Ledsone,164502282143,CRSF100BB+PHCH1PBRBB,Curvy Holder Pendant set,Curvy Holder Pendant set,Ceiling Lights & Chandeliers | LIGHT_BULB_SOCKET | LIGHT_FIXTURE | Pendant Lighting | Pendant_Holder,13.96,0.00,LIKELY EXCLUDE,,,
Ledsone,165559522212,WSSS70BM,Wall Sconce Light bulb Holder,Wall Sconce Light bulb Holder,Lamp_Holder | Lighting Accessories | Wall Lamp | Wall Light | Wall lights,13.94,0.00,LIKELY EXCLUDE,,,
Huttenlampen,396423219679,LHAHE27CH,threaded lamp bulb holder,threaded lamp bulb holder,"Downlight Lampholders | LAMP | LIGHT_BULB_SOCKET | Lamp Holder | Lamp Holders | Lamp shades, holders & accessories | Lamp_Holder",13.94,0.00,LIKELY EXCLUDE,,,
Ledsone,166921588560,CRSF100BM+PHCH1PCTSBM,,,Ceiling Pendant Lights | LIGHT_BULB_SOCKET | pendant light,13.89,0.00,LIKELY EXCLUDE,,,
Sunsone,314098356082,12RPIP45100,DC12V LED Outdoor Rainproof Power Supply IP45,DC12V LED Outdoor Rainproof Power Supply IP45,Cables & LED drivers | DC 12V Transformer | LED_Transformers | POWER_SUPPLY | TRANSFORMER | Transformatoren & Netzteile | Transformer | Transformers,13.89,0.00,LIKELY EXCLUDE,,,
ledsone de,405328533715,LDMA60E274-IDE,,,B22_Base_Bulb | Bulb | Bulb_B22_Base | Bulb_B22_Base B | Dekorative Glühbirnen | LED Bulb | LED Bulbs | LED Glühbirnen | LED bulbs | LED_Bulbs | LIGHT_BULB | Light Bulbs,13.86,0.00,LIKELY EXCLUDE,,,
Ledsone,163141938615,CL2RAG3PK,CL2RGR,CL2RGR,Cable | Cables & LED drivers | ELECTRONIC_WIRE | cable,13.25,0.00,LIKELY EXCLUDE,,,
Ledsone,164355402136,12ASIP20100,12V IP20 LED Drivers,12V IP20 LED Drivers,Cables & LED drivers | Constant Voltage Transformer | DC 12V Transformer | ELECTRIC_LIGHT | LED_Transformers | POWER_SUPPLY | PRODUCT | Power Supply | SYSTEM_POWER_DEVICE | TRANSFORMER | Transformatoren & Netzteile | Transformer | Transformer_LED | Transformers | slim transformers,13.24,0.00,LIKELY EXCLUDE,,,
ledsone de,405328533749,ICT130E2760-IDE,E27 Schraubbirne Vintage Edison Glühbirnen60W T130,E27 Schraubbirne Vintage Edison Glühbirnen60W T130,Glühbirne B22 | LIGHT_BULB,13.19,0.00,LIKELY EXCLUDE,,,
Ledsone,162880558191,LDMST64B224,ST64 Vintage LED,ST64 Vintage LED,B22_Base_Bulb | Bulb | Bulb_B22_Base B | Bulb_E27_Base | Dekorative Glühbirnen | E27_Base_Bulb | Glühbirne E27 | LED | LED Bulb | LED Light Bulb | LED bulbs | LED_Bulbs | LIGHT_BULB | Light Bulbs (Appliance) | Light Bulbs (General-Purpose),12.96,0.00,LIKELY EXCLUDE,,,
Sunsone,313970190939,PSOS2BMRBK,Plug in Pendant Light Industrial Fabric Flex Cable,Plug in Pendant Light Industrial Fabric Flex Cable,LIGHT_BULB_SOCKET | Lighting Accessories | Plug In Pendant | Plugin_Lighting | Plugin_Pendant,12.89,0.00,LIKELY EXCLUDE,,,
Ledsone,167734145098,LDCWB2212,LED 3W - 25W,LED 3W - 25W,B22 Base Bulb | B22 Base Bulb B | Bulb | Bulb B22 Base B | Bulb_B22_Base | Bulb_B22_Base B | Bulb_E27_And_B22_Base | Bulb_E27_Base | E27 Base Bulb B | E27_Base_Bulb | LED | LED Bulb | LED Bulbs | LED bulbs | LED_Bulbs | LIGHT_BULB | Light Bulbs (General-Purpose) | Lighting Fixtures | PRODUCT,12.88,0.00,LIKELY EXCLUDE,,,
Electricalsone,266190382990,PSFW4RBM,Foot Switch 3Core Braided Fabric Cable Vintage 4M,Foot Switch 3Core Braided Fabric Cable Vintage 4M,LIGHT_BULB_SOCKET | LIGHT_FIXTURE | Pendant Lighting,12.59,0.00,LIKELY EXCLUDE,,,
Sunsone,313614825932,CCBC12,LED Driver Power Supply Transformer 240V - Constan,LED Driver Power Supply Transformer 240V - Constan,Cables & LED drivers | Constant Current Transformer | Constant Voltage Transformer | Konstantstrom-Transformatoren | Konstantstrom_Transformator | LED_Transformers | Lighting Parts | TRANSFORMER | Transformatoren & Netzteile | Transformer | Transformers,12.57,0.00,LIKELY EXCLUDE,,,
Huttenlampen,396303127378,CL3RBM,,,Cable | Cables | Cables & LED drivers | Electrical Wires & Cable | Multi-Core Cables | Vintage Cable | Vintage_Cables | cable,12.56,0.00,LIKELY EXCLUDE,,,
Electricalsone,265660318554,CL2TAG-IDE,CL2/3T core Twisted Kabel,CL2/3T core Twisted Kabel,ELECTRONIC_CABLE | ELECTRONIC_WIRE | POWER_CORD | Textilkabel | Textilkabel 3-adrig Gedreht | Textilkabel 3-adrig Rund | cable,12.53,0.00,LIKELY EXCLUDE,,,
Huttenlampen,394193694878,CCGNNWE36-IDE,900mA-36W-48W,900mA-36W-48W,Constant_Voltage_Transformer,12.52,0.00,LIKELY EXCLUDE,,,
ledsone uk de,165196066214,CMWH-IDE,,,Dekorative Glühbirnen | LED Module,12.46,0.00,LIKELY EXCLUDE,,,
Ledsone,164891159506,LDMG80B224,G80 E27 B22 Light Bulbs,G80 E27 B22 Light Bulbs,B22 Base LED Bulb | B22_Base_Bulb | Bulb | Bulb_B22_Base B | Dekorative Glühbirnen | E27 Base Bulb B | E27_Base_Bulb | LED Bulb | LED Light Bulb | LED bulbs | LED_Bulbs | LIGHT_BULB | Light Bulbs (General-Purpose) | PRODUCT,12.24,0.00,LIKELY EXCLUDE,,,
Electricalsone,266190328455,12RPIP45100,Rainproof Transformer IP45,Rainproof Transformer IP45,Cables & LED drivers | DC 12V Transformer | LED_Transformers | POWER_SUPPLY | TRANSFORMER | Transformatoren & Netzteile | Transformer | Transformers,12.21,0.00,LIKELY EXCLUDE,,,
Electricalsone,266203491554,CL2RHE5PK,Hemp Silk Braided 2/3 core,Hemp Silk Braided 2/3 core,Cable | Cables | Cables & LED drivers | ELECTRONIC_WIRE | Electrical Wires & Cable | Multi-Core Cables | Textilkabel 2-adrig Rund | Vintage Cable | Vintage_Cables | cable,12.02,0.00,LIKELY EXCLUDE,,,
Electricalsone,265855227556,12IP20100,LED Driver Power Supply Transformer,LED Driver Power Supply Transformer,Cables & LED drivers | Constant Voltage Transformer | DC 12V Transformer | ELECTRIC_LIGHT | LED_Transformers | POWER_SUPPLY | PRODUCT | Power Supply | SYSTEM_POWER_DEVICE | TRANSFORMER | Transformatoren & Netzteile | Transformer | Transformer_LED | Transformers,11.94,0.00,LIKELY EXCLUDE,,,
Sunsone,313751609152,12IP20100,LED Driver Power Supply Transformer / Adaptor,LED Driver Power Supply Transformer / Adaptor,Cables & LED drivers | Constant Voltage Transformer | DC 12V Transformer | DC 5V Transformer | ELECTRIC_LIGHT | LED_Transformers | POWER_SUPPLY | PRODUCT | Power Supply | SYSTEM_POWER_DEVICE | TRANSFORMER | Transformatoren & Netzteile | Transformer | Transformer_LED | Transformers,11.89,0.00,LIKELY EXCLUDE,,,
Electricalsone,265660324860,12IP6710-IDE,DC 12V 24V LED Transformator IP67,DC 12V 24V LED Transformator IP67,Dc 12V Transformator | Gleichstrom-Netzteile | TRANSFORMER | Transformatoren & Netzteile,11.88,0.00,LIKELY EXCLUDE,,,
Ledsone,164564309497,LDCWB2212,B22 E27 Bulbs Cool/Warm,B22 E27 Bulbs Cool/Warm,B22 Base Bulb | B22 Base Bulb B | Bulb | Bulb B22 Base B | Bulb_B22_Base | Bulb_B22_Base B | Bulb_E27_And_B22_Base | Bulb_E27_Base | E27 Base Bulb B | E27_Base_Bulb | LED | LED Bulb | LED Bulbs | LED bulbs | LED_Bulbs | LIGHT_BULB | Light Bulbs (General-Purpose) | PRODUCT,11.78,0.00,LIKELY EXCLUDE,,,
Ledsone,164956221648,24IP2024,,LED Driver Adapter AC 110 -240V - DC 24V  24W Transformer Power Supply LED Strip,Cables & LED drivers | Constant Voltage Transformer | LED_Transformers | Transformatoren & Netzteile | Transformer | Transformer_LED | Transformers,11.78,0.00,LIKELY EXCLUDE,,,
Electricalsone,265669554838,LHRIE14BM,Small Edison Screw SES E14 Light Bulb Lamp Holder,Small Edison Screw SES E14 Light Bulb Lamp Holder,"Lamp shades, holders & accessories | Lamp_Holder",11.78,0.00,LIKELY EXCLUDE,,,
Ledsone,162724335943,ICC35E1460,E27 3W Vintage bulb,E27 3W Vintage bulb,Bulb | Bulb_B22_Base B | Bulb_E14_Base | Bulb_E27_Base | E14 Base Bulb B | E14_Base_Bulb | E26_Base_Bulb | E27 Base Bulb B | E27_Base_Bulb | Incandescent_Bulb | LED Bulb | LED Bulbs | LED bulbs | LIGHT_BULB | Light Bulbs | Light Bulbs (General-Purpose),11.60,0.00,LIKELY EXCLUDE,,,
Ledsone,164480435515,LDWWB2212,Warm white LED Light Bulbs,Warm white LED Light Bulbs,B22 Base Bulb B | Bulb | Bulb B22 Base B | Bulb_B22_Base | Bulb_B22_Base B | Bulb_E27_And_B22_Base | Bulb_E27_Base | E27 Base Bulb B | E27_Base_Bulb | LED | LED Bulb | LED Bulbs | LED bulbs | LED_Bulbs | LIGHT_BULB | Light Bulbs (General-Purpose),11.49,0.00,LIKELY EXCLUDE,,,
Huttenlampen,393901750880,CCBKNWE36-IDE,,LED Trafo Netzteil Treiber 240V DC75 135V  36W Transformator Konstantstrom,Konstantstrom-Transformatoren,11.47,0.00,LIKELY EXCLUDE,,,
Ledsone,165479339052,CRSF100BM+PHBK1PBRBA,E27 Holder Pendant Set,E27 Holder Pendant Set,Ceiling Light Fixtures | Ceiling Lights & Chandeliers | Ceiling Pendant Lights | Ceiling_Lamp_Lights | LIGHT_BULB_SOCKET | LIGHT_FIXTURE | PRODUCT | Pendant Lamp | Pendant Lighting | Pendant light | Pendant lighting | Pendant_Holder | Pendant_Lamp_Lights | Pendant_Light | Pendelleuchten | pendant li,11.19,0.00,LIKELY EXCLUDE,,,
Ledsone,163251793135,LHCCE27BL+CGMLBM,E27 Bulb Holder,E27 Bulb Holder,"Ceramic_Holders | Downlight Lampholders | Lamp Holders | Lamp shades, holders & accessories | Lamp_Holder | Lampenfassungen Metall | Lighting Parts | light holder",10.98,0.00,LIKELY EXCLUDE,,,
Ledsone,164825665828,LDMT185E274,,Vintage Filament LED Edison Bulb Dimmable E27 4W Decorative Industrial Light A,Bulb | E27_Base_Bulb | LED Bulbs | LED bulbs | LED_Bulbs | LIGHT_BULB | Light Bulbs (General-Purpose),10.98,0.00,LIKELY EXCLUDE,,,
Electricalsone,265744900748,CRSF100BM+PHBK1PBRBA,PENDANT LAMP BULB HOLDER UK,PENDANT LAMP BULB HOLDER UK,Ceiling Light Fixtures | Ceiling Lights & Chandeliers | Ceiling Pendant Lights | Ceiling_Lamp_Lights | LIGHT_BULB_SOCKET | LIGHT_FIXTURE | PRODUCT | Pendant Lamp | Pendant Lighting | Pendant light | Pendant lighting | Pendant_Holder | Pendant_Lamp_Lights | Pendelleuchten | pendant lightss,10.88,0.00,LIKELY EXCLUDE,,,
Electricalsone,266190305943,CL2RHE5PK,Hemp Silk Braided 2/3 core,Hemp Silk Braided 2/3 core,Cable | Cables | Cables & LED drivers | ELECTRONIC_WIRE | Electrical Wires & Cable | Multi-Core Cables | Textilkabel 2-adrig Rund | Vintage Cable | Vintage_Cables | cable,10.88,0.00,LIKELY EXCLUDE,,,
Ledsone,162295182208,CL2RGR,CL3RBL,CL3RBL,Cable | Cable Ties | Cables | Cables & LED drivers | ELECTRONIC_WIRE | Electric round cable | Electrical Wires & Cable | Multi-Core Cables | Textilkabel 3-adrig Gedreht | Vintage Cable | Vintage_3Core_Twisted_Cable | Vintage_Cables | cable,10.62,0.00,LIKELY EXCLUDE,,,
Sunsone,317089948724,12SAN15,,,Cables & LED drivers | Constant Voltage Transformer | LED_Transformers | PRODUCT | TRANSFORMER | Transformers,10.50,0.00,LIKELY EXCLUDE,,,
ledsone de,405328319835,CL3RAG-IDE,Rundkabel 3-adriges,Rundkabel 3-adriges,Textilkabel | Textilkabel 3-adrig Gedreht,10.47,0.00,LIKELY EXCLUDE,,,
Electricalsone,265704633193,LDMA60E274-IDE,LDM E27 4W Bulbs,LDM E27 4W Bulbs,Bulb | Bulb_B22_Base B | Bulb_E14_Base | Bulb_E27_Base | Dekorative Glühbirnen | E14_Base_Bulb | E27 Base Bulb B | E27 Bulb | E27_Base_Bulb | Glühbirne E27 | LED | LED Bulb | LED Bulbs | LED Glühbirnen | LED Light Bulb | LED bulbs | LED_Bulbs | LIGHT_BULB | Light Bulbs | Light Bulbs (General-Purpose,10.08,0.00,LIKELY EXCLUDE,,,
Electricalsone,265660316519,LDG95E278-IDE,E27/B22/ E14 Bulb,E27/B22/ E14 Bulb,Dekorative Glühbirnen | Glühbirne E14 | LED Bulb | LED Glühbirnen | LIGHT_BULB | Light Bulbs,10.02,0.00,LIKELY EXCLUDE,,,
Huttenlampen,396889603298,CL2TAG,CL3TLP,CL3TLP,Cable | Cable Ties | Cables | Cables & LED drivers | ELECTRONIC_WIRE | Electic cable | Electrical Wires & Cable | Lighting Parts | Multi-Core Cables | Textilkabel 3-adrig Gedreht | Twisted Vintage fabric Cable | Vintage_3Core_Twisted_Cable | Vintage_Cables | cable,9.91,0.00,LIKELY EXCLUDE,,,
Electricalsone,266191726791,COI9BBL2PK,Waterproof Junction Box Connector,Waterproof Junction Box Connector,Andere | Cable Connectors (Single Sizes) | Connector | Connectors & junction boxes | ELECTRICAL_HOUSING | Junction Boxes & Connectors | Water Proof Junction Box,9.89,0.00,LIKELY EXCLUDE,,,
Ledsone,162603277373,CRSFDUMMYSKU,Wire Cage lampshade,Wire Cage lampshade,"Cages | Easy_Fit_Lamp_Shades | LAMPSHADE | LED_Lights | LIGHT_FIXTURE | Lamp Shade | Lamp shades, holders & accessories | Lamp_Holder | Lampenschirme | Lampshade | Lampshades & Lightshades | Light Shades | Lighting Accessories | Wall Light | Wire Cage | cage | cage light | home-applications | mail b",9.88,0.00,LIKELY EXCLUDE,,,
Ledsone,163994684843,CCGNNWE36,,LED Driver Power Supply Transformer 36 Watt 240V - DC 25 - 42V LED MR16 Lights,Constant Current Transformer | LED_Transformers | TRANSFORMER,9.79,0.00,LIKELY EXCLUDE,,,
Sunsone,314077202792,PHHR1BMTBM,E27 Holder Ceiling Light Lamp Vintage Retro,E27 Holder Ceiling Light Lamp Vintage Retro,Ceiling Lights & Chandeliers | Ceiling Pendant Lights | Hemp_Rope_Lamp_Lighting | LIGHT_BULB_SOCKET | LIGHT_FIXTURE | Lighting Accessories | Pendant Holder | Pendant Lighting | Pendant Lights | Pendant light | Pendant_Holder | Pendant_Lamp_Lights | Pendelleuchten,9.79,0.00,LIKELY EXCLUDE,,,
Ledsone,163753175957,ICG125E2760,E27 Bulbs,E27 Bulbs,AUDIO_OR_VIDEO | B22_Base_Bulb | Bulb | Bulb_B22_Base | Bulb_B22_Base B | Bulb_E27_Base | Dekorative Glühbirnen | E26_Base_Bulb | E27 Base Bulb B | E27_Base_Bulb | Glühbirne E27 | Incandescent_Bulb | LED | LED Bulb | LED Light Bulb | LED bulbs | LED_Bulbs | LIGHT_BULB | Light Bulbs (Appliance) | Lig,9.69,0.00,LIKELY EXCLUDE,,,
Electricalsone,266203699821,CCGNNSWE48-IDE,,,Constant_Voltage_Transformer,9.66,0.00,LIKELY EXCLUDE,,,
ledsone uk de,165236128312,CCGNNSWE48-IDE,,LED Treiber Netzteil 48W 600mA Transformer Konstant Aktuelle Adapter DC45-65V,Constant_Voltage_Transformer,9.59,0.00,LIKELY EXCLUDE,,,
Ledsone,166880575337,LDGU10CD5,,,Bulb | LED_Bulbs | LIGHT_BULB | Light Bulbs (General-Purpose),9.59,0.00,LIKELY EXCLUDE,,,
ledsone uk de,166343077632,LDLIE14FL4-IDE,LDLIE27,LDLIE27,Dekorative Glühbirnen,9.48,0.00,LIKELY EXCLUDE,,,
Sunsone,313970190857,CRFF140BB,Pendant Cable Grip,Pendant Cable Grip,"Ceiling Rose | Ceiling Roses | Ceiling_rose | ELECTRIC_LIGHT | LIGHT_BULB_SOCKET | LIGHT_FIXTURE | Lamp shades, holders & accessories | Lighting Fixtures | Single_Outlet_Ceiling_Rose | TOOLS",9.34,0.00,LIKELY EXCLUDE,,,
ledsone de,405328319911,CMWH-IDE,CMWH-DC12V COB Modul LED Stripe,CMWH-DC12V COB Modul LED Stripe,Dekorative Glühbirnen,9.29,0.00,LIKELY EXCLUDE,,,
ledsone uk de,166994530693,LDMC35E142-IDE,,,Dekorative Glühbirnen | Glühbirne E14 | LED Glühbirnen | LIGHT_BULB | Light Bulbs,9.23,0.00,LIKELY EXCLUDE,,,
Electricalsone,265973923981,CCGNNWE36-IDE,,DC Netzteil LED DriverKonstantstrom 36W 900mA Hochleistungs Gleichstromanschluss,Constant_Voltage_Transformer,9.06,0.00,LIKELY EXCLUDE,,,
ledsone de,405328319824,LDMG125E278-IDE,E27 LED Edison 4W / 8W,E27 LED Edison 4W / 8W,Bulb | Bulb_B22_Base B | Bulb_E27_Base | Dekorative Glühbirnen | E27 Base Bulb B | E27_Base_Bulb | LED Bulb | LED Glühbirnen | LED Light Bulb | LED bulbs | LED_Bulbs | LIGHT_BULB | Light Bulbs | Light Bulbs (General-Purpose),8.71,0.00,LIKELY EXCLUDE,,,
Ledsone,163058083283,CL2RBK,CL2RBL,CL2RBL,Cable | Cables | Cables & LED drivers | ELECTRONIC_WIRE | Electrical Wires & Cable | Multi-Core Cables | Vintage_2Core_Round_Cable | Vintage_Cables | cable,8.61,0.00,LIKELY EXCLUDE,,,
ledsone uk de,165236131308,5IP20102PK,DC5V Driver AC 230V 10W/20W,DC5V Driver AC 230V 10W/20W,Cables & LED drivers,8.46,0.00,LIKELY EXCLUDE,,,
ledsone uk de,165236125897,12BO18-IDE,Ultra slim waterproof led transforner,Ultra slim waterproof led transforner,TRANSFORMER | Transformatoren & Netzteile,8.24,0.00,LIKELY EXCLUDE,,,
ledsone uk de,166575472784,LDG9D33C3-IDE,sku not assigneds,sku not assigneds,Dekorative Glühbirnen,8.06,0.00,LIKELY EXCLUDE,,,
Ledsone,165012838311,12UK3P10A,1A 2A Power adapter,1A 2A Power adapter,CHARGING_ADAPTER | Cables & LED drivers | Lighting Parts | Netzteiladapter | Other Surveillance Parts & Accessories | PRODUCT | Power_Supply_Adapter | Transformers,7.99,0.00,LIKELY EXCLUDE,,,
Ledsone,166166947132,CCGNNWE36,,LED Driver Power Supply Transformer 36 Watt 240V - DC 25 - 42V LED MR16 Lights,Constant Current Transformer | LED_Transformers | TRANSFORMER,7.89,0.00,LIKELY EXCLUDE,,,
ledsone uk de,163988460419,12ASIP20100-IDE,12 V LED Netzteil Trafo,12 V LED Netzteil Trafo,DC 5V Transformer | POWER_SUPPLY | Stromwandler | TRANSFORMER | Transformatoren & Netzteile,7.79,0.00,LIKELY EXCLUDE,,,
Sunsone,316700274330,CCBKNWE40,,LED Driver Trafo DC 12V Treiber Transformator Treiber Netzteil 40W 300 mA Trafo,LED_Transformers | TOOLS | Transformer_LED,7.75,0.00,LIKELY EXCLUDE,,,
Electricalsone,267011409862,CL3RAG,sku not assigneds,sku not assigneds,Cable | Cable Ties | Cables | Cables & LED drivers | ELECTRONIC_WIRE | Electrical Wires & Cable | Flexible Conduit Lengths | Lighting Parts | Multi-Core Cables | Textilkabel 3-adrig Gedreht | Vintage Cable | Vintage_3Core_Round_Cable | Vintage_3Core_Twisted_Cable | Vintage_Cables | cable,7.51,0.00,LIKELY EXCLUDE,,,
Ledsone,165006095164,LDMG125E278,Vintage Edison LED Light bulbs,Vintage Edison LED Light bulbs,Bulb | Bulb_B22_Base B | Bulb_E27_Base | Dekorative Glühbirnen | E27 Base Bulb B | E27 Bulb | E27_Base_Bulb | Glühbirne E27 | LED | LED Bulb | LED Light Bulb | LED bulbs | LED_Bulbs | LIGHT_BULB | Light Bulbs (Appliance) | Light Bulbs (General-Purpose) | PRODUCT,7.49,0.00,LIKELY EXCLUDE,,,
ledsone de,405328533667,12BO18-IDE,Blue and Orange case PSU,Blue and Orange case PSU,Cables & LED drivers | TRANSFORMER | Transformatoren & Netzteile,7.45,0.00,LIKELY EXCLUDE,,,
Electricalsone,267186379048,CRSF100BL+PHTT1PWRBL,,,Ceiling Pendant Lights | Ceiling_Lamp_Lights | LIGHT_BULB_SOCKET | LIGHT_FIXTURE | Pendant Light | Pendant_Holder | pendant lightss,7.10,0.00,LIKELY EXCLUDE,,,
Ledsone,164132412290,CCBKNWE48,,Constant Current LED Driver Power Supply DC30- 42V 48W 1000mA LED Transformer,Constant Voltage Transformer | LED_Transformers | TRANSFORMER | Transformers,7.09,0.00,LIKELY EXCLUDE,,,
Ledsone,167727054089,LDSG95DIE274,Q3-M9IE-6TF5,Q3-M9IE-6TF5,Bulb | E27_Base_Bulb | LED Bulb | LED Light Bulb | LED Light Bulbs | LED bulbs | LED_Bulbs | LIGHT_BULB | Light Bulbs (General-Purpose) | PRODUCT,6.93,0.00,LIKELY EXCLUDE,,,
Ledsone,162695185211,LDMG95E274,,Vintage Industrial Retro Dimmable LED Filament Light Bulb Antique E27 4W G95,Bulb | Bulb_E27_Base | E27 Base Bulb B | E27_Base_Bulb | LED Bulb | LED bulbs | LED_Bulbs | LIGHT_BULB | Light Bulbs (General-Purpose),6.89,0.00,LIKELY EXCLUDE,,,
ledsone de,405328319966,CL2RBK,2 Core Round and Twisted Cable,2 Core Round and Twisted Cable,Cable | Cables | Cables & LED drivers | ELECTRONIC_WIRE | Electic cable | Electric round cable | Electrical Wires & Cable | Multi-Core Cables | Textilkabel 2-adrig Rund | Twisted Vintage fabric Cable | Vintage_2Core_Round_Cable | Vintage_Cables | cable | cables,6.86,0.00,LIKELY EXCLUDE,,,
Sunsone,316700281631,CRSF2003BM-IDE,CRSF2003-IDE,CRSF2003-IDE,Deckenrosette | HOME_ORGANIZERS_AND_STORAGE | LIGHT_BULB_SOCKET,6.80,0.00,LIKELY EXCLUDE,,,
Ledsone,164641619371,CO1210ACLAPK,wire connector,wire connector,12 way connectors | Connector | Connectors & junction boxes | Junction Boxes & Connectors | TERMINAL_BLOCK,6.79,0.00,LIKELY EXCLUDE,,,
ledsone de,405328319879,CL2RAG-IDE,Rundkabel,Rundkabel,ELECTRONIC_WIRE | Textilkabel 2-adrig Rund,6.78,0.00,LIKELY EXCLUDE,,,
Electricalsone,266190383240,LDMST64E278,Vintage LED Light Bulbs Industrial E27 ST64 8W,Vintage LED Light Bulbs Industrial E27 ST64 8W,Bulb | Bulb_E27_Base | E27 Base Bulb B | E27_Base_Bulb | LED | LED Bulb | LED Light Bulb | LED bulbs | LED_Bulbs | LIGHT_BULB | Light Bulbs (General-Purpose),6.69,0.00,LIKELY EXCLUDE,,,
Electricalsone,267326908326,12IP6710-IDE,,,Dc 12V Transformator | TRANSFORMER | Transformatoren & Netzteile,6.68,0.00,LIKELY EXCLUDE,,,
Ledsone,163147333606,CL3TBW,CL3TRH,CL3TRH,Cables | Cables & LED drivers | Electrical Wires & Cable | Multi-Core Cables | Vintage_Cables | cable,6.58,0.00,LIKELY EXCLUDE,,,
Electricalsone,266962106478,CL2RBK,sku not assigned,sku not assigned,Cable | Cables | Cables & LED drivers | ELECTRONIC_WIRE | Electric round cable | Electrical Wires & Cable | Light Bulbs (Appliance) | Multi-Core Cables | Textilkabel 2-adrig Rund | Twisted Vintage fabric Cable | Vintage_Cables | cable | cables,6.57,0.00,LIKELY EXCLUDE,,,
Ledsone,164324565043,12BO100-IFR,18-100W Transformer orange,18-100W Transformer orange,TRANSFORMER,6.50,0.00,LIKELY EXCLUDE,,,
Ledsone,162438144738,LDMG95B228,,LEDSone Light Bulbs Filament Style Squirrel Cage G95 8W B22 Bayonet Edison Bulbs,B22_Base_Bulb | Bulb | Bulb_B22_Base | Bulb_B22_Base B | LED Bulb | LED Light Bulb | LED bulbs | LED_Bulbs | LIGHT_BULB | Light Bulbs | Light Bulbs (General-Purpose),6.49,0.00,LIKELY EXCLUDE,,,
Sunsone,313524411080,ICC35E14602PK,2 X 40W / 60W Bulbs,2 X 40W / 60W Bulbs,Bulb | Bulb_B22_Base B | Incandescent_Bulb | LED | LIGHT_BULB,6.46,0.00,LIKELY EXCLUDE,,,
ledsone de,406056242844,LDMG125B228,,,B22 Base Bulb B | B22 Base LED Bulb | B22_Base_Bulb | Bulb | Bulb_B22_Base | Bulb_B22_Base B | Glühbirne B22 | LED Bulb | LED Bulbs | LED Light Bulb | LED bulbs | LED_Bulbs | LIGHT_BULB | Light Bulbs (Appliance) | Light Bulbs (General-Purpose) | PRODUCT,6.34,0.00,LIKELY EXCLUDE,,,
Ledsone,163740896942,CL3RBD,,3 Core Round Vintage Italian Braided Fabric Cable Flex 0.75mm Dark Blue UK,Cables | Cables & LED drivers | Electrical Wires & Cable | Multi-Core Cables | Vintage_Cables | cable,6.18,0.00,LIKELY EXCLUDE,,,
ledsone uk de,164014310160,24IP6710,DC24V Waterproof IP67,DC24V Waterproof IP67,Cables & LED drivers | Constant Voltage Transformer | LED_Transformers | TRANSFORMER | Transformer | Transformers,6.13,0.00,LIKELY EXCLUDE,,,
Electricalsone,266190316916,CL2RBM5PK,2/ 3 Core Fabric Cable Flex Cord Vintage,2/ 3 Core Fabric Cable Flex Cord Vintage,Cable | Cables | Cables & LED drivers | ELECTRONIC_WIRE | Electrical Wires & Cable | Flexible Conduit Lengths | Light Bulbs (Appliance) | Multi-Core Cables | Vintage Cable | Vintage_3Core_Twisted_Cable | Vintage_Cables | cable | cables,6.09,0.00,LIKELY EXCLUDE,,,
Ledsone,162069792522,CCBC12,Constant Current LED Driver,Constant Current LED Driver,Cables & LED drivers | Constant Current Transformer | Konstantstrom_Transformator | LED_Transformers | TRANSFORMER | Transformatoren & Netzteile | Transformers,5.99,0.00,LIKELY EXCLUDE,,,
ledsone de,405328319843,CL3TAG-IDE,3-adriges verdrehtes,3-adriges verdrehtes,Cables | Cables & LED drivers | ELECTRONIC_CABLE | ELECTRONIC_WIRE | Electrical Wires & Cable | Flexible Conduit Lengths | Multi-Core Cables | Textilkabel 3-adrig Gedreht | Vintage Cable | Vintage_3Core_Twisted_Cable | Vintage_Cables | cable,5.98,0.00,LIKELY EXCLUDE,,,
Ledsone,163729638849,CRSF100WH,,Industrial White Ceiling Rose 10cm Pendant Light Fitting Canopy for Fabric Cable,"Ceiling Rose | Ceiling Roses | Ceiling_rose | LIGHT_BULB_SOCKET | LIGHT_FIXTURE | Lamp shades, holders & accessories | Lighting Accessories | Single_Outlet_Ceiling_Rose",5.89,0.00,LIKELY EXCLUDE,,,
Ledsone,162689923270,ICG125B2240,Fillament Bulb,Fillament Bulb,B22_Base_Bulb | Bulb_B22_Base | Bulb_B22_Base B | Bulb_E14_Base | Bulb_E27_Base | Dekorative Glühbirnen | E14_Base_Bulb | E26_Base_Bulb | E27 Base Bulb B | E27_Base_Bulb | Incandescent_Bulb | LED | LED Bulb | LED Bulbs | LIGHT_BULB,5.86,0.00,LIKELY EXCLUDE,,,
ledsone uk de,165236135767,12IP6710-IDE,12V Waterproof IP67 Small LED Driver,12V Waterproof IP67 Small LED Driver,TRANSFORMER | Transformatoren & Netzteile,5.83,0.00,LIKELY EXCLUDE,,,
ledsone uk de,164698291969,LDMG125B228-IDE,B22 Bulbs,B22 Bulbs,Dekorative Glühbirnen | LIGHT_BULB,5.73,0.00,LIKELY EXCLUDE,,,
Electricalsone,265660318501,CL2TBK-IDE,CL2T,CL2T,BRA | ELECTRONIC_WIRE | Textilkabel 3-adrig Rund | cable,5.70,0.00,LIKELY EXCLUDE,,,
Ledsone,164324173201,12UK3PON,,1m IEC Kettle Lead Mains Power Cable UK For LCD PC's TFT TV's IEC,Cables & LED drivers | Other TV & Home Audio Accs.,5.39,0.00,LIKELY EXCLUDE,,,
Electricalsone,265979166968,HRE1428BM2PK,Ring Adaptor E27 / E14 Lamp Bulb Holder,Ring Adaptor E27 / E14 Lamp Bulb Holder,"Hooks and Rings | LAMPSHADE | Lamp shades, holders & accessories | Lighting Fixtures",5.39,0.00,LIKELY EXCLUDE,,,
ledsone uk de,164666804917,5IP2010-IDE,IP20 5V Transformer,IP20 5V Transformer,DC 5V Transformer | Stromwandler | TRANSFORMER | Transformatoren & Netzteile,4.78,0.00,LIKELY EXCLUDE,,,
Sunsone,317016501365,CL2RAG,2C-Round,2C-Round,2_Core_Round_Cable | Cable | Cables | Cables & LED drivers | ELECTRONIC_WIRE | Electric round cable | Electrical Wires & Cable | Multi-Core Cables | Textilkabel 2-adrig Rund | Vintage_Cables | cable | cables,4.50,0.00,LIKELY EXCLUDE,,,
Electricalsone,265660313952,CL2RAG,2C-Round,2C-Round,2_Core_Round_Cable | Cable | Cables | Cables & LED drivers | ELECTRONIC_WIRE | Electric round cable | Electrical Wires & Cable | Multi-Core Cables | Textilkabel 2-adrig Rund | Vintage_Cables | cable | cables,4.50,0.00,LIKELY EXCLUDE,,,
Electricalsone,266194815556,LCCA2C,LED Strip Light Accessories,LED Strip Light Accessories,2 Pin LED Light Connector | DC Female Plug Cable | LED Light | LED strips & modules | Lighting Accessories,4.36,0.00,LIKELY EXCLUDE,,,
Electricalsone,267187328766,CL2BAG,,,2_Core_Round_Cable | Cables | Cables & LED drivers | ELECTRONIC_WIRE | Electric round cable | Electrical Wires & Cable | Multi-Core Cables | Vintage_Cables | cable,3.57,0.00,LIKELY EXCLUDE,,,
Huttenlampen,394645412352,CL2RBD-IDE,2-3-adriges Rundkabel,2-3-adriges Rundkabel,ELECTRONIC_WIRE | Textilkabel 2-adrig Rund | Textilkabel 3-adrig Gedreht,3.44,0.00,LIKELY EXCLUDE,,,
Ledsone,164002855928,CRSFDUMMYSKU,All style E27 Metal bulb Holder,All style E27 Metal bulb Holder,"Downlight Lampholders | LAMP | LAMPSHADE | LED_Lights | LIGHT_BULB_SOCKET | LIGHT_FIXTURE | Lamp Holder | Lamp Holders | Lamp shades, holders & accessories | Lamp_Holder | Lampenfassungen Metall | Lampshades & Lightshades | Lighting Accessories | Wall Light | cage light | home-applications | mail ba",3.29,0.00,LIKELY EXCLUDE,,,
Electricalsone,265632302384,CL3RBK,,Dark Brown Electrical Vintage Round 3 Core Cable Braided Fabric Lighting Flex,Cables | Cables & LED drivers | Electrical Wires & Cable | Multi-Core Cables | Vintage_Cables,3.28,0.00,LIKELY EXCLUDE,,,
Electricalsone,265750044855,CL2FRYE,Cable Lighting Lamp Flex Vintage,Cable Lighting Lamp Flex Vintage,Cable Ties | Cables | Cables & LED drivers | ELECTRONIC_WIRE | Electrical Wires & Cable | Vintage_3Core_Twisted_Cable | Vintage_Cables,3.19,0.00,LIKELY EXCLUDE,,,
ledsone de,405328319874,CL2RGD-IDE,Gold Kabel,Gold Kabel,ELECTRONIC_WIRE | Textilkabel 2-adrig Rund | Textilkabel 3-adrig Gedreht | Textilkabel 3-adrig Rund | cable,3.19,0.00,LIKELY EXCLUDE,,,
Sunsone,312959065511,CL2RBK5PK,Fabric Cable Flexible,Fabric Cable Flexible,Cable | Cables | Cables & LED drivers | ELECTRONIC_WIRE | Electic cable | Electrical Wires & Cable | Light Bulbs (Appliance) | Multi-Core Cables | Textilkabel 2-adrig Rund | Vintage_Cables | cable | cables,2.89,0.00,LIKELY EXCLUDE,,,
Sunsone,313614826199,CL3TAG,3 Core Fabric Cable,3 Core Fabric Cable,Cable | Cable Ties | Cables | Cables & LED drivers | ELECTRONIC_WIRE | Electrical Wires & Cable | Multi-Core Cables | Textilkabel 3-adrig Gedreht | Vintage_3Core_Twisted_Cable | Vintage_Cables | cable,2.87,0.00,LIKELY EXCLUDE,,,
ledsone uk de,164686694666,CL3RAG-IDE,3 adrig Pendelleitung Stromkabel,3 adrig Pendelleitung Stromkabel,ELECTRONIC_WIRE | Textilkabel | Textilkabel 3-adrig Gedreht,2.58,0.00,LIKELY EXCLUDE,,,
Sunsone,316699359716,CL2RBK2PK-IDE,,,Cables & LED drivers,2.50,0.00,LIKELY EXCLUDE,,,
